Ticker,Name,Sector,Business Type,Price,Quality Score,Safety Score,Value Score,Composite Score,F-Score,Altman Z,Earnings Yield (EBIT/EV),ROC (Greenblatt),Acquirers Multiple,Net-Net Pass,NCAV per Share,EPV per Share,IV Bear,IV Base,IV Bull,MOS Bear,MOS Base,MOS Bull,Blended IV,MOS Blended,Upside Blended,Verdict,Reasons,Red Flags,Comparables IV,Justified PB IV,Quarters Stale,Latest Filing,Peer Group,Peer Count,Peer PE Median,Peer EV/EBIT Median,Peer PB Median
AADI,Adaro Andalan Indonesia Tbk.,Energy,Cyclical,9225.0,60.0,88.9,96.2,81.7,4,4.6751007507720015,0.27361481780654834,0.2727005650112705,3.65477282267301,False,-438.5991759454381,24384.387635984596,11534.57823854653,17979.33652928538,25013.404699725903,0.20023083556088128,0.4869109889025108,0.6311977473382068,21983.899099219205,0.5803747115848233,1.3830784931402933,BUY,"MOS 58%, quality and balance sheet both pass",,20652.793251232764,,1.45,2026-03-31,"Energy | Oil, Gas & Coal | Coal | Coal Production",26,15.378032536083092,8.15902719908333,1.327597648369335
AALI,Astra Agro Lestari Tbk.,Consumer Non-Cyclicals,Ordinary,7350.0,53.3,100.0,100.0,84.4,9,10.494098790054228,0.2990825005356095,0.1400912791659058,3.343559045444511,False,3507.994416761419,9980.473700906656,7686.149205766789,10632.144150472253,13770.402801080798,0.04373441066100852,0.30870011768289174,0.46624655021542866,10975.056894050545,0.33029959926819585,0.49320501959871366,BUY,"MOS 33%, quality and balance sheet both pass",,12916.133754177261,,0.45,2026-06-30,Consumer Non-Cyclicals | Food & Beverage | Agricultural Products | Plantations & Crops,26,8.531657563897525,6.89544177076508,1.5596099814498379
ABBA,Mahaka Media Tbk.,Consumer Cyclicals,Ordinary,30.0,45.0,23.3,20.0,29.4,3,-8.970254565409126,-0.1261029211687322,-0.15713913992295742,-7.930030412713029,False,-63.47194386745794,,,,,,,,12.883863139847138,-1.0,-0.5705378953384288,SKIP,MOS -100% below watch threshold 10%,Interest coverage -6.5x,12.883863139847138,,1.45,2026-03-31,Consumer Cyclicals | Media & Entertainment | Media,7,9.009775676765488,6.269351454515765,2.0515302456242384
ABDA,Asuransi Bina Dana Arta Tbk.,Financials,Financial,3850.0,60.0,83.3,52.5,65.3,6,,,,,False,,,1965.0915763298922,2705.4727133445713,3494.0025870193385,-0.9591962259542435,-0.4230415191438158,-0.10188813663253624,1755.5255371401622,-1.0,-0.5440193410025553,SKIP,MOS -100% below watch threshold 10%,,2060.1360736351608,1450.9150006451637,0.45,2026-06-30,Financials | Insurance | Insurance | General Insurance,7,10.281517474681191,,0.5473303505986757
ABMM,ABM Investama Tbk.,Energy,Cyclical,2720.0,30.0,52.1,100.0,60.7,5,2.6489512459275204,0.3687731670660853,0.10139217741793431,2.7116940420472533,False,-3928.912927552021,8476.929062843,2476.93227510889,6493.817284022894,10878.006994616739,-0.09813256798893484,0.5811400473659507,0.7499541964492152,7755.129708844097,0.6492644092208979,1.8511506282515064,WATCH,Cheap but business economics poor - value trap risk,Net debt/EBITDA 4.5x; Normalised EBIT 2.4x trailing - valuation assumes cycle recovery,7393.0057353933935,,0.45,2026-06-30,"Energy | Oil, Gas & Coal | Coal | Coal Production",26,15.378032536083092,8.15902719908333,1.327597648369335
ACES,Aspirasi Hidup Indonesia Tbk.,Consumer Cyclicals,Compounder,358.0,80.0,91.1,88.8,86.6,5,9.285347864487855,0.18593580611139943,0.15143870237169912,5.378200255849976,False,233.41232760375786,373.3478518972763,621.7947353566165,980.7040328448879,1363.6449302165413,0.42424729634502756,0.6349561253852591,0.7374683159323953,723.7136864331695,0.5053292390193603,1.0215466101485182,BUY,"MOS 51%, quality and balance sheet both pass",,803.0413005246704,,0.45,2026-06-30,Consumer Cyclicals | Retailing | Specialty Retail | Home Improvement Retail,4,18.938832366208775,14.064467156516635,1.1987329238996036
ACRO,Samcro Hyosung Adilestari Tbk.,Basic Materials,Cyclical,62.0,,,,,,,,,,False,,,,,,,,,,,,SKIP,No usable intrinsic value - cannot assess margin of safety,,,,,,Basic Materials | Chemicals | Specialty Chemical | Specialty Chemical,8,13.16483991901313,10.120677959093147,1.520943283857289
ACST,Acset Indonusa Tbk.,Infrastructures,Cyclical,84.0,43.3,20.6,20.0,28.0,2,-10.030228424349307,-0.26453515987862075,-2.451424698068007,-3.780215833913495,False,-52.453163030839804,,,,,,,,,,,SKIP,No usable intrinsic value - cannot assess margin of safety,Interest coverage -8.2x,,,0.45,2026-06-30,Infrastructures | Heavy Constructions & Civil Engineering | Heavy Constructions & Civil Engineering | Heavy Constructions & Civil Engineering,7,9.058166174021757,7.094076259920247,0.8993139336443662
ADCP,Adhi Commuter Properti Tbk.,Properties & Real Estate,Cyclical,50.0,30.0,20.6,20.0,23.5,2,-4.139294336521111,-0.908506308147575,-0.7976644697770057,-1.1007078223143862,False,-96.96617595616846,,,,,,,,14.485684171980768,-1.0,-0.7102863165603847,SKIP,MOS -100% below watch threshold 10%,Interest coverage -37.9x,14.485684171980768,,2.43,2025-12-31,Properties & Real Estate | Real Estate | Real Estate Development | Real Estate Development,35,12.379916854923529,9.504502268830333,0.7706297288148782
ADES,Akasha Wira International Tbk.,Consumer Non-Cyclicals,Compounder,35000.0,100.0,95.6,31.2,75.6,7,11.162771172932024,0.061631752219015346,0.4588149052589722,16.225402718494646,False,3004.17601280091,8066.101998765844,2417.810347899244,2895.2459761856917,3399.4828391548735,-13.475907934801565,-11.088782883349465,-9.295683683669118,9217.120211651418,-1.0,-0.7366537082385309,SKIP,MOS -100% below watch threshold 10%,Trailing EBIT 2.1x mid-cycle - possible peak earnings,20943.54448643638,,0.45,2026-06-30,Consumer Non-Cyclicals | Food & Beverage | Beverages,5,12.186474887692365,9.430863211296208,4.800185240922143
ADHI,Adhi Karya (Persero) Tbk.,Infrastructures,Cyclical,148.0,23.3,29.6,60.0,37.6,3,-1.4436318286315621,-0.5267851472081336,-0.46929151899050814,-1.8983071282472939,False,-833.8373255497606,,,,54.17568472496856,,,-1.7318528736894683,307.41712762206095,0.5185694396899335,1.0771427542031144,WATCH,Cheap but balance sheet weak - possible value trap,Interest coverage -6.3x,307.41712762206095,,0.45,2026-06-30,Infrastructures | Heavy Constructions & Civil Engineering | Heavy Constructions & Civil Engineering | Heavy Constructions & Civil Engineering,7,9.058166174021757,7.094076259920247,0.8993139336443662
ADMF,Adira Dinamika Multi Finance Tbk.,Financials,Financial,8650.0,77.5,77.8,100.0,85.1,5,2.817339941128306,0.050620144550754156,0.06558364936078988,19.754981122137107,False,-2488.064030080885,,,,4842.120269999007,,,-0.7864075069745786,9600.126722501442,0.09897022716111328,0.10984123959554237,SKIP,MOS 10% below watch threshold 10%,,8761.709109144353,10438.54433585853,0.45,2026-06-30,Financials | Financing Service | Consumer Financing | Consumer Financing,10,7.989408923865265,19.754981122137107,0.6942929524188031
ADMG,Polychem Indonesia Tbk.,Basic Materials,Cyclical,264.0,25.0,73.6,46.2,48.3,7,0.37055563745201536,0.06242528953674382,0.03129329539988104,16.01914876840732,False,109.14263224083057,,299.67212821045786,425.69105662599605,561.9538255577263,0.11903719049042007,0.37983193235852897,0.5302105119793676,274.6642932140336,0.03882664575450798,0.04039505005315758,SKIP,MOS 4% below watch threshold 10%,Trailing EBIT -0.2x mid-cycle - possible peak earnings,173.97978427272528,,0.45,2026-06-30,Basic Materials | Chemicals | Basic Chemicals | Basic Chemicals,8,8.598946032361429,6.137238035447713,1.0540245818465046
ADMR,Alamtri Minerals Indonesia Tbk.,Basic Materials,Cyclical,1610.0,65.0,80.7,48.5,64.7,3,4.430154889903768,0.1004395052900475,0.15804430525967803,9.956241790640217,False,-239.21629579637127,1171.9514677737134,,,,,,,1309.1643811645072,-0.22979208964415782,-0.1868544216369521,SKIP,MOS -23% below watch threshold 10%,,1537.852570149164,,1.45,2026-03-31,Basic Materials | Metals & Minerals | Diversified Metals & Minerals | Diversified Metals & Minerals,9,12.449518149274448,9.956241790640217,2.128841754446317
ADRO,Alamtri Resources Indonesia Tbk.,Energy,Cyclical,2530.0,56.7,88.9,63.8,69.8,4,6.814744736032334,0.154400101536957,0.11599515798704088,6.476679678611749,False,488.0629569840015,3562.116043682457,,,,,,,3741.9039578739557,0.32387361394559294,0.47901342208456743,BUY,"MOS 32%, quality and balance sheet both pass",,4041.550481526453,,1.45,2026-03-31,"Energy | Oil, Gas & Coal | Coal | Coal Production",26,15.378032536083092,8.15902719908333,1.327597648369335
AEGS,Anugerah Spareparts Sejahtera Tbk.,Consumer Cyclicals,Ordinary,42.0,,,,,,,,,,False,,,,,,,,,,,,SKIP,No usable intrinsic value - cannot assess margin of safety,,,,,,Consumer Cyclicals | Automobiles & Components | Auto Components | Auto Parts & Equipment,5,8.829144066661675,5.966440431315428,0.8529848809918651
AGAR,Asia Sejahtera Mina Tbk.,Consumer Non-Cyclicals,Ordinary,1100.0,,,,,,,,,,False,,,,,,,,,,,,SKIP,No usable intrinsic value - cannot assess margin of safety,,,,,,"Consumer Non-Cyclicals | Food & Beverage | Agricultural Products | Fish, Meat & Poultry",9,8.671024281367984,16.396383712344086,1.245367442390432
AGII,Samator Indo Gas Tbk.,Basic Materials,Cyclical,2950.0,58.3,51.3,18.8,42.8,6,2.3078443449953667,0.03735952224608815,0.06906421641383655,26.76693758054436,False,-810.2381644285007,,,,,,,,442.1031353514584,-1.0,-0.8501345303893362,SKIP,MOS -100% below watch threshold 10%,Net debt/EBITDA 5.2x; Interest coverage 1.4x,442.1031353514584,,0.45,2026-06-30,Basic Materials | Chemicals | Specialty Chemical | Specialty Chemical,8,13.16483991901313,10.120677959093147,1.520943283857289
AGRO,Bank Raya Indonesia Tbk.,Financials,Financial,154.0,15.0,72.2,65.0,50.7,4,,,,,False,,,,,,,,,93.9619200598217,-0.6389618251942333,-0.3898576619492098,SKIP,MOS -64% below watch threshold 10%,,93.9619200598217,,1.45,2026-03-31,Financials | Banks | Banks | Banks,39,13.481315257379515,,0.7861812292608251
AGRS,Bank IBK Indonesia Tbk.,Financials,Financial,62.0,36.7,61.1,70.0,55.9,2,,,,,False,,,,,,,,,42.53326536135444,-0.4576825802876861,-0.3139795909458961,SKIP,MOS -46% below watch threshold 10%,Earnings materially exceed cash generation,72.63619151438924,12.43033920831964,1.45,2026-03-31,Financials | Banks | Banks | Banks,39,13.481315257379515,,0.7861812292608251
AHAP,Asuransi Harta Aman Pratama Tbk.,Financials,Financial,94.0,,,,,,,,,,False,,,,,,,,,,,,SKIP,No usable intrinsic value - cannot assess margin of safety,,,,,,Financials | Insurance | Insurance | General Insurance,7,10.281517474681191,,0.5473303505986757
AIMS,Artha Mahiya Investama Tbk.,Financials,Financial,406.0,,,,,,,,,,False,,,,,,,,,,,,SKIP,No usable intrinsic value - cannot assess margin of safety,,,,,,Financials | Holding & Investment Companies | Investment Companies | Investment Companies,13,14.566398170997925,15.07996983497698,0.7997799244128763
AISA,FKS Food Sejahtera Tbk.,Consumer Non-Cyclicals,Ordinary,117.0,51.7,56.3,52.5,53.5,6,-2.454858247641938,0.09720067187075998,0.07541267610237636,10.287994730423476,False,-90.17505108432394,148.34249369980634,0.4288313268394438,15.703261243514621,32.17086730795237,-271.8345451399479,-6.450681625023623,-2.636830766172057,119.06209190875944,0.017319466470819944,0.01762471716888414,SKIP,MOS 2% below watch threshold 10%,,243.4436584656855,,0.45,2026-06-30,Consumer Non-Cyclicals | Food & Beverage | Processed Foods | Processed Foods,21,10.558880519242848,8.175622633576266,1.6206373241502938
AKKU,Anugerah Kagum Karya Utama Tbk.,Infrastructures,Cyclical,38.0,,,,,,,,,,False,,,,,,,,,,,,SKIP,No usable intrinsic value - cannot assess margin of safety,,,,,,Infrastructures | Heavy Constructions & Civil Engineering | Heavy Constructions & Civil Engineering | Heavy Constructions & Civil Engineering,7,9.058166174021757,7.094076259920247,0.8993139336443662
AKPI,Argha Karya Prima Industry Tbk.,Basic Materials,Cyclical,510.0,23.3,53.3,41.8,39.5,6,2.441644162147221,0.07554815275429466,0.04484941764945638,13.236591015696982,False,-744.1251610813157,,,,,,,,982.9632441227221,0.48116066083918907,0.9273789100445533,WATCH,Cheap but business economics poor - value trap risk,Net debt/EBITDA 10.3x,982.9632441227221,,1.45,2026-03-31,Basic Materials | Containers & Packaging | Containers & Packaging | Containers & Packaging,9,19.006084751788784,13.236591015696982,0.9401486583379153
AKRA,AKR Corporindo Tbk.,Energy,Cyclical,1415.0,41.7,89.6,79.8,70.4,7,3.1435665556767187,0.13760894197046486,0.26471851887576064,7.266969614624541,False,88.53582290562862,1228.8806418265385,598.7371297581267,843.7234438258944,1109.3102290727993,-1.3633075847018559,-0.6770898217354628,-0.2755674318289727,1303.8900219678944,-0.08521422524916095,-0.07852295267286613,SKIP,MOS -9% below watch threshold 10%,,1735.6833742981546,,0.45,2026-06-30,"Energy | Oil, Gas & Coal | Oil & Gas",12,11.982005135072832,8.117437974233383,1.353991026774576
AKSI,Mineral Sumberdaya Mandiri Tbk.,Basic Materials,Cyclical,228.0,,,,,,,,,,False,,,,,,,,,,,,SKIP,No usable intrinsic value - cannot assess margin of safety,,,,,,Basic Materials | Metals & Minerals | Diversified Metals & Minerals | Diversified Metals & Minerals,9,12.449518149274448,9.956241790640217,2.128841754446317
ALDO,Alkindo Naratama Tbk.,Basic Materials,Cyclical,825.0,51.7,63.3,18.8,44.6,6,2.901840220546873,0.05928798505544774,0.13826380855279777,16.866823844068453,False,29.283508564685185,,,,74.77135903679013,,,-10.033636550514897,159.35967650342357,-1.0,-0.806836755753426,SKIP,MOS -100% below watch threshold 10%,Trailing EBIT 2.4x mid-cycle - possible peak earnings,159.35967650342357,,0.45,2026-06-30,Basic Materials | Forestry & Paper | Paper | Paper,4,5.822632122345567,5.913922020964207,0.3874348043236587
ALII,Ancara Logistics Indonesia Tbk.,Transportation & Logistic,Cyclical,810.0,95.0,87.3,18.8,67.0,6,5.720847418567256,0.04748671503675771,0.24314863237949208,21.058521298555547,False,3.751723133531101,129.6203250859265,147.01888346850816,243.27396492286854,345.22567822101854,-4.509496337410997,-2.3295794733185495,-1.3462912845128112,187.44368012796735,-1.0,-0.7685880492247317,SKIP,MOS -100% below watch threshold 10%,,246.59574866810135,,0.45,2026-06-30,Transportation & Logistic | Logistics & Deliveries | Logistics & Deliveries | Logistics & Deliveries,7,9.052415583885466,6.788313476605148,1.053034918368662
ALKA,Alakasa Industrindo Tbk.,Basic Materials,Cyclical,2150.0,,,,,,,,,,False,,,,,,,,,,,,SKIP,No usable intrinsic value - cannot assess margin of safety,,,,,,Basic Materials | Metals & Minerals,19,12.449518149274448,8.573447831556207,2.228715086990508
ALMI,Alumindo Light Metal Industry Tbk.,Basic Materials,Cyclical,74.0,41.7,40.9,18.3,33.6,4,-22.38790754603546,0.05131297029330869,0.04766220555386072,19.48825013020932,False,-58.11370641059321,,,,,,,,40.653059085141834,-0.8202812202894232,-0.4506343366872725,SKIP,MOS -82% below watch threshold 10%,Interest coverage 0.4x; Trailing EBIT -0.2x mid-cycle - possible peak earnings,40.653059085141834,,0.45,2026-06-30,Basic Materials | Metals & Minerals,19,12.449518149274448,8.573447831556207,2.228715086990508
ALTO,Tri Banyan Tirta Tbk.,Consumer Non-Cyclicals,Ordinary,18.0,,,,,,,,,,False,,,,,,,,,,,,SKIP,No usable intrinsic value - cannot assess margin of safety,,,,,,Consumer Non-Cyclicals | Food & Beverage | Beverages,5,12.186474887692365,9.430863211296208,4.800185240922143
AMAG,Asuransi Multi Artha Guna Tbk.,Financials,Financial,386.0,75.0,72.2,85.0,77.4,4,,,,,False,,,772.179289877721,1142.479170595456,1533.566134258224,0.500116093425498,0.6621382604298875,0.7482990844821272,392.6756715246561,0.017000471403629897,0.017294485815171123,SKIP,MOS 2% below watch threshold 10%,,379.23448186099887,406.1168611883133,0.45,2026-06-30,Financials | Insurance | Insurance | General Insurance,7,10.281517474681191,,0.5473303505986757
AMAN,Makmur Berkah Amanda Tbk.,Financials,Financial,248.0,65.0,76.5,40.0,60.5,4,4.320736024223112,0.0545762019435718,0.061031832070472254,18.323004613511472,False,34.92350798509109,40.82595625014883,,36.44829952718614,78.84595585983374,,-5.804158306892239,-2.1453737518367495,112.20096578724855,-1.0,-0.5475767508578688,SKIP,MOS -100% below watch threshold 10%,,175.45519870275322,48.94673287174386,0.45,2026-06-30,Financials | Holding & Investment Companies | Investment Companies | Investment Companies,13,14.566398170997925,15.07996983497698,0.7997799244128763
AMAR,Bank Amar Indonesia Tbk.,Financials,Financial,222.0,76.7,72.2,52.5,67.1,4,,,,,False,,,294.6207439162994,446.9672150487325,607.8657784088892,0.246488902821217,0.503319275943325,0.6347877971003845,128.7466436503562,-0.7243167954179581,-0.4200601637371343,SKIP,MOS -72% below watch threshold 10%,,175.70254658633144,81.79074071438092,0.45,2026-06-30,Financials | Banks | Banks | Banks,39,13.481315257379515,,0.7861812292608251
AMFG,Asahimas Flat Glass Tbk.,Basic Materials,Cyclical,3300.0,30.0,66.3,63.0,53.1,6,5.045342978684066,0.08241778691026387,0.0378520185364817,12.133303228449893,False,-50.68202694315129,4780.241832342369,,,,,,,4225.15114521398,0.21896285207736077,0.2803488318830243,WATCH,MOS 22% attractive but short of buy threshold 30%,Net debt/EBITDA 5.0x; Normalised EBIT 2.4x trailing - valuation assumes cycle recovery,3300.0,,0.45,2026-06-30,Basic Materials | Construction Materials | Construction Materials | Construction Materials,10,12.68567498355167,10.901767958955283,0.5102438604959392
AMIN,Ateliers Mecaniques D Indonesia Tbk.,Industrials,Cyclical,248.0,,,,,,,,,,False,,,,,,,,,,,,SKIP,No usable intrinsic value - cannot assess margin of safety,,,,,,Industrials | Industrial Goods | Machinery,4,14.416005681359687,9.823816834611925,1.0469873784900932
AMMN,Amman Mineral Internasional Tbk.,Basic Materials,Cyclical,4470.0,50.0,62.7,18.8,43.8,3,2.888888936146075,0.05632969938324397,0.08356576340301802,17.752624476058603,False,-1304.9985580076957,,,,,,,,1351.4982743420946,-1.0,-0.6976513927646321,SKIP,MOS -100% below watch threshold 10%,Net debt/EBITDA 5.6x,1351.4982743420946,,1.45,2026-03-31,Basic Materials | Metals & Minerals,19,12.449518149274448,8.573447831556207,2.228715086990508
AMMS,Agung Menjangan Mas Tbk.,Basic Materials,Cyclical,210.0,,,,,,,,,,False,,,,,,,,,,,,SKIP,No usable intrinsic value - cannot assess margin of safety,,,,,,Basic Materials | Chemicals | Basic Chemicals | Basic Chemicals,8,8.598946032361429,6.137238035447713,1.0540245818465046
AMOR,Ashmore Asset Management Indonesia Tbk.,Financials,Financial,362.0,60.0,81.5,42.5,61.3,4,6.864875346924488,0.16339591447431315,0.47265340086087343,6.120104062682707,False,44.52911187724041,502.6152010570103,266.5131310290999,397.5667369444406,540.6039086123433,-0.35828204262278596,0.08946104801874058,0.33037850035305,313.89939289856136,-0.15323574428505718,-0.13287460525259298,SKIP,MOS -15% below watch threshold 10%,,405.5117715108959,222.28701428622682,1.45,2026-03-31,Financials | Investment Service | Investment Services,6,21.010299838295108,8.82707394421313,2.9306073595903257
AMRT,Sumber Alfaria Trijaya Tbk.,Consumer Non-Cyclicals,Compounder,1410.0,76.7,83.3,49.2,69.7,6,2.9346480285409395,0.0925638637514414,0.25566501494741584,10.80335197205322,False,-47.55621244618138,712.9338778774344,691.6254418096502,1078.2146905510772,1490.127763755198,-1.0386757264317954,-0.3077172963385862,0.05377241180532864,951.5401012620852,-0.4818082791569496,-0.32514886435313106,SKIP,MOS -48% below watch threshold 10%,,1082.909471138209,,0.45,2026-06-30,Consumer Non-Cyclicals | Food & Staples Retailing | Food & Staples Retailing,4,10.545593888966863,18.205370389227188,2.499822564270242
ANDI,Andira Agro Tbk.,Consumer Non-Cyclicals,Ordinary,18.0,16.7,28.9,20.0,21.9,5,-2.0484143205996816,-0.08365652753124844,-0.09835439016930858,-11.953639835534261,False,-15.154233510467456,,,,,,,,18.58907621640205,0.03168937549905132,0.03272645646678041,SKIP,MOS 3% below watch threshold 10%,Interest coverage -2.5x,18.58907621640205,,1.45,2026-03-31,Consumer Non-Cyclicals | Food & Beverage | Agricultural Products | Plantations & Crops,26,8.531657563897525,6.89544177076508,1.5596099814498379
ANJT,Austindo Nusantara Jaya Tbk.,Consumer Non-Cyclicals,Ordinary,1480.0,30.0,70.4,60.0,53.5,6,4.710402943331189,-0.026042397629708745,-0.034823946305132164,-38.39892218138994,False,151.43752222973836,632.2913319696122,118.42638526174316,270.0929596282888,434.7315811290907,-11.497215014449182,-4.4795948848012435,-2.4043995519168955,823.5870340138197,-0.7970171200815259,-0.4435222743149867,SKIP,MOS -80% below watch threshold 10%,Interest coverage -2.3x,1976.9915358925593,,0.45,2026-06-30,Consumer Non-Cyclicals | Food & Beverage | Agricultural Products | Plantations & Crops,26,8.531657563897525,6.89544177076508,1.5596099814498379
ANTM,Aneka Tambang Tbk.,Basic Materials,Cyclical,3210.0,80.0,92.6,68.8,80.5,7,5.952347513574868,0.1697019621242581,0.33985995381589107,5.8926837820990325,False,429.31851271937387,1543.3815248268218,1682.3354514657146,2670.5456482610944,3714.2298227636734,-0.9080617942178689,-0.2020015467963138,0.1357562258730903,2757.017377320213,-0.16430169298391595,-0.14111608183170932,SKIP,MOS -16% below watch threshold 10%,Trailing EBIT 2.5x mid-cycle - possible peak earnings,4837.391617515277,,1.45,2026-03-31,Basic Materials | Metals & Minerals | Diversified Metals & Minerals | Diversified Metals & Minerals,9,12.449518149274448,9.956241790640217,2.128841754446317
APEX,Apexindo Pratama Duta Tbk.,Energy,Cyclical,180.0,38.3,50.6,96.2,61.7,7,0.18918280344766059,0.23176785047595475,0.03838562266342575,4.314662270657539,False,-586.4835767827564,,,,,,,,380.4033993957542,0.5268181086553954,1.1133522188653013,WATCH,"Cheap and sound, but flagged: Net debt/EBITDA 11.2x",Net debt/EBITDA 11.2x; Trailing EBIT 2.0x mid-cycle - possible peak earnings,380.4033993957542,,1.45,2026-03-31,"Energy | Oil, Gas & Coal",46,11.982005135072832,7.5596857632517,1.338538736096911
APIC,Pacific Strategic Financial Tbk.,Financials,Financial,590.0,25.0,65.2,17.5,35.9,5,3.108940025253693,0.052581063780576524,0.09299420975882935,19.01825349470013,False,19.666849655540958,54.072732436513895,4.080674267529891,75.05695263647426,152.42858151276351,-143.5839489553618,-6.860697500704109,-2.8706651609862073,216.43041420704947,-1.0,-0.6331687894795772,SKIP,MOS -100% below watch threshold 10%,,263.10301303417253,169.75781537992637,1.45,2026-03-31,Financials | Holding & Investment Companies | Investment Companies | Investment Companies,13,14.566398170997925,15.07996983497698,0.7997799244128763
APII,Arita Prima Indonesia Tbk.,Industrials,Cyclical,189.0,,,,,,,,,,False,,,,,,,,,,,,SKIP,No usable intrinsic value - cannot assess margin of safety,,,,,,Industrials | Industrial Goods | Machinery,4,14.416005681359687,9.823816834611925,1.0469873784900932
APLI,Asiaplast Industries Tbk.,Basic Materials,Cyclical,264.0,30.0,91.1,18.8,46.6,5,5.117661557082067,0.05109231673234261,0.05985113715089788,19.572414483349842,False,13.5805868404448,218.1877045997749,,,,,,,212.31021544712917,-0.24346348311131052,-0.19579463845784406,SKIP,MOS -24% below watch threshold 10%,Normalised EBIT 2.3x trailing - valuation assumes cycle recovery,202.51440019271968,,0.45,2026-06-30,Basic Materials | Containers & Packaging | Containers & Packaging | Containers & Packaging,9,19.006084751788784,13.236591015696982,0.9401486583379153
APLN,Agung Podomoro Land Tbk.,Properties & Real Estate,Cyclical,131.0,50.0,63.4,84.2,65.9,2,4.069876082767762,0.1443366502777072,0.07414954178234985,6.928247247500727,False,13.255958227519647,250.3187563218589,114.3872648221313,279.59349788469797,459.90621918778885,-0.1452323840744072,0.5314626377541036,0.7151593204559165,291.98070027251504,0.5513402088640329,1.228860307423779,WATCH,Cheap but F-Score 2/9 shows deteriorating fundamentals,,369.67540844881995,,0.45,2026-06-30,Properties & Real Estate | Real Estate | Real Estate Development | Real Estate Development,35,12.379916854923529,9.504502268830333,0.7706297288148782
ARCI,Archi Indonesia Tbk.,Basic Materials,Cyclical,1290.0,76.7,71.6,49.2,65.8,7,2.6760896142849413,0.11160091565353901,0.21845319948838374,8.960499957764359,False,-352.08904546693435,,,,,,,,848.2156853949575,-0.5208395956499354,-0.3424684609341414,SKIP,MOS -52% below watch threshold 10%,Trailing EBIT 3.4x mid-cycle - possible peak earnings,848.2156853949575,,1.45,2026-03-31,Basic Materials | Metals & Minerals,19,12.449518149274448,8.573447831556207,2.228715086990508
AREA,Dunia Virtual Online Tbk.,Technology,Ordinary,272.0,,,,,,,,,,False,,,,,,,,,,,,SKIP,No usable intrinsic value - cannot assess margin of safety,,,,,,Technology | Software & IT Services | Online Applications & Services | Online Applications & Services,4,21.198769120872733,15.304424115402707,2.0753128335742566
ARGO,Argo Pantes Tbk.,Consumer Cyclicals,Ordinary,1195.0,60.0,28.3,18.8,35.7,6,-7.4403457561755655,0.0037271616482510922,0.018027845067499323,268.3006787401435,False,-244.68884325735073,,,80.35791955170451,188.5999342395429,,-13.870967375295274,-5.3361633969724345,78.9134447944154,-1.0,-0.9339636445235018,SKIP,MOS -100% below watch threshold 10%,Net debt/EBITDA 17.9x; Interest coverage 1.3x; Trailing EBIT -2.6x mid-cycle - possible peak earnings,76.6022851827528,,0.45,2026-06-30,Consumer Cyclicals,49,11.174937874788398,8.450289443602555,1.219026001317649
ARII,Atlas Resources Tbk.,Energy,Cyclical,282.0,51.7,60.0,70.5,60.7,9,-0.9629843642066988,0.4924954437217525,0.09621444223341533,2.030475637384728,False,-990.293263372401,,,,,,,,509.7848658397947,0.44682547698734254,0.8077477512049458,WATCH,"Cheap and sound, but flagged: Trailing EBIT 3.0x mid-cycle - possible peak earnings",Trailing EBIT 3.0x mid-cycle - possible peak earnings,509.78486583979463,,0.45,2026-06-30,"Energy | Oil, Gas & Coal | Coal | Coal Production",26,15.378032536083092,8.15902719908333,1.327597648369335
ARKA,Arkha Jayanti Persada Tbk.,Properties & Real Estate,Cyclical,22.0,50.0,41.9,29.2,40.4,4,1.640143969787992,0.046752882122178964,0.03931708439090109,21.389055703276373,False,-16.31219888874129,,,,,,,,33.784310417664,0.34881015098365364,0.5356504735301819,SKIP,Filings 3.4 quarters stale - not screenable,Net debt/EBITDA 17.2x; Interest coverage 1.3x,33.784310417664,,3.44,2025-09-30,Properties & Real Estate | Real Estate | Real Estate Development | Real Estate Development,35,12.379916854923529,9.504502268830333,0.7706297288148782
ARKO,Arkora Hydro Tbk.,Energy,Cyclical,4790.0,65.0,33.3,18.8,39.0,6,0.8376782784936889,0.009921672166520077,0.09442605813728275,100.78946201976149,False,-322.91587260094775,,0.3421434217897791,200.69147257283834,413.4493325778666,-13998.97689548767,-22.867481455952408,-10.585458295782542,229.81668752561808,-1.0,-0.9520215683662593,SKIP,MOS -100% below watch threshold 10%,Net debt/EBITDA 6.7x,249.2334974941379,,0.45,2026-06-30,Energy,48,12.769743421191965,8.117437974233383,1.3229373691448352
ARMY,Armidian Karyatama Tbk.,Energy,Cyclical,50.0,,,,,,,,,,False,,,,,,,,,,,,SKIP,No usable intrinsic value - cannot assess margin of safety,,,,,,"Energy | Oil, Gas & Coal | Coal | Coal Production",26,15.378032536083092,8.15902719908333,1.327597648369335
ARNA,Arwana Citramulia Tbk.,Basic Materials,Cyclical,500.0,75.0,90.3,83.8,83.0,6,6.649290066567016,0.16467099622068598,0.29389802972376616,6.072714825018954,False,41.919909087318885,544.1062137316339,203.1256383999101,312.18540753064036,429.396796996483,-1.4615307252135696,-0.6016123365757448,-0.16442414917243853,560.893994674449,0.10856595943729574,0.12178798934889801,WATCH,MOS 11% attractive but short of buy threshold 30%,,754.6793543416798,,0.45,2026-06-30,Basic Materials | Construction Materials | Construction Materials | Construction Materials,10,12.68567498355167,10.901767958955283,0.5102438604959392
ARTA,Arthavest Tbk.,Properties & Real Estate,Cyclical,2370.0,60.0,76.3,20.0,52.1,6,12.213120904061176,-0.006101802859640648,-0.03255345358249824,-163.88598960060352,False,101.47068695189797,107.2446108542357,242.42070166582351,322.3784371952727,407.8579946610434,-8.776392790360951,-6.351608316670484,-4.810846007737631,195.78233986534855,-1.0,-0.917391417778334,SKIP,MOS -100% below watch threshold 10%,Interest coverage -182.3x,258.94782333058714,,1.45,2026-03-31,Properties & Real Estate | Real Estate | Real Estate Development | Real Estate Development,35,12.379916854923529,9.504502268830333,0.7706297288148782
ARTI,Ratu Prabu Energi Tbk.,Energy,Cyclical,2.0,40.0,47.4,79.0,55.5,2,-21.68259824223665,0.11888360921530436,0.006169481768559111,8.411588499041516,False,-93.0810435497449,,,,,,,,6.627326340155596,0.6982191765807862,2.313663170077798,WATCH,Cheap but F-Score 2/9 shows deteriorating fundamentals,Trailing EBIT -1.2x mid-cycle - possible peak earnings,6.627326340155596,,1.45,2026-03-31,"Energy | Oil, Gas & Coal | Oil & Gas | Oil & Gas Production & Refinery",9,15.064036542847035,8.411588499041516,1.5179638241818716
ARTO,Bank Jago Tbk.,Financials,Financial,1310.0,70.0,83.3,17.5,56.9,6,,,,,False,,,3236.4110149273006,5005.17580575024,6873.231636974889,0.5952306446993642,0.738270931763277,0.8094055214212786,262.42703199982935,-1.0,-0.7996740213741761,SKIP,MOS -100% below watch threshold 10%,,417.8989769527275,106.95508704693123,0.45,2026-06-30,Financials | Banks | Banks | Banks,39,13.481315257379515,,0.7861812292608251
ASBI,Asuransi Bintang Tbk.,Financials,Financial,430.0,,,,,,,,,,False,,,,,,,,,,,,SKIP,No usable intrinsic value - cannot assess margin of safety,,,,,,Financials | Insurance | Insurance | General Insurance,7,10.281517474681191,,0.5473303505986757
ASDM,Asuransi Dayin Mitra Tbk.,Financials,Financial,515.0,57.5,77.8,82.5,72.6,5,,,,,False,,,,,,,,,371.2638978605071,-0.38715345867940565,-0.279099227455326,SKIP,MOS -39% below watch threshold 10%,,515.0,227.52779572101414,0.45,2026-06-30,Financials | Insurance | Insurance | General Insurance,7,10.281517474681191,,0.5473303505986757
ASGR,Astra Graphia Tbk.,Industrials,Cyclical,1790.0,58.3,100.0,91.8,83.4,9,8.34362788468876,0.48189518779710877,0.8545573014325358,2.0751400414918186,False,1126.4464235751082,2358.756808869255,2045.8922244420642,2520.6963429236225,3033.6815953610053,0.12507610194952895,0.2898787650384443,0.40995785360691694,2535.9789883699373,0.29415818971332786,0.4167480381954958,WATCH,MOS 29% attractive but short of buy threshold 30%,,2841.5377178352837,,0.45,2026-06-30,Industrials | Industrial Services | Business Support Services | Business Support Services,10,13.35995628193082,9.538398395217746,1.4057675482565506
ASHA,Cilacap Samudera Fishing Industry Tbk.,Consumer Non-Cyclicals,Ordinary,62.0,,,,,,,,,,False,,,,,,,,,,,,SKIP,No usable intrinsic value - cannot assess margin of safety,,,,,,"Consumer Non-Cyclicals | Food & Beverage | Agricultural Products | Fish, Meat & Poultry",9,8.671024281367984,16.396383712344086,1.245367442390432
ASII,Astra International Tbk.,Industrials,Cyclical,5050.0,51.7,75.1,80.5,69.1,5,3.441118770860238,0.13820982817683236,0.14060331027863082,7.2353754663564995,False,-986.2960330267813,6454.219796515273,3227.1696904093824,6159.589324852101,9320.031154510732,-0.5648386928669321,0.18014014674245238,0.45815631769043086,6901.810732830345,0.2683079563485713,0.3666951946198702,WATCH,MOS 27% attractive but short of buy threshold 30%,,8142.6098986742945,,0.45,2026-06-30,Industrials,23,11.957593259920444,8.600347857944449,1.0083627901114305
ASJT,Asuransi Jasa Tania Tbk.,Financials,Financial,153.0,,,,,,,,,,False,,,,,,,,,,,,SKIP,No usable intrinsic value - cannot assess margin of safety,,,,,,Financials | Insurance | Insurance | General Insurance,7,10.281517474681191,,0.5473303505986757
ASLC,Autopedia Sukses Lestari Tbk.,Consumer Cyclicals,Ordinary,64.0,63.3,95.6,32.5,63.8,7,8.394844789778162,0.08223587303026375,0.07752799055514242,12.16014329454481,False,32.38734288201223,48.3887298091494,83.21261026946156,121.32514779475994,161.57716340265583,0.2308858021307914,0.47249188512619167,0.6039044215641427,78.3678314139572,0.18333838202135466,0.22449736584308133,WATCH,MOS 18% attractive but short of buy threshold 30%,,51.606867451403716,,0.45,2026-06-30,Consumer Cyclicals | Retailing,18,10.694931239689799,10.050352905588877,1.422027519184855
ASLI,Asri Karya Lestari Tbk.,Industrials,Cyclical,197.0,30.0,59.3,32.5,40.6,2,9.560626863802483,-0.0798729682003651,-0.2724405232100376,-12.519880286550174,False,10.324673237126893,28.448014227732706,18.736657339444847,31.017473831066795,44.42125043427523,-9.514148624860157,-5.351258683184145,-3.4348143754187457,45.416432626177425,-1.0,-0.7694597328620435,SKIP,MOS -100% below watch threshold 10%,Interest coverage -18.4x,83.2964358203257,,1.45,2026-03-31,Industrials | Industrial Services | Business Support Services | Business Support Services,10,13.35995628193082,9.538398395217746,1.4057675482565506
ASMI,Asuransi Maximus Graha Persada Tbk.,Financials,Financial,16.0,85.0,81.5,100.0,88.8,4,,,0.022101442618613368,-4.368595065937116,False,,12.245921914021343,15.485179922073478,22.28243904879019,29.461267807644184,-0.03324598619565717,0.28194575266352145,0.45691407089247693,52.46147496120223,0.6950142935967247,2.2788421850751392,WATCH,"Cheap and sound, but flagged: Trailing EBIT 2.7x mid-cycle - possible peak earnings",Trailing EBIT 2.7x mid-cycle - possible peak earnings,44.51622280418995,60.406727118214505,2.43,2025-12-31,Financials | Insurance | Insurance | General Insurance,7,10.281517474681191,,0.5473303505986757
ASPI,Andalan Sakti Primaindo Tbk.,Industrials,Cyclical,428.0,,,,,,,,,,False,,,,,,,,,,,,SKIP,No usable intrinsic value - cannot assess margin of safety,,,,,,Industrials | Industrial Services | Business Support Services | Business Support Services,10,13.35995628193082,9.538398395217746,1.4057675482565506
ASPR,Asia Pramulia Tbk.,Basic Materials,Cyclical,154.0,,,,,,,,,,False,,,,,,,,,,,,SKIP,No usable intrinsic value - cannot assess margin of safety,,,,,,Basic Materials | Containers & Packaging | Containers & Packaging | Containers & Packaging,9,19.006084751788784,13.236591015696982,0.9401486583379153
ASRI,Alam Sutera Realty Tbk.,Properties & Real Estate,Cyclical,126.0,50.0,48.8,84.2,61.0,8,2.2490754115999136,0.13056244786618135,0.05171339613048503,7.659170123900709,False,-395.2316156757153,131.9806659996591,,143.6265716566564,302.92040592687005,,0.12272500452627425,0.5840491510815601,162.43180804146309,0.2242898634248,0.28914133366240535,WATCH,MOS 22% attractive but short of buy threshold 30%,Net debt/EBITDA 4.9x,225.72053570100755,,0.45,2026-06-30,Properties & Real Estate | Real Estate | Real Estate Development | Real Estate Development,35,12.379916854923529,9.504502268830333,0.7706297288148782
ASRM,Asuransi Ramayana Tbk.,Financials,Financial,270.0,15.0,66.7,57.5,46.4,3,,,,,False,,374.30674717882727,227.65167302629743,370.09025458171146,525.5534461495633,-0.18602247201060831,0.2704482307831555,0.486255866119537,269.84620390180544,-0.000569939824873455,-0.000569615178498406,SKIP,MOS -0% below watch threshold 10%,,217.04442023306547,322.64798757054547,1.45,2026-03-31,Financials | Insurance | Insurance | General Insurance,7,10.281517474681191,,0.5473303505986757
ASSA,Adi Sarana Armada Tbk.,Transportation & Logistic,Cyclical,645.0,51.7,51.0,84.2,62.3,9,1.594270694129892,0.1445233824489075,0.14598169257594304,6.91929557041418,False,-866.5415330251138,,,,,,,,886.8143423685765,0.27267752765783976,0.3749059571605837,WATCH,MOS 27% attractive but short of buy threshold 30%,,886.8143423685765,,0.45,2026-06-30,Transportation & Logistic | Logistics & Deliveries | Logistics & Deliveries | Logistics & Deliveries,7,9.052415583885466,6.788313476605148,1.053034918368662
ATAP,Trimitra Prawara Goldland Tbk.,Properties & Real Estate,Cyclical,580.0,,,,,,,,,,False,,,,,,,,,,,,SKIP,No usable intrinsic value - cannot assess margin of safety,,,,,,Properties & Real Estate | Real Estate | Real Estate Development | Real Estate Development,35,12.379916854923529,9.504502268830333,0.7706297288148782
ATIC,Anabatic Technologies Tbk.,Technology,Ordinary,470.0,45.0,55.6,68.8,56.5,7,0.6443440089587672,0.17752932829433246,0.5445192966244335,5.632872098417805,False,-42.33005765524321,495.1470854824905,560.2852798999745,1189.0089084358654,1866.197836136319,0.1611416239885738,0.6047128018424333,0.7481510315256479,759.676878273672,0.38131590753683103,0.6163337835610041,BUY,"MOS 38%, quality and balance sheet both pass",,443.08733992181635,,0.45,2026-06-30,Technology | Software & IT Services | IT Services & Consulting | IT Services & Consulting,5,7.905805643427312,6.074486307476839,2.0568949537989996
ATLA,Atlantis Subsea Indonesia Tbk.,Energy,Cyclical,50.0,46.7,95.6,18.8,53.7,7,13.36213059138283,0.018792827699331008,0.03635692432106869,53.21178994450092,False,10.970908669996792,7.77341415401507,,,,,,,7.454711262796718,-1.0,-0.8509057747440656,SKIP,MOS -100% below watch threshold 10%,,6.9235397774328,,1.45,2026-03-31,"Energy | Oil, Gas & Coal | Oil, Gas & Coal Supports",7,6.627479646647261,5.501228771270055,1.349479823824487
AUTO,Astra Otoparts Tbk.,Consumer Cyclicals,Ordinary,2830.0,51.7,93.3,92.5,79.2,6,6.428481934470762,0.24160332104102267,0.18720552683093583,4.139015952641671,False,906.6564667008275,4060.894433998219,2972.458890464675,4250.062745493657,5627.131576223788,0.04792627777684915,0.3341274777647341,0.4970794690571045,4131.994575161317,0.3151007464985565,0.46006875447396345,BUY,"MOS 32%, quality and balance sheet both pass",,4042.625700257911,,0.45,2026-06-30,Consumer Cyclicals | Automobiles & Components | Auto Components | Auto Parts & Equipment,5,8.829144066661675,5.966440431315428,0.8529848809918651
AVIA,Avia Avian Tbk.,Basic Materials,Cyclical,330.0,85.0,93.3,75.8,84.7,6,11.956714084808148,0.15948109223435972,0.3025962547537669,6.270335787081805,False,111.39783561733546,260.63438476060566,232.3975454434959,346.70135544369816,469.02244528113084,-0.41998057410737477,0.04817216656774895,0.2964089388041998,322.78803212767747,-0.02234273626808403,-0.02185444809794712,SKIP,MOS -2% below watch threshold 10%,,410.4352288621167,,1.45,2026-03-31,Basic Materials | Chemicals | Specialty Chemical | Specialty Chemical,8,13.16483991901313,10.120677959093147,1.520943283857289
AWAN,Era Digital Media Tbk.,Consumer Cyclicals,Ordinary,156.0,,,,,,,,,,False,,,,,,,,,,,,SKIP,No usable intrinsic value - cannot assess margin of safety,,,,,,Consumer Cyclicals | Media & Entertainment | Media,7,9.009775676765488,6.269351454515765,2.0515302456242384
AXIO,Tera Data Indonusa Tbk.,Technology,Ordinary,114.0,,,,,,,,,,False,,,,,,,,,,,,SKIP,No usable intrinsic value - cannot assess margin of safety,,,,,,Technology,10,8.51203282106588,7.224281818542886,2.0753128335742566
AYAM,Janu Putra Sejahtera Tbk.,Consumer Non-Cyclicals,Ordinary,458.0,16.7,37.1,18.8,24.2,5,1.1544543430767573,0.003636632637931939,0.028553480764137107,274.97965826118605,False,-5.240933567225957,11.904289558705779,1.4468361665612817,7.497307352291366,14.101034732551627,-315.55277258415225,-60.08859867670006,-31.47988595778201,11.738108045000487,-1.0,-0.9743709431331867,SKIP,MOS -100% below watch threshold 10%,Net debt/EBITDA 5.2x; Normalised EBIT 2.0x trailing - valuation assumes cycle recovery,18.29073503414767,,1.45,2026-03-31,"Consumer Non-Cyclicals | Food & Beverage | Agricultural Products | Fish, Meat & Poultry",9,8.671024281367984,16.396383712344086,1.245367442390432
AYLS,Agro Yasa Lestari Tbk.,Consumer Non-Cyclicals,Ordinary,162.0,,,,,,,,,,False,,,,,,,,,,,,SKIP,No usable intrinsic value - cannot assess margin of safety,,,,,,Consumer Non-Cyclicals | Food & Beverage | Agricultural Products | Plantations & Crops,26,8.531657563897525,6.89544177076508,1.5596099814498379
BABP,Bank MNC Internasional Tbk.,Financials,Financial,50.0,15.0,72.2,57.5,48.2,4,,,,,False,,,,,,,,,36.98533789157747,-0.3518870679666362,-0.2602932421684505,SKIP,MOS -35% below watch threshold 10%,Earnings materially exceed cash generation,45.93967283492189,28.031002948233056,0.45,2026-06-30,Financials | Banks | Banks | Banks,39,13.481315257379515,,0.7861812292608251
BABY,Multitrend Indo Tbk.,Consumer Cyclicals,Ordinary,186.0,,,,,,,,,,False,,,,,,,,,,,,SKIP,No usable intrinsic value - cannot assess margin of safety,,,,,,Consumer Cyclicals | Retailing | Specialty Retail | Specialty Stores,6,10.582498513763287,10.050352905588877,2.8584492925773355
BACA,Bank Capital Indonesia Tbk.,Financials,Financial,120.0,41.7,83.3,70.0,65.0,6,,,,,False,,,,,,,,,102.40441292350965,-0.1718245002745464,-0.14662989230408618,SKIP,MOS -17% below watch threshold 10%,Earnings materially exceed cash generation,179.7752422740063,25.03358357301301,0.45,2026-06-30,Financials | Banks | Banks | Banks,39,13.481315257379515,,0.7861812292608251
BAIK,Bersama Mencapai Puncak Tbk.,Industrials,Cyclical,770.0,,,,,,,,,,False,,,,,,,,,,,,SKIP,No usable intrinsic value - cannot assess margin of safety,,,,,,Industrials | Industrial Services | Business Support Services | Business Support Services,10,13.35995628193082,9.538398395217746,1.4057675482565506
BAJA,Saranacentral Bajatama Tbk.,Basic Materials,Cyclical,362.0,23.3,26.1,25.0,24.8,5,-1.4244016804746147,0.019631321616172908,0.13773491887086578,50.93900551128296,False,-59.22221158079399,,,,,,,,10.070469456275088,-1.0,-0.9721810236014501,SKIP,MOS -100% below watch threshold 10%,Net debt/EBITDA 18.2x; Interest coverage 1.2x; Trailing EBIT -0.9x mid-cycle - possible peak earnings,10.070469456275088,,0.45,2026-06-30,Basic Materials | Metals & Minerals | Iron & Steel | Iron & Steel,4,9.266482273796075,7.211822702853995,0.53559173397186
BALI,Bali Towerindo Sentra Tbk.,Infrastructures,Cyclical,1210.0,66.7,35.6,38.2,46.8,7,1.082745085596685,0.06112734656418283,0.08678923498912813,16.3592901738343,False,-804.4008299310415,,,,,,,,868.2888661233221,-0.39354545152965836,-0.2824058957658495,SKIP,MOS -39% below watch threshold 10%,Net debt/EBITDA 6.3x,868.2888661233221,,0.45,2026-06-30,Infrastructures | Telecommunication | Telecommunication Service | Wired Telecommunication Service,5,27.330200244220453,13.219713383808653,1.4052395821892443
BANK,Bank Aladin Syariah Tbk.,Financials,Financial,272.0,70.0,83.3,40.0,64.4,6,,,,,False,,,1727.3473110760867,2662.6061965880263,3650.366595172382,0.8425331152247825,0.8978444501674517,0.9254869359259092,88.31086186484035,-1.0,-0.6753277137322047,SKIP,MOS -100% below watch threshold 10%,,145.20650926413285,31.415214465547834,0.45,2026-06-30,Financials | Banks | Banks | Banks,39,13.481315257379515,,0.7861812292608251
BAPA,Bekasi Asri Pemula Tbk.,Properties & Real Estate,Cyclical,157.0,38.3,58.3,20.0,38.9,3,8.958101520692091,-0.04231943720972186,-0.04204473257569148,-23.629803842719213,False,12.265357955369728,,,,,,,,131.24733877538847,-0.19621473063681405,-0.16402968932873585,SKIP,MOS -20% below watch threshold 10%,Interest coverage -203.3x,131.24733877538847,,0.45,2026-06-30,Properties & Real Estate | Real Estate | Real Estate Development | Real Estate Development,35,12.379916854923529,9.504502268830333,0.7706297288148782
BAPI,Bhakti Agung Propertindo Tbk.,Properties & Real Estate,Cyclical,19.0,,,,,,,,,,False,,,,,,,,,,,,SKIP,No usable intrinsic value - cannot assess margin of safety,,,,,,Properties & Real Estate | Real Estate | Real Estate Development | Real Estate Development,35,12.379916854923529,9.504502268830333,0.7706297288148782
BATA,Sepatu Bata Tbk.,Consumer Cyclicals,Ordinary,59.0,50.0,26.1,60.0,45.4,4,-10.625949920998751,-0.605814326982532,-1.2646629278913435,-1.6506707673634033,False,-207.21087392378118,,,,11.72515531518249,,,-4.031916287164485,,,,SKIP,No usable intrinsic value - cannot assess margin of safety,Interest coverage -12.8x,,,0.45,2026-06-30,Consumer Cyclicals,49,11.174937874788398,8.450289443602555,1.219026001317649
BATR,Benteng Api Technic Tbk.,Industrials,Cyclical,95.0,,,,,,,,,,False,,,,,,,,,,,,SKIP,No usable intrinsic value - cannot assess margin of safety,,,,,,Industrials | Industrial Goods | Machinery,4,14.416005681359687,9.823816834611925,1.0469873784900932
BAUT,Mitra Angkasa Sejahtera Tbk.,Transportation & Logistic,Cyclical,38.0,,,,,,,,,,False,,,,,,,,,,,,SKIP,No usable intrinsic value - cannot assess margin of safety,,,,,,Transportation & Logistic | Transportation | Passenger Land Transportation | Road Transportation,5,6.625536398518111,5.910974792208097,1.2412717730358216
BAYU,Bayu Buana Tbk.,Consumer Cyclicals,Ordinary,1180.0,,,,,,,,,,False,,,,,,,,,,,,SKIP,No usable intrinsic value - cannot assess margin of safety,,,,,,Consumer Cyclicals | Consumer Services | Tourism & Recreation,9,17.933020637857847,13.102684494262084,1.5661740593254243
BBCA,Bank Central Asia Tbk.,Financials,Financial,6425.0,78.3,77.8,30.0,62.0,5,,,,,False,,,4198.497380691384,6216.140975804601,8368.919656733937,-0.530309398202356,-0.03359946709837364,0.2322784464981437,4656.875089895989,-0.3796805531546912,-0.27519453853758924,SKIP,MOS -38% below watch threshold 10%,,4077.8935883563167,5235.856591435661,0.45,2026-06-30,Financials | Banks | Banks | Banks,39,13.481315257379515,,0.7861812292608251
BBHI,Allo Bank Indonesia Tbk.,Financials,Financial,915.0,48.3,83.3,17.5,49.7,6,,,,,False,,,,,,,,,217.69161393864442,-1.0,-0.7620856678266181,SKIP,MOS -100% below watch threshold 10%,Earnings materially exceed cash generation,302.6649512958729,132.71827658141592,0.45,2026-06-30,Financials | Banks | Banks | Banks,39,13.481315257379515,,0.7861812292608251
BBKP,Bank KB Indonesia Tbk.,Financials,Financial,56.0,15.0,55.8,40.0,36.9,6,,,,,False,,,,,,,,,16.110529765654885,-1.0,-0.7123119684704484,SKIP,MOS -100% below watch threshold 10%,Earnings materially exceed cash generation,23.25458701230614,8.966472519003629,1.45,2026-03-31,Financials | Banks | Banks | Banks,39,13.481315257379515,,0.7861812292608251
BBLD,Buana Finance Tbk.,Financials,Financial,610.0,55.0,66.7,50.0,57.2,3,4.429182142685357,-0.007608675898238892,-0.011954284498786829,-131.4289126484492,False,738.5762974745109,,,,,,,,303.90412433934046,-1.0,-0.5017965174764911,SKIP,MOS -100% below watch threshold 10%,,602.3205967642089,5.487651914472053,0.45,2026-06-30,Financials | Financing Service | Consumer Financing | Consumer Financing,10,7.989408923865265,19.754981122137107,0.6942929524188031
BBMD,Bank Mestika Dharma Tbk.,Financials,Financial,2000.0,50.0,77.8,30.0,52.6,5,,,,,False,,,742.3783252292156,1052.0705493599137,1389.3751193958374,-1.6940441713225975,-0.9010131984179317,-0.4394960526352953,852.1364670102047,-1.0,-0.5739317664948976,SKIP,MOS -100% below watch threshold 10%,,967.2478748764851,737.0250591439243,0.45,2026-06-30,Financials | Banks | Banks | Banks,39,13.481315257379515,,0.7861812292608251
BBNI,Bank Negara Indonesia (Persero) Tbk.,Financials,Financial,3660.0,71.7,62.8,85.0,73.2,5,,,,,False,,,26032.666188042807,38920.724744243635,52848.86920955452,0.8594074086164446,0.9059626966339749,0.9307459165211749,5044.906901410035,0.2745158490482665,0.3783898637732337,WATCH,MOS 27% attractive but short of buy threshold 30%,,5444.282922014028,4645.530880806043,1.45,2026-03-31,Financials | Banks | Banks | Banks,39,13.481315257379515,,0.7861812292608251
BBRI,Bank Rakyat Indonesia (Persero) Tbk.,Financials,Financial,3140.0,65.0,77.8,75.0,72.6,5,,,,,False,,,1723.1376909937494,2831.7569028594294,4018.0413649075085,-0.8222571628557048,-0.10885224534256994,0.2185247201723918,3599.2650991962278,0.12759968675238423,0.14626277044465863,WATCH,MOS 13% attractive but short of buy threshold 30%,,3461.052969133266,3737.4772292591897,1.45,2026-03-31,Financials | Banks | Banks | Banks,39,13.481315257379515,,0.7861812292608251
BBRM,Pelayaran Nasional Bina Buana Raya Tbk.,Transportation & Logistic,Cyclical,118.0,85.0,93.3,66.0,81.4,6,6.19441759788534,0.12487629518831266,0.17909555008769812,8.007924950784345,False,31.225663698401686,107.39237318119784,,,,,,,137.07322494502372,0.13914624794647873,0.16163749953409945,WATCH,MOS 14% attractive but short of buy threshold 30%,,186.54131121806694,,0.45,2026-06-30,Transportation & Logistic | Transportation | Passenger Marine Transportation | Passenger Marine Transportation,10,18.1436746865216,9.323868477410677,1.8682050333418738
BBSI,Krom Bank Indonesia Tbk.,Financials,Financial,4650.0,76.7,83.3,17.5,59.2,6,,,,,False,,,3306.8568706997344,5048.475677836373,6887.861663651027,-0.40616911521061844,0.0789298994913941,0.32489933348411804,659.9791553200187,-1.0,-0.8580689988559099,SKIP,MOS -100% below watch threshold 10%,,897.8844683823988,422.07384225763843,0.45,2026-06-30,Financials | Banks | Banks | Banks,39,13.481315257379515,,0.7861812292608251
BBSS,Bumi Benowo Sukses Sejahtera Tbk.,Properties & Real Estate,Cyclical,98.0,70.0,67.6,20.0,52.5,5,12.645930890248643,-0.0006854787299662037,-0.0013008866137840134,-1458.8344703989624,False,16.90117811827112,,,,,,,,39.40960278271934,-1.0,-0.5978611960947007,SKIP,MOS -100% below watch threshold 10%,Interest coverage -2.6x,39.40960278271934,,0.45,2026-06-30,Properties & Real Estate | Real Estate | Real Estate Development | Real Estate Development,35,12.379916854923529,9.504502268830333,0.7706297288148782
BBTN,Bank Tabungan Negara (Persero) Tbk.,Financials,Financial,1240.0,45.0,61.4,100.0,68.8,7,,,,,False,,,,,,,,,2509.535967487909,0.5058847467959335,1.0238193286192816,WATCH,"Cheap and sound, but flagged: Earnings materially exceed cash generation",Earnings materially exceed cash generation,3166.8644832657583,1852.2074517100596,0.45,2026-06-30,Financials | Banks | Banks | Banks,39,13.481315257379515,,0.7861812292608251
BBYB,Bank Neo Commerce Tbk.,Financials,Financial,270.0,78.3,77.8,85.0,80.4,5,,,,,False,,,681.7211528361688,960.698256265565,1256.5737720191562,0.6039436375463526,0.7189544185813905,0.7851300050882457,362.3993933756615,0.2549656402980805,0.34221997546541294,WATCH,MOS 25% attractive but short of buy threshold 30%,,388.9571386455762,335.8416481057468,0.45,2026-06-30,Financials | Banks | Banks | Banks,39,13.481315257379515,,0.7861812292608251
BCAP,MNC Kapital Indonesia Tbk.,Financials,Financial,50.0,57.5,55.6,92.5,68.5,6,2.6651435056561485,0.8293756047177405,0.07361625523966621,1.2057263250952837,False,-234.22080652883903,141.47070438789578,195.39642592734762,328.13551979284813,469.10247149109097,0.744109956143256,0.8476239328446826,0.8934134799139518,63.65755050506237,0.21454722019151917,0.2731510101012473,WATCH,MOS 21% attractive but short of buy threshold 30%,Interest coverage 1.3x,97.69866327663203,29.616437733492702,0.45,2026-06-30,Financials | Holding & Investment Companies | Investment Companies | Investment Companies,13,14.566398170997925,15.07996983497698,0.7997799244128763
BCIC,Bank JTrust Indonesia Tbk.,Financials,Financial,129.0,15.0,33.6,100.0,49.5,2,,,,,False,,,,,,,,,170.21149133216713,0.24211932466852693,0.3194689250555591,WATCH,MOS 24% attractive but short of buy threshold 30%,,170.21149133216713,,0.45,2026-06-30,Financials | Banks | Banks | Banks,39,13.481315257379515,,0.7861812292608251
BCIP,Bumi Citra Permai Tbk.,Properties & Real Estate,Cyclical,64.0,66.7,93.3,96.2,85.4,6,4.316419334459044,0.3218281210668331,0.042145607123316595,3.1072486664157384,False,-46.956519676071494,94.37208369204917,93.0747859204609,143.88770079309717,198.3120854820925,0.3123809056655515,0.5552086825542609,0.6772763503322687,142.59643872305813,0.5511809371039287,1.2280693550477833,BUY,"MOS 55%, quality and balance sheet both pass",,222.10952239471368,,1.45,2026-03-31,Properties & Real Estate | Real Estate | Real Estate Development | Real Estate Development,35,12.379916854923529,9.504502268830333,0.7706297288148782
BDKR,Berdikari Pondasi Perkasa Tbk.,Infrastructures,Cyclical,162.0,50.0,87.0,42.5,59.8,9,6.285662428412827,0.06589492105463908,0.059344932124465705,15.175676425362358,False,49.63958410568929,95.09569844884757,1.5920459665633342,11.010766674244255,21.290736930284996,-100.75585592525375,-13.712871936423916,-6.608942824781382,69.80935187502337,-1.0,-0.5690780748455349,SKIP,MOS -100% below watch threshold 10%,,66.86449771916908,,0.45,2026-06-30,Infrastructures | Heavy Constructions & Civil Engineering | Heavy Constructions & Civil Engineering | Heavy Constructions & Civil Engineering,7,9.058166174021757,7.094076259920247,0.8993139336443662
BDMN,Bank Danamon Indonesia Tbk.,Financials,Financial,4410.0,53.3,83.3,75.0,70.5,6,,,,,False,,,1874.717537238753,2960.9150438134443,4120.050812002762,-1.352354374673121,-0.48940443570452435,-0.07037514856674637,4279.409970274682,-0.030515896030624098,-0.029612251638394205,SKIP,MOS -3% below watch threshold 10%,,5221.227805931462,3337.5921346179007,0.45,2026-06-30,Financials | Banks | Banks | Banks,39,13.481315257379515,,0.7861812292608251
BEBS,Berkah Beton Sadaya Tbk.,Basic Materials,Cyclical,5.0,40.0,33.3,,36.6,3,,,,,False,,20.54369393587492,12.835879553674166,20.1151189595902,28.059973351375348,0.6104668963983235,0.7514307516627352,0.821810237045185,20.421243942650715,0.7551569329448502,3.084248788530143,WATCH,Cheap but balance sheet weak - possible value trap,,,,,,Basic Materials | Construction Materials | Construction Materials | Construction Materials,10,12.68567498355167,10.901767958955283,0.5102438604959392
BEEF,Estika Tata Tiara Tbk.,Consumer Non-Cyclicals,Ordinary,438.0,56.7,38.3,18.8,37.9,6,0.44544472490690984,0.03896035007071657,0.18273084006699045,25.667120500326853,False,-81.35860879816806,,,,,,,,88.30876457262862,-1.0,-0.7983818160442269,SKIP,MOS -100% below watch threshold 10%,Net debt/EBITDA 6.0x,88.30876457262862,,0.45,2026-06-30,"Consumer Non-Cyclicals | Food & Beverage | Agricultural Products | Fish, Meat & Poultry",9,8.671024281367984,16.396383712344086,1.245367442390432
BEER,Jobubu Jarum Minahasa Tbk.,Consumer Non-Cyclicals,Ordinary,74.0,,,,,,,,,,False,,,,,,,,,,,,SKIP,No usable intrinsic value - cannot assess margin of safety,,,,,,Consumer Non-Cyclicals | Food & Beverage | Beverages,5,12.186474887692365,9.430863211296208,4.800185240922143
BEKS,Bank Pembangunan Daerah Banten Tbk.,Financials,Financial,22.0,23.3,83.3,70.0,58.9,6,,,,,False,,,,,,,,,15.705167163372458,-0.4008128516650451,-0.28612876530125186,SKIP,MOS -40% below watch threshold 10%,Earnings materially exceed cash generation,23.046995588284357,8.363338738460559,0.45,2026-06-30,Financials | Banks | Banks | Banks,39,13.481315257379515,,0.7861812292608251
BELI,Global Digital Niaga Tbk.,Consumer Cyclicals,Ordinary,254.0,45.0,34.6,20.0,33.2,3,-3.8293933376724922,-0.03846510452282582,-0.15501778401596225,-25.997589566059382,False,5.099826431887768,,,,,,,,94.81321085171572,-1.0,-0.6267196423160799,SKIP,MOS -100% below watch threshold 10%,Interest coverage -5.5x,94.81321085171572,,0.45,2026-06-30,Consumer Cyclicals | Retailing,18,10.694931239689799,10.050352905588877,1.422027519184855
BELL,Trisula Textile Industries Tbk.,Consumer Cyclicals,Ordinary,119.0,,,,,,,,,,False,,,,,,,,,,,,SKIP,No usable intrinsic value - cannot assess margin of safety,,,,,,Consumer Cyclicals,49,11.174937874788398,8.450289443602555,1.219026001317649
BESS,Batulicin Nusantara Maritim Tbk.,Transportation & Logistic,Cyclical,915.0,50.0,100.0,25.0,58.3,9,15.223072917828013,0.019927048560119714,0.12112637151974494,50.183046274163964,False,67.25955554137263,176.7469210309755,142.27635130535842,194.7068725849731,251.57652941376932,-5.431146087210203,-3.6993718704031866,-2.6370642449522563,217.99505544338842,-1.0,-0.7617540377667886,SKIP,MOS -100% below watch threshold 10%,,302.2674013696868,,1.45,2026-03-31,Transportation & Logistic | Transportation | Passenger Marine Transportation | Passenger Marine Transportation,10,18.1436746865216,9.323868477410677,1.8682050333418738
BEST,Bekasi Fajar Industrial Estate Tbk.,Properties & Real Estate,Cyclical,110.0,50.0,73.1,84.2,69.1,5,8.38612005196207,0.14908416173544697,0.050610114925632735,6.707620637626962,False,106.71177126596528,44.78043616783169,,26.027320283233163,63.39714727927951,,-3.2263282890041567,-0.7350938444505057,92.40558435859215,-0.19040424627509936,-0.15994923310370768,SKIP,MOS -19% below watch threshold 10%,,216.03300739343226,,0.45,2026-06-30,Properties & Real Estate | Real Estate | Real Estate Development | Real Estate Development,35,12.379916854923529,9.504502268830333,0.7706297288148782
BFIN,BFI Finance Indonesia Tbk.,Financials,Financial,900.0,70.0,85.2,75.0,76.7,5,6.891604170880833,0.08858156448587239,0.1404131782104254,11.28903068944427,False,670.0862808791619,8.701258188786612,315.20046702913686,959.868669617837,1648.2057873738358,-1.8553257185269485,0.06237173012603188,0.4539516807339862,790.4066624740046,-0.13865436961647543,-0.12177037502888377,SKIP,MOS -14% below watch threshold 10%,,866.8480595990292,713.9652653489802,0.45,2026-06-30,Financials | Financing Service | Consumer Financing | Consumer Financing,10,7.989408923865265,19.754981122137107,0.6942929524188031
BGTG,Bank Ganesha Tbk.,Financials,Financial,112.0,51.7,72.2,62.5,62.1,4,,,,,False,,,122.03657445078444,165.00284633809085,210.6054525148731,0.08224234821366644,0.3212238304634334,0.4681999033615215,87.41416860946767,-0.28125682348329845,-0.21951635170118156,SKIP,MOS -28% below watch threshold 10%,,124.25414865615198,50.574188562783355,0.45,2026-06-30,Financials | Banks | Banks | Banks,39,13.481315257379515,,0.7861812292608251
BHAT,Bhakti Multi Artha Tbk.,Financials,Financial,1770.0,100.0,88.9,20.0,69.6,7,,,,,False,26.951595132030615,26.264123957600834,35.75764323922169,55.678844459146184,76.71833840258071,-48.49990658384694,-30.78945283784976,-22.07140687421952,92.53955838114852,-1.0,-0.9477177636264698,SKIP,Filings 4.5 quarters stale - not screenable,,92.53955838114852,,4.45,2025-06-30,Financials | Holding & Investment Companies | Investment Companies | Investment Companies,13,14.566398170997925,15.07996983497698,0.7997799244128763
BHIT,MNC Asia Holding Tbk.,Financials,Financial,27.0,15.0,68.9,100.0,61.3,6,1.207471257826553,0.09999244719191581,0.05501803655609948,10.000755337857639,False,-53.6565417337068,99.98302809114654,11.781701196104871,65.61010117255938,124.36057991188103,-1.2916894216368708,0.5884780008342311,0.7828894009731093,113.32760204001437,0.7617526576582228,3.1973185940746065,WATCH,Cheap but business economics poor - value trap risk,,135.68214361826543,90.97306046176331,0.45,2026-06-30,Financials | Holding & Investment Companies,15,8.175491053429136,13.040271436914992,0.6884651097364434
BIKA,Binakarya Jaya Abadi Tbk.,Properties & Real Estate,Cyclical,55.0,,,,,,,,,,False,,,,,,,,,,,,SKIP,No usable intrinsic value - cannot assess margin of safety,,,,,,Properties & Real Estate | Real Estate | Real Estate Development | Real Estate Development,35,12.379916854923529,9.504502268830333,0.7706297288148782
BIKE,Sepeda Bersama Indonesia Tbk.,Consumer Cyclicals,Ordinary,510.0,,,,,,,,,,False,,,,,,,,,,,,SKIP,No usable intrinsic value - cannot assess margin of safety,,,,,,Consumer Cyclicals,49,11.174937874788398,8.450289443602555,1.219026001317649
BIMA,Primarindo Asia Infrastructure Tbk.,Consumer Cyclicals,Ordinary,82.0,,,,,,,,,,False,,,,,,,,,,,,SKIP,No usable intrinsic value - cannot assess margin of safety,,,,,,Consumer Cyclicals,49,11.174937874788398,8.450289443602555,1.219026001317649
BINA,Bank Ina Perdana Tbk.,Financials,Financial,4080.0,27.5,44.7,20.0,30.7,4,,,,,False,,,6155.096852141206,9283.900882047414,12646.360343668763,0.3371347197273315,0.5605295605977837,0.6773775308369574,380.76266534197157,-1.0,-0.9066758173181442,SKIP,MOS -100% below watch threshold 10%,,380.76266534197157,,0.45,2026-06-30,Financials | Banks | Banks | Banks,39,13.481315257379515,,0.7861812292608251
BINO,Perma Plasindo Tbk.,Basic Materials,Cyclical,113.0,,,,,,,,,,False,,,,,,,,,,,,SKIP,No usable intrinsic value - cannot assess margin of safety,,,,,,Basic Materials | Containers & Packaging | Containers & Packaging | Containers & Packaging,9,19.006084751788784,13.236591015696982,0.9401486583379153
BIPI,Astrindo Nusantara Infrastruktur Tbk.,Energy,Cyclical,163.0,56.7,30.7,52.3,46.6,3,0.8616216500294258,0.12734956911556353,0.0675717423365341,7.852401911878859,False,-109.91370875865607,,,3.725778098506946,68.90148906509626,,-42.7492506774142,-1.3656963327164384,109.0072545437626,-0.4953133227895507,-0.33124383715483063,SKIP,MOS -50% below watch threshold 10%,Net debt/EBITDA 8.0x; Interest coverage 1.1x,179.19490550726636,,0.45,2026-06-30,"Energy | Oil, Gas & Coal | Oil & Gas",12,11.982005135072832,8.117437974233383,1.353991026774576
BIPP,Bhuwanatala Indah Permai Tbk.,Properties & Real Estate,Cyclical,76.0,43.3,26.2,18.3,29.3,1,0.3155710730509599,0.005850980152112416,0.004388850748814989,170.91153516201277,False,-104.64666777225881,,,,,,,,120.59437755117861,0.36978819789714795,0.5867681256734028,WATCH,Cheap but balance sheet weak - possible value trap,Net debt/EBITDA 62.0x; Interest coverage 0.1x; Normalised EBIT 9.2x trailing - valuation assumes cycle recovery,120.59437755117861,,1.45,2026-03-31,Properties & Real Estate | Real Estate | Real Estate Development | Real Estate Development,35,12.379916854923529,9.504502268830333,0.7706297288148782
BIRD,Blue Bird Tbk.,Transportation & Logistic,Cyclical,1630.0,76.7,75.9,73.2,75.3,4,3.5525399364783503,0.19296456633737033,0.12206020353278155,5.182298589740285,False,-635.6352690793619,1525.353431634235,,,,,,,1675.44593694342,0.02712468122148353,0.027880942910073703,SKIP,MOS 3% below watch threshold 10%,,1925.6001124587287,,0.45,2026-06-30,Transportation & Logistic | Transportation | Passenger Land Transportation | Road Transportation,5,6.625536398518111,5.910974792208097,1.2412717730358216
BISI,BISI International Tbk.,Consumer Non-Cyclicals,Deep Value,700.0,50.0,93.3,76.0,73.1,6,17.835627531214154,0.134572365585983,0.07719461067071318,7.430946135527838,False,813.8543087285798,1076.610050784848,583.9425710263486,850.5493375475536,1141.534675679743,-0.198748018610232,0.17700247463791186,0.3867904191494007,685.8293862123049,-0.020662010220874983,-0.02024373398242152,SKIP,MOS -2% below watch threshold 10%,,685.8293862123049,,0.45,2026-06-30,Consumer Non-Cyclicals | Food & Beverage | Agricultural Products | Plantations & Crops,26,8.531657563897525,6.89544177076508,1.5596099814498379
BJBR,Bank Pembangunan Daerah Jawa Barat dan Banten Tbk.,Financials,Financial,795.0,58.3,55.8,92.5,68.9,6,,,,,False,,,14274.082734632924,22170.471239082064,30675.15390133967,0.9443046523703336,0.964141492915199,0.9740832596127487,1106.2949400728826,0.2813851250665347,0.3915659623558272,WATCH,MOS 28% attractive but short of buy threshold 30%,,1398.0789854973436,814.5108946484215,0.45,2026-06-30,Financials | Banks | Banks | Banks,39,13.481315257379515,,0.7861812292608251
BJTM,Bank Pembangunan Daerah Jawa Timur Tbk.,Financials,Financial,520.0,50.0,39.2,100.0,63.1,3,,,,,False,,,,,,,,,935.8506034899849,0.4443557571466963,0.7997126990192018,WATCH,Cheap but balance sheet weak - possible value trap,Earnings materially exceed cash generation,1030.5603360449552,841.1408709350145,0.45,2026-06-30,Financials | Banks | Banks | Banks,39,13.481315257379515,,0.7861812292608251
BKDP,Bukit Darmo Property Tbk.,Properties & Real Estate,Cyclical,169.0,38.3,28.9,20.0,29.1,5,-2.0392678753769595,-0.02122487273510406,-0.05062689117395821,-47.114534559544786,False,-50.022446613123066,,,,,,,,30.734200707783913,-1.0,-0.8181408242142963,SKIP,MOS -100% below watch threshold 10%,Interest coverage -15.2x,30.73420070778391,,1.45,2026-03-31,Properties & Real Estate | Real Estate | Real Estate Development | Real Estate Development,35,12.379916854923529,9.504502268830333,0.7706297288148782
BKSL,Sentul City Tbk.,Properties & Real Estate,Cyclical,78.0,76.7,83.8,36.8,65.8,8,4.2597737415138734,0.07048902963305916,0.059762690031359804,14.186604712898513,False,-3.0910090372055525,2.018492988116573,6.927810644104588,20.152219811138238,34.11899186989461,-10.258968237877035,-2.8705413463626965,-1.2861167849693838,24.127343105978962,-1.0,-0.6906750883848851,SKIP,MOS -100% below watch threshold 10%,Trailing EBIT 2.4x mid-cycle - possible peak earnings,63.625508832310096,,0.45,2026-06-30,Properties & Real Estate | Real Estate | Real Estate Development | Real Estate Development,35,12.379916854923529,9.504502268830333,0.7706297288148782
BKSW,Bank QNB Indonesia Tbk.,Financials,Financial,52.0,15.0,61.1,100.0,58.7,2,,,,,False,,,72.60003363402572,84.31929366887591,97.11016498994836,0.2837468882985617,0.38329654178312533,0.4645256755007841,88.69092423421196,0.41369423704865027,0.7055946968117686,WATCH,Cheap but F-Score 2/9 shows deteriorating fundamentals,,105.00151915935332,72.38032930907059,0.45,2026-06-30,Financials | Banks | Banks | Banks,39,13.481315257379515,,0.7861812292608251
BLES,Superior Prima Sukses Tbk.,Basic Materials,Cyclical,216.0,71.7,69.9,76.0,72.5,4,3.2118651577488473,0.12469834270129776,0.17213627625975,8.01935277035236,False,-47.508593055780366,86.85941719876877,,,,,,,155.61327674895938,-0.38805636969176177,-0.27956816319926214,SKIP,MOS -39% below watch threshold 10%,,270.20304266594377,,0.45,2026-06-30,Basic Materials | Construction Materials | Construction Materials | Construction Materials,10,12.68567498355167,10.901767958955283,0.5102438604959392
BLOG,Trimitra Trans Persada Tbk.,Transportation & Logistic,Cyclical,382.0,70.0,81.3,59.8,70.4,6,3.675692543321963,0.14731199486387042,0.2682253032062866,6.788313476605148,False,-59.12963249428141,212.5375817066549,,,,,,,274.5878464265138,-0.3911759204616954,-0.28118364809813134,SKIP,MOS -39% below watch threshold 10%,,378.00495429294534,,0.45,2026-06-30,Transportation & Logistic | Logistics & Deliveries | Logistics & Deliveries | Logistics & Deliveries,7,9.052415583885466,6.788313476605148,1.053034918368662
BLTA,Berlian Laju Tanker Tbk.,Transportation & Logistic,Cyclical,33.0,63.3,35.6,60.5,53.1,7,-25.729643469816843,0.1306823832530419,0.051555358269080205,7.6521408250084315,False,-36.23390219675369,,,,,,,,19.807734155814593,-0.6660158976493934,-0.399765631641982,SKIP,MOS -67% below watch threshold 10%,Net debt/EBITDA 6.7x; Interest coverage 1.3x,19.807734155814593,,0.45,2026-06-30,Transportation & Logistic | Transportation | Passenger Marine Transportation | Passenger Marine Transportation,10,18.1436746865216,9.323868477410677,1.8682050333418738
BLTZ,Graha Layar Prima Tbk.,Consumer Cyclicals,Compounder,2540.0,85.0,35.0,35.0,51.7,9,-2.9666124180447677,0.044610613457474524,0.09237869232896441,22.4161902851495,False,-1284.9001380853201,,,,,,,,465.5443523439979,-1.0,-0.8167148219118119,SKIP,MOS -100% below watch threshold 10%,Net debt/EBITDA 6.9x; Interest coverage 1.3x,465.5443523439979,,1.45,2026-03-31,Consumer Cyclicals | Media & Entertainment,10,12.548556815186648,8.243461215824126,2.8142590489474553
BLUE,Berkah Prima Perkasa Tbk.,Consumer Cyclicals,Ordinary,2480.0,65.0,94.4,18.8,59.4,7,16.827597422866262,0.020004640696555328,0.19532120350929477,49.98840094999525,False,149.2792462172902,323.2486469732595,303.56229148008396,476.5326451960962,662.9367964007022,-7.169657660403804,-4.204260453089136,-2.7409297740971996,428.72930024578545,-1.0,-0.8271252821589574,SKIP,MOS -100% below watch threshold 10%,,499.91686290682463,,1.45,2026-03-31,Consumer Cyclicals | Retailing | Specialty Retail | Specialty Stores,6,10.582498513763287,10.050352905588877,2.8584492925773355
BMAS,Bank Maspion Indonesia Tbk.,Financials,Financial,515.0,41.7,77.8,40.0,53.2,5,,,,,False,,,,,,,,,78.2433538505609,-1.0,-0.8480711575717264,SKIP,MOS -100% below watch threshold 10%,Earnings materially exceed cash generation,151.48807577705387,4.998631924067921,1.45,2026-03-31,Financials | Banks | Banks | Banks,39,13.481315257379515,,0.7861812292608251
BMBL,Lavender Bina Cendikia Tbk.,Consumer Cyclicals,Ordinary,31.0,,,,,,,,,,False,,,,,,,,,,,,SKIP,No usable intrinsic value - cannot assess margin of safety,,,,,,Consumer Cyclicals | Consumer Services,9,17.933020637857847,13.102684494262084,1.5661740593254243
BMHS,Bundamedik Tbk.,Healthcare,Ordinary,189.0,43.3,51.3,18.3,37.6,6,2.3401236823484433,0.027760834009062752,0.02400191781857735,36.02197252696161,False,-59.56382684946417,,,,,,,,160.65354047372497,-0.17644466124237776,-0.14998126733478845,SKIP,MOS -18% below watch threshold 10%,Net debt/EBITDA 6.6x; Interest coverage 1.2x,160.65354047372497,,0.45,2026-06-30,Healthcare | Healthcare Equipment & Providers | Healthcare Providers | Healthcare Providers,8,26.02401022549359,18.815604339264357,1.336894058656226
BMRI,Bank Mandiri (Persero) Tbk.,Financials,Financial,4240.0,85.0,62.8,75.0,74.3,5,,,,,False,,,6248.002207237405,9625.076341994609,13239.247995321275,0.3213830822453016,0.5594840134928901,0.6797401180566746,6319.507960601006,0.32906168859438195,0.4904499907077844,BUY,"MOS 33%, quality and balance sheet both pass",,5570.279304608277,7068.736616593735,0.45,2026-06-30,Financials | Banks | Banks | Banks,39,13.481315257379515,,0.7861812292608251
BMSR,Bintang Mitra Semestaraya Tbk.,Consumer Cyclicals,Deep Value,306.0,36.7,81.8,100.0,72.8,8,5.046912409281497,0.48277705070326526,0.19491689966567766,2.0713494946441466,True,484.6031742535953,528.9083732262263,293.5552610191078,635.1391126300502,1007.9574542590506,-0.04239317305262734,0.5182157831016212,0.6964157577216981,484.6031742535953,0.3685555187059739,0.5836705040967167,DEEP VALUE,Trades below 2/3 NCAV - Graham net-net,,1187.2094031989361,,0.45,2026-06-30,Consumer Cyclicals | Retailing | Specialty Retail | Specialty Stores,6,10.582498513763287,10.050352905588877,2.8584492925773355
BMTR,Global Mediacom Tbk.,Consumer Cyclicals,Deep Value,117.0,50.0,77.6,58.0,61.9,7,6.000716233091994,0.10234057674873645,0.056508398387076116,9.771295333376617,True,383.59402021582764,403.5264780677603,,,,,,,383.59402021582764,0.6949900315594847,2.2785813693660484,DEEP VALUE,Trades below 2/3 NCAV - Graham net-net,,758.4403988219913,,0.45,2026-06-30,Consumer Cyclicals | Media & Entertainment | Media | Broadcasting,5,2.9402451161671346,9.771295333376617,2.0515302456242384
BNBA,Bank Bumi Arta Tbk.,Financials,Financial,745.0,43.3,77.8,50.0,57.0,5,,,,,False,,,1154.8186981412798,1605.8242329643901,2096.1339774282987,0.3548770891923529,0.5360637953353636,0.6445837870945519,485.130577090602,-0.5356690243436569,-0.34881801732805096,SKIP,MOS -54% below watch threshold 10%,,751.980413221084,218.28074096012006,1.45,2026-03-31,Financials | Banks | Banks | Banks,39,13.481315257379515,,0.7861812292608251
BNBR,Bakrie & Brothers Tbk.,Industrials,Cyclical,109.0,45.0,31.2,18.8,31.7,1,0.9191047183443264,0.02754327630728971,0.048046878476609614,36.30650140685464,False,-32.61967140003195,,,,,,,,10.548981735619337,-1.0,-0.9032203510493639,SKIP,MOS -100% below watch threshold 10%,Net debt/EBITDA 16.9x; Trailing EBIT 2.3x mid-cycle - possible peak earnings,10.548981735619337,,1.45,2026-03-31,Industrials,23,11.957593259920444,8.600347857944449,1.0083627901114305
BNGA,Bank CIMB Niaga Tbk.,Financials,Financial,1650.0,36.7,72.2,85.0,64.6,4,,,,,False,,,,,,,,,2489.125609136964,0.3371166188065165,0.5085609752345237,WATCH,"Cheap and sound, but flagged: Earnings materially exceed cash generation",Earnings materially exceed cash generation,2734.915305052022,2243.3359132219066,1.45,2026-03-31,Financials | Banks | Banks | Banks,39,13.481315257379515,,0.7861812292608251
BNII,Bank Maybank Indonesia Tbk.,Financials,Financial,194.0,30.0,81.4,82.5,64.6,7,,,,,False,,,,,,,,,214.36253920222322,0.09499112707847618,0.10496154227950116,SKIP,MOS 9% below watch threshold 10%,Earnings materially exceed cash generation,301.51423932648913,127.21083907795729,0.45,2026-06-30,Financials | Banks | Banks | Banks,39,13.481315257379515,,0.7861812292608251
BNLI,Bank Permata Tbk.,Financials,Financial,2200.0,30.0,83.3,30.0,47.8,6,,,,,False,,,,,,,,,799.8983263864707,-1.0,-0.6364098516425134,SKIP,MOS -100% below watch threshold 10%,Earnings materially exceed cash generation,1101.587828533064,498.2088242398773,0.45,2026-06-30,Financials | Banks | Banks | Banks,39,13.481315257379515,,0.7861812292608251
BOAT,Newport Marine Services Tbk.,Transportation & Logistic,Cyclical,134.0,,,,,,,,,,False,,,,,,,,,,,,SKIP,No usable intrinsic value - cannot assess margin of safety,,,,,,Transportation & Logistic | Transportation | Passenger Marine Transportation | Passenger Marine Transportation,10,18.1436746865216,9.323868477410677,1.8682050333418738
BOBA,Formosa Ingredient Factory Tbk.,Consumer Non-Cyclicals,Ordinary,214.0,,,,,,,,,,False,,,,,,,,,,,,SKIP,No usable intrinsic value - cannot assess margin of safety,,,,,,Consumer Non-Cyclicals | Food & Beverage | Processed Foods | Processed Foods,21,10.558880519242848,8.175622633576266,1.6206373241502938
BOGA,Bintang Oto Global Tbk.,Consumer Cyclicals,Ordinary,1810.0,16.7,66.6,18.8,34.0,7,2.705980885411965,0.005756484670074112,0.09133535899573626,173.71713073408142,False,17.955970387251973,45.71788186360528,18.353852115256164,39.721512332235434,63.04303531705023,-97.61690007273647,-44.56724791495715,-27.71054654804158,46.599443990309496,-1.0,-0.9742544508340831,SKIP,MOS -100% below watch threshold 10%,Interest coverage 1.4x,58.8383216206139,,1.45,2026-03-31,Consumer Cyclicals | Retailing | Specialty Retail,13,10.582498513763287,8.450289443602555,1.4759097575188527
BOLA,Bali Bintang Sejahtera Tbk.,Consumer Cyclicals,Ordinary,157.0,76.7,91.7,53.2,73.9,6,12.570535800323952,0.1580349797556444,0.18347302082962796,6.327713026231359,False,75.15725941462594,23.803192677490536,16.266030591230855,25.626302371806524,35.749049746515155,-8.65201676705563,-5.126517892519985,-3.3917251259330183,51.03668113802516,-1.0,-0.6749255978469735,SKIP,MOS -100% below watch threshold 10%,Trailing EBIT 7.1x mid-cycle - possible peak earnings,129.82017100872343,,1.45,2026-03-31,Consumer Cyclicals,49,11.174937874788398,8.450289443602555,1.219026001317649
BOLT,Garuda Metalindo Tbk.,Industrials,Cyclical,805.0,66.7,88.8,43.0,66.2,8,4.207067328041939,0.09043217968890382,0.19868108698832013,11.05801058251725,False,70.980393291626,323.7039094209284,283.72025172088985,527.9405445928097,789.8246011896588,-1.837301867305263,-0.5247929113322426,-0.01921363146638324,495.89243199021064,-0.6233359254329,-0.38398455653389985,SKIP,MOS -62% below watch threshold 10%,,761.5078945372817,,0.45,2026-06-30,Industrials | Industrial Goods | Machinery,4,14.416005681359687,9.823816834611925,1.0469873784900932
BOSS,Borneo Olah Sarana Sukses Tbk.,Energy,Cyclical,50.0,60.0,66.7,,63.4,6,,,,,False,,,,,,,,,,,,SKIP,No usable intrinsic value - cannot assess margin of safety,,,,,,"Energy | Oil, Gas & Coal | Coal | Coal Production",26,15.378032536083092,8.15902719908333,1.327597648369335
BPFI,Woori Finance Indonesia Tbk.,Financials,Financial,264.0,55.0,66.7,92.5,71.4,3,,,,,False,,,,,,,,,233.15112279702822,-0.1323127970943873,-0.1168518075870143,SKIP,MOS -13% below watch threshold 10%,Earnings materially exceed cash generation,313.27092065064363,153.03132494341278,0.45,2026-06-30,Financials | Financing Service | Consumer Financing | Consumer Financing,10,7.989408923865265,19.754981122137107,0.6942929524188031
BPII,Batavia Prosperindo Internasional Tbk.,Financials,Financial,438.0,75.0,77.2,17.5,56.6,6,2.413328586945286,0.05560146128614919,0.10918413977978728,17.985138823124935,False,-60.263386246288675,29.52530378880696,,,,,,,168.36647926105218,-1.0,-0.6156016455227119,SKIP,MOS -100% below watch threshold 10%,,268.3413020903494,68.39165643175497,1.45,2026-03-31,Financials | Investment Service | Investment Services | Investment Banking & Brokerage Services,4,19.145500860475803,10.882301928835526,2.9574084099589757
BPTR,Batavia Prosperindo Trans Tbk.,Financials,Financial,79.0,,,,,,,,,,False,,,,,,,,,,,,SKIP,No usable intrinsic value - cannot assess margin of safety,,,,,,Financials | Investment Service | Investment Services,6,21.010299838295108,8.82707394421313,2.9306073595903257
BRAM,Indo Kordsa Tbk.,Consumer Cyclicals,Ordinary,4600.0,23.3,91.1,52.5,55.6,5,6.30426047187293,0.08804228056305681,0.048009237635063956,11.358179202136744,False,1938.3969615097894,6793.634532443466,2288.44435632619,3092.1405685926725,3969.326909860277,-1.010099125759266,-0.48764258867235144,-0.15888665873628516,4436.529656598461,-0.0368464444181973,-0.03553703117424767,SKIP,MOS -4% below watch threshold 10%,Normalised EBIT 2.2x trailing - valuation assumes cycle recovery,3287.605371224714,,0.45,2026-06-30,Consumer Cyclicals | Automobiles & Components | Auto Components | Auto Parts & Equipment,5,8.829144066661675,5.966440431315428,0.8529848809918651
BREN,Barito Renewables Energy Tbk.,Energy,Cyclical,3570.0,47.5,61.3,18.8,42.5,6,1.9811960429174518,0.01661868671152353,0.1272613322516028,60.17322652256222,False,-323.79461866122267,37.91580866775098,,123.76897827527586,273.6745362868147,,-27.84406132900222,-12.04469187538365,109.21296462759129,-1.0,-0.9694081331575375,SKIP,MOS -100% below watch threshold 10%,,218.33754879553544,,0.45,2026-06-30,Energy,48,12.769743421191965,8.117437974233383,1.3229373691448352
BRIS,Bank Syariah Indonesia Tbk.,Financials,Financial,1835.0,61.7,68.3,55.0,61.7,6,,,,,False,,,,,,,,,1632.813994513803,-0.123826722557214,-0.1101831092567831,SKIP,MOS -12% below watch threshold 10%,Earnings materially exceed cash generation,1592.8542940784205,1672.7736949491855,1.45,2026-03-31,Financials | Banks | Banks | Banks,39,13.481315257379515,,0.7861812292608251
BRMS,Bumi Resources Minerals Tbk.,Basic Materials,Cyclical,625.0,70.0,73.8,18.8,54.2,8,3.2244241049481195,0.014458309576619128,0.05444190849161005,69.16437877475826,False,-11.221708288049328,2.090435139408931,,,,,,,21.079171367173586,-1.0,-0.9662733258125222,SKIP,MOS -100% below watch threshold 10%,,52.72706508011469,,0.45,2026-06-30,Basic Materials | Metals & Minerals,19,12.449518149274448,8.573447831556207,2.228715086990508
BRNA,Berlina Tbk.,Basic Materials,Cyclical,640.0,16.7,35.6,18.3,23.5,7,1.0725416862138233,0.0473672508355972,0.04140771243052439,21.111632665167996,False,-628.292459510788,,,,,,,,554.3287915854488,-0.15454944739478704,-0.13386126314773628,SKIP,MOS -15% below watch threshold 10%,Net debt/EBITDA 10.1x; Interest coverage 0.9x; Trailing EBIT -6.0x mid-cycle - possible peak earnings,554.3287915854488,,0.45,2026-06-30,Basic Materials | Containers & Packaging | Containers & Packaging | Containers & Packaging,9,19.006084751788784,13.236591015696982,0.9401486583379153
BRPT,Barito Pacific Tbk.,Basic Materials,Cyclical,1945.0,80.0,82.1,65.0,75.7,5,2.760217426802324,0.2564503247162856,0.21234324450197273,3.8993906562852407,False,-892.4703999275874,,,,,,,,1021.776632519286,-0.9035471531624484,-0.4746649704271023,SKIP,MOS -90% below watch threshold 10%,Trailing EBIT 4.8x mid-cycle - possible peak earnings,1021.7766325192858,,0.45,2026-06-30,Basic Materials | Chemicals | Basic Chemicals | Basic Chemicals,8,8.598946032361429,6.137238035447713,1.0540245818465046
BRRC,Raja Roti Cemerlang Tbk.,Consumer Non-Cyclicals,Ordinary,59.0,,,,,,,,,,False,,,,,,,,,,,,SKIP,No usable intrinsic value - cannot assess margin of safety,,,,,,Consumer Non-Cyclicals | Food & Beverage | Processed Foods | Processed Foods,21,10.558880519242848,8.175622633576266,1.6206373241502938
BSBK,Wulandari Bangun Laksana Tbk.,Properties & Real Estate,Cyclical,54.0,71.7,72.3,37.5,60.5,6,4.56789522986172,0.07170145205523575,0.04214683829303336,13.946718948308643,False,-20.809729166167966,12.176183638099209,4.278202039204379,14.256206444443956,24.84013622585467,-11.622124786337213,-2.7878239355214527,-1.1739011215161737,19.17942983331117,-1.0,-0.6448253734572006,SKIP,MOS -100% below watch threshold 10%,,34.13365575124258,,1.45,2026-03-31,Properties & Real Estate | Real Estate | Real Estate Development | Real Estate Development,35,12.379916854923529,9.504502268830333,0.7706297288148782
BSDE,Bumi Serpong Damai Tbk.,Properties & Real Estate,Cyclical,605.0,66.7,68.7,68.2,67.9,3,5.2851628535890445,0.1558408646903792,0.07285032779030541,6.416802178214138,False,205.8410843244688,787.4715303349074,869.0326923360698,1665.3541717211772,2516.0893839430637,0.3038236589538611,0.6367139133084704,0.7595474930815532,1217.4571723827805,0.5030626015238735,1.0123259047649267,WATCH,Cheap but F-Score 3/9 shows deteriorating fundamentals,,1635.5019095703049,,0.45,2026-06-30,Properties & Real Estate | Real Estate | Real Estate Development | Real Estate Development,35,12.379916854923529,9.504502268830333,0.7706297288148782
BSIM,Bank Sinarmas Tbk.,Financials,Financial,705.0,15.0,59.2,30.0,34.7,3,,,,,False,,,,,,,,,207.66442511326798,-1.0,-0.7054405317542298,SKIP,MOS -100% below watch threshold 10%,Earnings materially exceed cash generation,252.92293315502351,162.40591707151245,0.45,2026-06-30,Financials | Banks | Banks | Banks,39,13.481315257379515,,0.7861812292608251
BSML,Bintang Samudera Mandiri Lines Tbk.,Transportation & Logistic,Cyclical,510.0,,,,,,,,,,False,,,,,,,,,,,,SKIP,No usable intrinsic value - cannot assess margin of safety,,,,,,Transportation & Logistic | Transportation | Passenger Marine Transportation | Passenger Marine Transportation,10,18.1436746865216,9.323868477410677,1.8682050333418738
BSSR,Baramulti Suksessarana Tbk.,Energy,Cyclical,4330.0,66.7,93.3,93.2,84.4,6,9.633725696595414,0.18972652273888493,0.47896537083346635,5.270744361747834,False,907.4983923176394,9155.006370033047,4814.994947550566,7308.981431656736,10031.018497122679,0.10072595149809824,0.4075781912311531,0.5683389477108404,8175.283508735234,0.47035475951709504,0.8880562375831949,BUY,"MOS 47%, quality and balance sheet both pass",,7119.946791291209,,1.45,2026-03-31,"Energy | Oil, Gas & Coal | Coal | Coal Production",26,15.378032536083092,8.15902719908333,1.327597648369335
BSWD,Bank of India Indonesia Tbk.,Financials,Financial,1125.0,50.0,77.8,40.0,55.9,5,,,,,False,,,288.256575382245,341.01414971869673,396.7333131099032,-2.9027730712063877,-2.2989833440284366,-1.8356580171737487,353.7028118996599,-1.0,-0.6855975005336357,SKIP,MOS -100% below watch threshold 10%,,586.2817597470466,121.12386405227308,0.45,2026-06-30,Financials | Banks | Banks | Banks,39,13.481315257379515,,0.7861812292608251
BTEK,Bumi Teknokultura Unggul Tbk.,Consumer Non-Cyclicals,Ordinary,11.0,16.7,44.9,20.0,27.2,4,-2.5454709187172715,-0.13964059096356196,-0.13251457960372637,-7.161241535141753,False,-73.24566024176572,,,,,,,,7.682387306199977,-0.4318465812212545,-0.3016011539818203,SKIP,MOS -43% below watch threshold 10%,Interest coverage -87.2x,7.682387306199977,,0.45,2026-06-30,Consumer Non-Cyclicals | Food & Beverage | Agricultural Products | Plantations & Crops,26,8.531657563897525,6.89544177076508,1.5596099814498379
BTEL,Bakrie Telecom Tbk.,Infrastructures,Cyclical,50.0,,,,,,,,,,False,,,,,,,,,,,,SKIP,No usable intrinsic value - cannot assess margin of safety,,,,,,Infrastructures | Telecommunication | Telecommunication Service,9,20.371497234407094,12.179224655374979,1.7351265363762383
BTON,Betonjaya Manunggal Tbk.,Basic Materials,Cyclical,368.0,,,,,,,,,,False,,,,,,,,,,,,SKIP,No usable intrinsic value - cannot assess margin of safety,,,,,,Basic Materials | Construction Materials | Construction Materials | Construction Materials,10,12.68567498355167,10.901767958955283,0.5102438604959392
BTPN,Bank SMBC Indonesia Tbk.,Financials,Financial,2140.0,65.0,77.8,57.5,66.8,5,,,,,False,,,618.1270403326365,2870.025944494666,5261.382703694151,-2.462071484283212,0.25436214118378075,0.593262813119933,1089.4313475630195,-0.964327540957058,-0.49091993104531806,SKIP,MOS -96% below watch threshold 10%,,2053.8009703952703,125.06172473076852,1.45,2026-03-31,Financials | Banks | Banks | Banks,39,13.481315257379515,,0.7861812292608251
BTPS,Bank BTPN Syariah Tbk.,Financials,Financial,995.0,35.0,83.3,85.0,67.8,6,,,,,False,,,451.72942208804534,619.6585400430894,802.0203135785483,-1.2026459897183037,-0.6057230485854522,-0.24061695589777804,1477.8085399077956,0.3267057449390023,0.48523471347517155,WATCH,"Cheap and sound, but flagged: Earnings materially exceed cash generation",Earnings materially exceed cash generation,1611.9746244321523,1343.642455383439,0.45,2026-06-30,Financials | Banks | Banks | Banks,39,13.481315257379515,,0.7861812292608251
BUAH,Segar Kumala Indonesia Tbk.,Consumer Non-Cyclicals,Compounder,515.0,73.3,87.3,32.5,64.4,6,3.312154673910198,0.06098905816940268,0.6563755692988946,16.396383712344086,False,61.81650163174111,221.58110571206424,210.21683636575827,297.9958908061341,390.7024933784511,-1.4498513482713946,-0.7282117501916873,-0.3181385036648564,240.93344018961056,-1.0,-0.532168077301727,SKIP,MOS -100% below watch threshold 10%,,176.72678747173768,,0.45,2026-06-30,"Consumer Non-Cyclicals | Food & Beverage | Agricultural Products | Fish, Meat & Poultry",9,8.671024281367984,16.396383712344086,1.245367442390432
BUDI,Budi Starch & Sweetener Tbk.,Consumer Non-Cyclicals,Ordinary,218.0,30.0,59.1,53.5,47.5,5,3.5150939208627356,0.10862812602442086,0.12434671071030595,9.205718966146838,False,38.10096961622327,,,,,,,,287.4443392838162,0.2415923008149706,0.31855201506337694,WATCH,MOS 24% attractive but short of buy threshold 30%,Net debt/EBITDA 5.2x,287.4443392838162,,1.45,2026-03-31,Consumer Non-Cyclicals | Food & Beverage | Processed Foods | Processed Foods,21,10.558880519242848,8.175622633576266,1.6206373241502938
BUKA,Bukalapak.com Tbk.,Consumer Cyclicals,Deep Value,118.0,50.0,73.2,30.0,51.1,7,14.386338104733689,,-0.0178510429942494,40.96178563806704,True,204.1332183709768,188.20450413492944,209.7345100897635,242.71390691501978,277.5446288229497,0.43738395770206046,0.5138309069314485,0.5748431504496015,188.20450413492944,0.3730224441631733,0.5949534248722834,DEEP VALUE,Trades below 2/3 NCAV - Graham net-net,Interest coverage -9.8x,376.24612596391046,,0.45,2026-06-30,Consumer Cyclicals | Retailing,18,10.694931239689799,10.050352905588877,1.422027519184855
BUKK,Bukaka Teknik Utama Tbk.,Industrials,Cyclical,1030.0,23.3,51.3,29.2,34.6,6,1.8014859347749894,0.055907310894554633,0.0482699827842988,17.886748333971468,False,-4489.908188467428,,,,,,,,1990.058749990195,0.48242734039632007,0.9320958737768885,WATCH,Cheap but business economics poor - value trap risk,Net debt/EBITDA 13.5x; Interest coverage 1.4x,1990.0587499901953,,0.45,2026-06-30,Industrials | Industrial Goods | Machinery,4,14.416005681359687,9.823816834611925,1.0469873784900932
BULL,Buana Lintas Lautan Tbk.,Transportation & Logistic,Cyclical,464.0,73.3,43.9,48.5,55.2,4,-0.5593186144858298,0.1054699307568023,0.12479812747553379,9.481375334414968,False,-133.990872339552,80.47675159999157,,,,,,,224.2979697499947,-1.0,-0.5165992031250114,SKIP,MOS -100% below watch threshold 10%,,464.0,,1.45,2026-03-31,Transportation & Logistic | Transportation | Passenger Marine Transportation | Passenger Marine Transportation,10,18.1436746865216,9.323868477410677,1.8682050333418738
BUMI,Bumi Resources Tbk.,Energy,Cyclical,192.0,30.0,70.6,26.2,42.3,7,1.8710349169740856,0.06875680216258977,0.0730505813726382,14.54401555260368,False,-31.66352242021359,24.076141682929336,,,,,,,48.11632398351855,-1.0,-0.7493941459191742,SKIP,MOS -100% below watch threshold 10%,,88.18329448450058,,0.45,2026-06-30,"Energy | Oil, Gas & Coal | Coal | Coal Production",26,15.378032536083092,8.15902719908333,1.327597648369335
BUVA,Bukit Uluwatu Villa Tbk.,Consumer Cyclicals,Ordinary,790.0,70.0,65.1,18.8,51.3,5,2.930868084727892,0.0019147031922672907,0.015105809105744064,522.274159273664,False,-13.062974821758928,5.759326330950437,,,,,,,7.677674590791261,-1.0,-0.9902814245686187,SKIP,MOS -100% below watch threshold 10%,,10.363362154568415,,0.45,2026-06-30,"Consumer Cyclicals | Consumer Services | Tourism & Recreation | Hotels, Resorts & Cruise Lines",4,20.170262477240115,14.879103844859301,1.5661740593254243
BVIC,Bank Victoria International Tbk.,Financials,Financial,93.0,51.7,70.3,82.5,68.2,5,,,,,False,,,229.46257688752732,399.23591694435964,581.5305883065247,0.5947051529645089,0.7670550267325744,0.8400771999443308,91.1513764858068,-0.020280807437735807,-0.019877672195625862,SKIP,MOS -2% below watch threshold 10%,,150.0409828773065,32.261770094307096,0.45,2026-06-30,Financials | Banks | Banks | Banks,39,13.481315257379515,,0.7861812292608251
BWPT,Eagle High Plantations Tbk.,Consumer Non-Cyclicals,Ordinary,93.0,60.0,40.6,93.2,64.6,7,0.9521852119206566,0.16766335839497515,0.15634802156294136,5.964332395419618,False,-156.27338199912666,,,,,,,,130.3430425009296,0.2864981650298924,0.40153809140784524,WATCH,MOS 29% attractive but short of buy threshold 30%,,130.3430425009296,,0.45,2026-06-30,Consumer Non-Cyclicals | Food & Beverage | Agricultural Products | Plantations & Crops,26,8.531657563897525,6.89544177076508,1.5596099814498379
BYAN,Bayan Resources Tbk.,Energy,Cyclical,12125.0,73.3,92.6,25.0,63.6,7,7.52496423013263,0.04608950587706202,0.5535919965432432,21.69691301675862,False,380.8950587973498,5491.379107198121,3167.051612640971,4678.615635038848,6328.397348778342,-2.8284819709297664,-1.5915785663592605,-0.9159669236541628,5196.943671641955,-1.0,-0.5713860889367459,SKIP,MOS -100% below watch threshold 10%,,5051.769970117082,,0.45,2026-06-30,"Energy | Oil, Gas & Coal | Coal | Coal Production",26,15.378032536083092,8.15902719908333,1.327597648369335
CAKK,Cahayaputra Asa Keramik Tbk.,Basic Materials,Cyclical,140.0,,,,,,,,,,False,,,,,,,,,,,,SKIP,No usable intrinsic value - cannot assess margin of safety,,,,,,Basic Materials | Construction Materials | Construction Materials | Construction Materials,10,12.68567498355167,10.901767958955283,0.5102438604959392
CAMP,Campina Ice Cream Industry Tbk.,Consumer Non-Cyclicals,Ordinary,171.0,58.3,88.9,61.0,69.4,5,9.107120151478235,0.12231484314027953,0.10861557899250228,8.175622633576266,False,59.62047753396016,173.7293797664039,131.69584934528532,193.36552475428437,259.9513933627407,-0.298446388782273,0.11566448974141041,0.3421847146578529,179.4271135275584,0.046966778665054214,0.049281365658236265,SKIP,MOS 5% below watch threshold 10%,,165.10248283041315,,1.45,2026-03-31,Consumer Non-Cyclicals | Food & Beverage | Processed Foods | Processed Foods,21,10.558880519242848,8.175622633576266,1.6206373241502938
CANI,Capitol Nusantara Indonesia Tbk.,Properties & Real Estate,Cyclical,135.0,,,,,,,,,,False,,,,,,,,,,,,SKIP,No usable intrinsic value - cannot assess margin of safety,,,,,,Properties & Real Estate | Real Estate | Real Estate Development | Real Estate Development,35,12.379916854923529,9.504502268830333,0.7706297288148782
CARE,Metro Healthcare Indonesia Tbk.,Healthcare,Ordinary,428.0,63.3,48.8,18.8,43.6,8,2.649948359385011,0.008590841093287796,0.034720315661556124,116.40303773996249,False,-18.31067940046078,,,,,,,,51.94501482399033,-1.0,-0.878633142934602,SKIP,MOS -100% below watch threshold 10%,Net debt/EBITDA 5.1x; Interest coverage 1.4x; Trailing EBIT -48.7x mid-cycle - possible peak earnings,51.94501482399033,,0.45,2026-06-30,Healthcare | Healthcare Equipment & Providers | Healthcare Providers | Healthcare Providers,8,26.02401022549359,18.815604339264357,1.336894058656226
CARS,Industri dan Perdagangan Bintraco Dharma Tbk.,Consumer Cyclicals,Ordinary,91.0,30.0,59.3,66.0,51.8,6,1.9021907116238757,0.11368174548437839,0.17713933966246498,8.79648703262931,False,-8.398868363308972,82.60494800817575,52.37488661059835,109.93141833977319,172.73935778774714,-0.7374739286134443,0.17221117152569113,0.47319475326627114,87.9384604831545,-0.03481456805162024,-0.03364329139390654,SKIP,MOS -3% below watch threshold 10%,,60.21664537753486,,0.45,2026-06-30,Consumer Cyclicals | Automobiles & Components,9,9.058814562713982,5.966440431315428,0.7918529461457362
CASA,Capital Financial Indonesia Tbk.,Financials,Financial,1845.0,15.0,49.4,17.5,27.3,3,,0.014566340271640195,0.0395377499571347,68.65142385468923,False,,172.26048441640765,115.31499924005917,169.09416401106247,227.79090546871953,-14.999653229491305,-9.911080289437407,-7.09953319340643,112.26935174081888,-1.0,-0.9391494028505046,SKIP,MOS -100% below watch threshold 10%,Interest coverage 1.2x,120.22429848899644,104.3144049926413,0.45,2026-06-30,Financials | Holding & Investment Companies | Investment Companies | Investment Companies,13,14.566398170997925,15.07996983497698,0.7997799244128763
CASH,Cashlez Worldwide Indonesia Tbk.,Technology,Ordinary,226.0,,,,,,,,,,False,,,,,,,,,,,,SKIP,No usable intrinsic value - cannot assess margin of safety,,,,,,Technology | Software & IT Services | Online Applications & Services | Online Applications & Services,4,21.198769120872733,15.304424115402707,2.0753128335742566
CASS,Cahaya Aero Services Tbk.,Transportation & Logistic,Cyclical,1930.0,86.7,95.6,95.5,92.6,7,9.502065961566773,0.3448115032352005,1.0978649347399598,2.9001352641007654,False,675.3654918861271,3020.7184213566416,3290.415114022874,4830.487125488124,6457.012323439966,0.41344786808969686,0.6004543745047303,0.701100152311341,3025.2153358962537,0.36202888531628574,0.567469085956608,BUY,"MOS 36%, quality and balance sheet both pass",,1829.1956670676939,,0.45,2026-06-30,Transportation & Logistic | Logistics & Deliveries | Logistics & Deliveries | Logistics & Deliveries,7,9.052415583885466,6.788313476605148,1.053034918368662
CBDK,Bangun Kosambi Sukses Tbk.,Properties & Real Estate,Cyclical,3800.0,100.0,90.3,53.5,81.3,6,3.6432516646850224,0.10521329489072388,0.19894426234241042,9.504502268830333,False,465.3929811969329,1730.3534461825918,1741.3438636504106,2435.512531089155,3168.648917447829,-1.182222638114675,-0.5602465400991593,-0.19924930120080628,2652.66434077571,-0.4325219899057331,-0.30193043663797103,SKIP,MOS -43% below watch threshold 10%,Trailing EBIT 2.2x mid-cycle - possible peak earnings,4334.617038221943,,0.45,2026-06-30,Properties & Real Estate | Real Estate | Real Estate Development | Real Estate Development,35,12.379916854923529,9.504502268830333,0.7706297288148782
CBMF,Cahaya Bintang Medan Tbk.,Financials,Financial,50.0,,,,,,,,,,False,,,,,,,,,,,,SKIP,No usable intrinsic value - cannot assess margin of safety,,,,,,Financials | Holding & Investment Companies | Investment Companies | Investment Companies,13,14.566398170997925,15.07996983497698,0.7997799244128763
CBPE,Citra Buana Prasida Tbk.,Industrials,Cyclical,610.0,,,,,,,,,,False,,,,,,,,,,,,SKIP,No usable intrinsic value - cannot assess margin of safety,,,,,,Industrials | Industrial Services | Business Support Services | Business Support Services,10,13.35995628193082,9.538398395217746,1.4057675482565506
CBRE,Cakra Buana Resources Energi Tbk.,Energy,Cyclical,685.0,56.7,20.6,20.0,32.4,2,-2.6986244024271215,-0.010836665072727049,-0.023120511211052287,-92.2793122504754,False,-414.8161799535056,,,,,,,,15.653782438080597,-1.0,-0.9771477628641159,SKIP,MOS -100% below watch threshold 10%,Interest coverage -2.3x,15.653782438080595,,1.45,2026-03-31,"Energy | Oil, Gas & Coal | Coal | Coal Production",26,15.378032536083092,8.15902719908333,1.327597648369335
CBUT,Citra Borneo Utama Tbk.,Consumer Non-Cyclicals,Ordinary,845.0,51.7,57.8,42.5,50.7,8,2.024727001962579,0.06883045365695369,0.2031437080396576,14.528452841295108,False,-64.1260797901825,,,,,,,,302.88339798381355,-1.0,-0.6415581088948952,SKIP,MOS -100% below watch threshold 10%,Net debt/EBITDA 5.7x,302.88339798381355,,1.45,2026-03-31,Consumer Non-Cyclicals | Food & Beverage | Agricultural Products | Plantations & Crops,26,8.531657563897525,6.89544177076508,1.5596099814498379
CCSI,Communication Cable Systems Indonesia Tbk.,Industrials,Cyclical,246.0,,,,,,,,,,False,,,,,,,,,,,,SKIP,No usable intrinsic value - cannot assess margin of safety,,,,,,Industrials | Industrial Goods | Electrical | Electrical Components & Equipment,4,5.656365418223455,5.239147841190394,0.49398117075842296
CDIA,Chandra Daya Investasi Tbk.,Financials,Financial,720.0,65.0,73.5,17.5,52.0,5,3.9950565601229817,0.024517160549898075,0.08357031216290724,40.78775753679834,False,-21.372683965296645,41.79777939018889,,,,,,,96.3710980515691,-1.0,-0.866151252706154,SKIP,MOS -100% below watch threshold 10%,,147.4117093271467,45.33048677599151,0.45,2026-06-30,Financials | Holding & Investment Companies | Investment Companies | Investment Companies,13,14.566398170997925,15.07996983497698,0.7997799244128763
CEKA,Wilmar Cahaya Indonesia Tbk.,Consumer Non-Cyclicals,Deep Value,2220.0,56.7,91.1,86.2,78.0,5,9.858280009662064,0.3252052856614986,0.16324595685789267,3.07498077088724,False,3023.8475467297612,3930.959157779874,4897.811531847391,7275.856630508832,9787.395211850015,0.5467363361034342,0.6948812885219336,0.7731776481946747,3023.8475467297612,0.2658360034053663,0.3620934895179104,WATCH,MOS 27% attractive but short of buy threshold 30%,,4442.457440903098,,0.45,2026-06-30,Consumer Non-Cyclicals | Food & Beverage | Processed Foods | Processed Foods,21,10.558880519242848,8.175622633576266,1.6206373241502938
CENT,Centratama Telekomunikasi Indonesia Tbk.,Infrastructures,Cyclical,84.0,51.7,26.1,60.0,45.9,4,-3.885547771820174,-0.011163957961100358,-0.010801759960168763,-89.57396682112162,False,-791.2872259051358,,,,,,,,110.28665959034923,0.2383484973430955,0.3129364236946337,WATCH,MOS 24% attractive but short of buy threshold 30%,Interest coverage -0.2x,110.28665959034923,,0.45,2026-06-30,Infrastructures | Telecommunication | Telecommunication Service | Wired Telecommunication Service,5,27.330200244220453,13.219713383808653,1.4052395821892443
CFIN,Clipan Finance Indonesia Tbk.,Financials,Financial,352.0,27.5,88.9,92.5,69.6,7,6.136929100903202,0.1584172518951816,0.08041924867596634,6.312443802911442,False,52.396770015499285,346.19166118073093,375.0229525656822,1041.6354346432215,1759.6350270675114,0.06139078263923039,0.6620698679278646,0.7999585172007974,595.7964661840346,0.4091942131605874,0.6926035971137345,WATCH,Cheap but business economics poor - value trap risk,,991.5264654925111,200.06646687555806,0.45,2026-06-30,Financials | Financing Service | Consumer Financing | Consumer Financing,10,7.989408923865265,19.754981122137107,0.6942929524188031
CGAS,Citra Nusantara Gemilang Tbk.,Energy,Cyclical,154.0,58.3,92.6,76.0,75.6,7,4.931738149383001,0.11929652220038978,0.12753489085247852,8.382474036587906,False,75.11344706501224,54.292178960156896,,,,,,,92.74999434538509,-0.6603774597174679,-0.39772730944555135,SKIP,MOS -66% below watch threshold 10%,,156.84635332076542,,0.45,2026-06-30,"Energy | Oil, Gas & Coal | Oil & Gas",12,11.982005135072832,8.117437974233383,1.353991026774576
CHEK,Diastika Biotekindo Tbk.,Healthcare,Ordinary,133.0,,,,,,,,,,False,,,,,,,,,,,,SKIP,No usable intrinsic value - cannot assess margin of safety,,,,,,Healthcare | Pharmaceuticals & Health Care Research,6,9.281741633694939,7.472695760741151,1.469293510764925
CHEM,Chemstar Indonesia Tbk.,Basic Materials,Cyclical,68.0,,,,,,,,,,False,,,,,,,,,,,,SKIP,No usable intrinsic value - cannot assess margin of safety,,,,,,Basic Materials | Chemicals | Specialty Chemical | Specialty Chemical,8,13.16483991901313,10.120677959093147,1.520943283857289
CHIP,Pelita Teknologi Global Tbk.,Technology,Ordinary,915.0,30.0,83.3,,56.6,6,,,,,False,41.96914918385069,114.35564740042452,79.21179939561236,127.12627930216813,179.1913595727043,-10.551309362765,-6.1975676864193,-4.106272993195032,134.94687871328694,-1.0,-0.8525170724444951,SKIP,MOS -100% below watch threshold 10%,,176.2875616090844,,2.43,2025-12-31,Technology,10,8.51203282106588,7.224281818542886,2.0753128335742566
CINT,Chitose Internasional Tbk.,Consumer Cyclicals,Ordinary,177.0,,,,,,,,,,False,,,,,,,,,,,,SKIP,No usable intrinsic value - cannot assess margin of safety,,,,,,Consumer Cyclicals,49,11.174937874788398,8.450289443602555,1.219026001317649
CITA,Cita Mineral Investindo Tbk.,Basic Materials,Cyclical,3290.0,68.3,83.3,66.0,72.5,3,15.313780857403238,0.1166391887659606,0.19158728749564727,8.573447831556207,False,410.6171225102503,3164.347367273789,1935.3319394023642,2918.9613461172344,3992.5340061229444,-0.6999667772836741,-0.12711324676372182,0.17596193421159076,3472.7335510049597,0.05261951379831005,0.0555421127674649,SKIP,MOS 5% below watch threshold 10%,,4355.891993815393,,0.45,2026-06-30,Basic Materials | Metals & Minerals | Diversified Metals & Minerals | Diversified Metals & Minerals,9,12.449518149274448,9.956241790640217,2.128841754446317
CITY,Natura City Developments Tbk.,Properties & Real Estate,Cyclical,177.0,70.0,81.4,18.8,56.7,5,7.3045074713421885,0.021805669585943994,0.02233186610151071,45.859632792225895,False,61.602063701829735,,,,,,,,54.05182412111713,-1.0,-0.6946224625925586,SKIP,MOS -100% below watch threshold 10%,Trailing EBIT 5.5x mid-cycle - possible peak earnings,54.05182412111712,,0.45,2026-06-30,Properties & Real Estate | Real Estate | Real Estate Development | Real Estate Development,35,12.379916854923529,9.504502268830333,0.7706297288148782
CLAY,Citra Putra Realty Tbk.,Properties & Real Estate,Cyclical,2740.0,71.7,38.3,18.8,42.9,6,-2.3495650938894372,0.007181505840848663,0.10897172291499009,139.2465622337817,False,-177.79788952682048,,,,,,,,113.94955799378032,-1.0,-0.9584125700752627,SKIP,MOS -100% below watch threshold 10%,Net debt/EBITDA 4.2x,113.94955799378032,,0.45,2026-06-30,Properties & Real Estate | Real Estate | Real Estate Development | Real Estate Development,35,12.379916854923529,9.504502268830333,0.7706297288148782
CLEO,Sariguna Primatirta Tbk.,Consumer Non-Cyclicals,Compounder,392.0,95.0,87.3,31.2,71.2,6,6.225089940629928,0.06083922717462767,0.19941240039391356,16.436763687508492,False,-8.857718540625,106.0244651380119,,,,,,,152.8439749690664,-1.0,-0.6100919005891163,SKIP,MOS -100% below watch threshold 10%,,218.3912887325427,,0.45,2026-06-30,Consumer Non-Cyclicals | Food & Beverage | Beverages,5,12.186474887692365,9.430863211296208,4.800185240922143
CLPI,Colorpak Indonesia Tbk.,Basic Materials,Deep Value,1610.0,53.3,97.8,86.2,79.1,8,8.96803755588715,0.2866945350607223,0.22432006677395092,3.4880330027504667,False,1660.0112525101883,2053.5396570703215,2016.2859420498428,2885.2955725544357,3816.833708836984,0.20150214489756105,0.4419982426359805,0.5781844002602413,1660.0112525101883,0.030127056328421723,0.03106288975788085,SKIP,MOS 3% below watch threshold 10%,,3057.53711050351,,1.45,2026-03-31,Basic Materials | Chemicals | Specialty Chemical | Specialty Chemical,8,13.16483991901313,10.120677959093147,1.520943283857289
CMNP,Citra Marga Nusaphala Persada Tbk.,Infrastructures,Cyclical,1370.0,60.0,56.1,58.0,58.0,5,3.05738281961616,0.10314893289855971,0.07533734170639121,9.694719779441975,False,-1036.825655553776,558.8507329598273,,,,,,,972.6737893682152,-0.4084886577337112,-0.2900191318480181,SKIP,MOS -41% below watch threshold 10%,,1662.3788833821955,,1.45,2026-03-31,Infrastructures | Transportation Infrastructure | Transport Infrastructure Operator,6,9.33800419382013,9.432858171974214,1.124274093547615
CMNT,Cemindo Gemilang Tbk.,Basic Materials,Cyclical,795.0,30.0,30.6,34.3,31.6,7,-1.8164347440795603,0.020559760512221054,0.035552574861879425,48.638698850873475,False,-612.7950401230746,,,,,,,,67.2458967110022,-1.0,-0.915413966401255,SKIP,MOS -100% below watch threshold 10%,Net debt/EBITDA 16.0x; Interest coverage 0.8x,67.2458967110022,,0.45,2026-06-30,Basic Materials | Construction Materials | Construction Materials | Construction Materials,10,12.68567498355167,10.901767958955283,0.5102438604959392
CMPP,AirAsia Indonesia Tbk.,Transportation & Logistic,Cyclical,69.0,60.0,31.7,60.0,50.6,6,-32.17200179350743,-0.24307414628786359,-0.37737296673550164,-4.113971046578263,False,-1529.293420964288,,378.6481678116873,919.1843063505847,1490.0638776899941,0.8177727878659228,0.9249334442251859,0.9536932603809114,919.1843063505848,0.9249334442251859,12.32151168624036,WATCH,Cheap but balance sheet weak - possible value trap,Interest coverage -4.1x,,,0.45,2026-06-30,Transportation & Logistic | Transportation,16,9.9633880923927,8.711358548864593,1.5022650645587248
CMRY,Cisarua Mountain Dairy Tbk.,Consumer Non-Cyclicals,Compounder,4690.0,100.0,95.6,37.5,77.7,7,8.189483835048822,0.07319091916200442,0.3991426755655505,13.662897138735891,False,250.4055848603285,1492.4231221694076,1017.3316368243178,1577.8946788236512,2169.925380027668,-3.6100994309389716,-1.9723149858750262,-1.1613646456083202,1867.4124146420477,-1.0,-0.6018310416541477,SKIP,MOS -100% below watch threshold 10%,,2855.6258014131777,,0.45,2026-06-30,Consumer Non-Cyclicals | Food & Beverage | Processed Foods,22,10.831735271245337,8.283739894859739,1.6275959731735024
CNKO,Exploitasi Energi Indonesia Tbk.,Energy,Cyclical,37.0,62.5,63.8,100.0,75.4,8,-12.923262320809659,0.9750686807698572,1.2011614475789563,1.0255687827143196,False,-139.48391712316078,102.56534415605807,121.89530605974335,181.26118561838706,244.38428685897833,0.6964608302319242,0.7958746663066805,0.8485991039949684,209.00563605591796,0.8229712810706171,4.648800974484269,WATCH,"Cheap and sound, but flagged: Trailing EBIT 3.1x mid-cycle - possible peak earnings",Trailing EBIT 3.1x mid-cycle - possible peak earnings,404.9024228473717,,0.45,2026-06-30,"Energy | Oil, Gas & Coal | Oil & Gas | Oil & Gas Production & Refinery",9,15.064036542847035,8.411588499041516,1.5179638241818716
CNMA,Nusantara Sejahtera Raya Tbk.,Consumer Cyclicals,Compounder,99.0,95.0,94.8,79.8,89.9,8,4.65018608427752,0.14890642159946088,0.2763292144744576,6.715627098271634,False,-7.50501408651203,82.6475855791616,130.91309389228493,209.78459039123373,293.7335152109735,0.24377312416543276,0.5280873594415497,0.6629598092376573,143.1678039722035,0.30850374697916594,0.44613943406266166,BUY,"MOS 31%, quality and balance sheet both pass",,121.3092514520138,,0.45,2026-06-30,Consumer Cyclicals | Media & Entertainment,10,12.548556815186648,8.243461215824126,2.8142590489474553
CNTX,Century Textile Industry Tbk.,Consumer Cyclicals,Ordinary,142.0,,,,,,,,,,False,,,,,,,,,,,,SKIP,No usable intrinsic value - cannot assess margin of safety,,,,,,Consumer Cyclicals,49,11.174937874788398,8.450289443602555,1.219026001317649
COAL,Black Diamond Resources Tbk.,Energy,Cyclical,27.0,,,,,,,,,,False,,,,,,,,,,,,SKIP,No usable intrinsic value - cannot assess margin of safety,,,,,,"Energy | Oil, Gas & Coal | Coal | Coal Production",26,15.378032536083092,8.15902719908333,1.327597648369335
COCO,Wahana Interfood Nusantara Tbk.,Consumer Non-Cyclicals,Ordinary,107.0,,,,,,,,,,False,,,,,,,,,,,,SKIP,No usable intrinsic value - cannot assess margin of safety,,,,,,Consumer Non-Cyclicals | Food & Beverage | Processed Foods | Processed Foods,21,10.558880519242848,8.175622633576266,1.6206373241502938
COIN,Indokripto Koin Semesta Tbk.,Technology,Ordinary,740.0,55.0,95.6,18.3,56.3,7,12.164061582993892,0.0012216272948848202,0.010294948121023096,818.5802692745858,False,23.49263589452115,30.698845474169538,57.33131424898631,79.34113710887307,103.03771520875979,-11.907431299869147,-8.3268136425189,-6.181836267435874,73.20485961238536,-1.0,-0.9010745140373171,SKIP,MOS -100% below watch threshold 10%,Normalised EBIT 2.0x trailing - valuation assumes cycle recovery,122.8952354115072,,0.45,2026-06-30,Technology | Software & IT Services | Online Applications & Services | Online Applications & Services,4,21.198769120872733,15.304424115402707,2.0753128335742566
COWL,Cowell Development Tbk.,Properties & Real Estate,Cyclical,50.0,,,,,,,,,,False,,,,,,,,,,,,SKIP,No usable intrinsic value - cannot assess margin of safety,,,,,,Properties & Real Estate | Real Estate | Real Estate Development | Real Estate Development,35,12.379916854923529,9.504502268830333,0.7706297288148782
CPIN,Charoen Pokphand Indonesia Tbk.,Consumer Non-Cyclicals,Compounder,3140.0,65.0,94.8,63.8,74.5,8,7.803937905893586,0.15666404117438973,0.2452187141449189,6.383085694099104,False,821.0218849375204,1615.5972944047098,842.9801231278987,1497.1633647744216,2196.246512914348,-2.724880236023777,-1.0972995157900525,-0.4297120025171135,2003.8386263432321,-0.5669924507494536,-0.3618348323747669,SKIP,MOS -57% below watch threshold 10%,,3358.0569095672595,,0.45,2026-06-30,"Consumer Non-Cyclicals | Food & Beverage | Agricultural Products | Fish, Meat & Poultry",9,8.671024281367984,16.396383712344086,1.245367442390432
CPRI,Capri Nusa Satu Properti Tbk.,Properties & Real Estate,Cyclical,50.0,,,,,,,,,,False,,,,,,,,,,,,SKIP,No usable intrinsic value - cannot assess margin of safety,,,,,,Properties & Real Estate | Real Estate | Real Estate Development | Real Estate Development,35,12.379916854923529,9.504502268830333,0.7706297288148782
CPRO,Central Proteina Prima Tbk.,Consumer Non-Cyclicals,Ordinary,50.0,46.7,61.6,71.8,60.0,7,1.2548846847110475,0.14213649497973316,0.14130828229164588,7.035490780482431,False,-3.095998447893262,45.58740505712038,39.92652757914911,77.92593799110811,118.60371404587117,-0.25230023825341563,0.3583651183550034,0.578428041632305,67.92949290483972,0.2639426873089805,0.35858985809679433,WATCH,MOS 26% attractive but short of buy threshold 30%,,83.21410375361737,,0.45,2026-06-30,"Consumer Non-Cyclicals | Food & Beverage | Agricultural Products | Fish, Meat & Poultry",9,8.671024281367984,16.396383712344086,1.245367442390432
CRAB,Toba Surimi Industries Tbk.,Consumer Non-Cyclicals,Ordinary,208.0,,,,,,,,,,False,,,,,,,,,,,,SKIP,No usable intrinsic value - cannot assess margin of safety,,,,,,Consumer Non-Cyclicals | Food & Beverage | Processed Foods | Processed Foods,21,10.558880519242848,8.175622633576266,1.6206373241502938
CRSN,Carsurin Tbk.,Industrials,Cyclical,124.0,,,,,,,,,,False,,,,,,,,,,,,SKIP,No usable intrinsic value - cannot assess margin of safety,,,,,,Industrials | Industrial Services,11,13.331078119560926,9.407127354276275,1.6851565507469584
CSAP,Catur Sentosa Adiprana Tbk.,Consumer Cyclicals,Ordinary,292.0,38.3,37.1,68.0,47.8,5,1.1299715067248088,0.08583384219495752,0.08800086029780804,11.6504163675752,False,-381.1588132881091,,,401.26770917675344,859.8395410040325,,0.2723062600799068,0.6604017539609398,364.27803966624066,0.19841448507975762,0.2475275331035638,WATCH,MOS 20% attractive but short of buy threshold 30%,Net debt/EBITDA 4.3x,305.09456844942014,,0.45,2026-06-30,Consumer Cyclicals | Retailing | Specialty Retail | Specialty Stores,6,10.582498513763287,10.050352905588877,2.8584492925773355
CSIS,Cahayasakti Investindo Sukses Tbk.,Financials,Financial,196.0,,,,,,,,,,False,,,,,,,,,,,,SKIP,No usable intrinsic value - cannot assess margin of safety,,,,,,Financials | Holding & Investment Companies | Investment Companies | Investment Companies,13,14.566398170997925,15.07996983497698,0.7997799244128763
CSMI,Cipta Selera Murni Tbk.,Consumer Cyclicals,Ordinary,81.0,43.3,52.9,20.0,38.7,6,-6.574060494704127,-0.02375138029433093,-0.03652108526540371,-42.10281624090217,False,-46.76014984643399,,0.9415628287049262,1.3103736200087024,1.7129085376878974,-85.02718536734457,-60.81443121501642,-46.28798894851367,3.216675425040154,-1.0,-0.9602879577155536,SKIP,MOS -100% below watch threshold 10%,,6.266758313090478,,0.45,2026-06-30,Consumer Cyclicals | Consumer Services | Tourism & Recreation,9,17.933020637857847,13.102684494262084,1.5661740593254243
CSRA,Cisadane Sawit Raya Tbk.,Consumer Non-Cyclicals,Compounder,755.0,90.0,80.6,89.5,86.7,7,5.119494478845757,0.18818065185216862,0.19911263491363543,5.314042597671424,False,-216.76167095163632,783.3675325833282,,,,,,,931.2244588748324,0.18923950847227378,0.2334098793044137,WATCH,MOS 19% attractive but short of buy threshold 30%,,1138.224155682938,,1.45,2026-03-31,Consumer Non-Cyclicals | Food & Beverage | Agricultural Products | Plantations & Crops,26,8.531657563897525,6.89544177076508,1.5596099814498379
CTBN,Citra Tubindo Tbk.,Basic Materials,Cyclical,4050.0,56.7,95.6,38.8,63.7,7,6.684495466323616,0.007890986463445432,0.02825407634547942,126.7268680072442,False,1468.550892567691,4963.284075289837,5672.058709611493,8255.042957290882,10983.025112337016,0.2859735402355516,0.5093908025732287,0.631249135955201,4501.9633021006,0.10039248918126803,0.11159587706187657,WATCH,MOS 10% attractive but short of buy threshold 30%,Normalised EBIT 17.8x trailing - valuation assumes cycle recovery,1231.0422433250196,,0.45,2026-06-30,Basic Materials | Metals & Minerals | Iron & Steel | Iron & Steel,4,9.266482273796075,7.211822702853995,0.53559173397186
CTRA,Ciputra Development Tbk.,Properties & Real Estate,Cyclical,630.0,78.3,95.6,82.5,85.5,7,4.9913224183802,0.24691418811283727,0.127091661295412,4.049990029503733,False,343.30566718289725,1228.4506189930323,1114.5283754671661,1750.4897070173938,2425.913884967891,0.4347384832297976,0.6401007115469203,0.7403040545240382,1499.2672829218131,0.579794738952591,1.3797893379711321,BUY,"MOS 58%, quality and balance sheet both pass",,1783.1467734060602,,0.45,2026-06-30,Properties & Real Estate | Real Estate | Real Estate Development | Real Estate Development,35,12.379916854923529,9.504502268830333,0.7706297288148782
CTTH,Citatah Tbk.,Basic Materials,Cyclical,136.0,38.3,44.9,20.0,34.4,4,-0.41130411533861044,-0.015141602063565227,-0.013968174864721107,-66.04320968164059,False,-111.28289487692618,,,,,,,,63.84235568924712,-1.0,-0.5305709140496535,SKIP,MOS -100% below watch threshold 10%,Interest coverage -0.6x,63.84235568924712,,0.45,2026-06-30,Basic Materials | Construction Materials | Construction Materials | Construction Materials,10,12.68567498355167,10.901767958955283,0.5102438604959392
CUAN,Petrindo Jaya Kreasi Tbk.,Energy,Cyclical,750.0,70.0,49.7,18.8,46.2,3,2.4026604823707416,0.051443100269514506,0.13167869727721326,19.438952838396602,False,-140.2737013747703,,,,,,,,118.41213409254692,-1.0,-0.8421171545432707,SKIP,MOS -100% below watch threshold 10%,Net debt/EBITDA 5.0x,118.41213409254694,,0.45,2026-06-30,"Energy | Oil, Gas & Coal | Coal | Coal Production",26,15.378032536083092,8.15902719908333,1.327597648369335
CYBR,ITSEC Asia Tbk.,Technology,Compounder,595.0,93.3,90.3,18.8,67.5,6,5.56435376964862,0.013923632395284128,0.35040187526817446,71.82033909044421,False,9.914075986674241,,,,,,,,43.353910462886375,-1.0,-0.9271362849363254,SKIP,MOS -100% below watch threshold 10%,Trailing EBIT -39.5x mid-cycle - possible peak earnings,43.353910462886375,,1.45,2026-03-31,Technology | Software & IT Services | IT Services & Consulting | IT Services & Consulting,5,7.905805643427312,6.074486307476839,2.0568949537989996
DAAZ,Daaz Bara Lestari Tbk.,Energy,Cyclical,1670.0,56.7,59.7,48.0,54.8,3,3.0976254299881796,0.09833232214704443,0.18003116015331946,10.169596101926867,False,-211.9167557652797,287.81899471703633,,,,,,,723.7076175545172,-1.0,-0.5666421451769358,SKIP,MOS -100% below watch threshold 10%,,1450.1886556169854,,1.45,2026-03-31,"Energy | Oil, Gas & Coal | Coal | Coal Production",26,15.378032536083092,8.15902719908333,1.327597648369335
DADA,Diamond Citra Propertindo Tbk.,Properties & Real Estate,Cyclical,50.0,,,,,,,,,,False,,,,,,,,,,,,SKIP,No usable intrinsic value - cannot assess margin of safety,,,,,,Properties & Real Estate | Real Estate | Real Estate Development | Real Estate Development,35,12.379916854923529,9.504502268830333,0.7706297288148782
DART,Duta Anggada Realty Tbk.,Properties & Real Estate,Cyclical,142.0,70.0,28.3,34.3,44.2,6,-2.3888212733081176,0.02409012491295871,0.015235677268270199,41.51078517081801,False,-1538.5410602384136,,,,,,,,274.19909606712605,0.4821281250130843,0.9309795497684934,WATCH,Cheap but balance sheet weak - possible value trap,Net debt/EBITDA 33.0x; Interest coverage 0.3x; Trailing EBIT 2.5x mid-cycle - possible peak earnings,274.19909606712605,,1.45,2026-03-31,Properties & Real Estate | Real Estate | Real Estate Development | Real Estate Development,35,12.379916854923529,9.504502268830333,0.7706297288148782
DATA,Remala Abadi Tbk.,Technology,Compounder,1950.0,95.0,46.9,31.2,57.7,4,0.5048163754876722,0.06407059312731478,0.23639611378769257,15.607784338954039,False,-306.2810255040635,47.877775900916355,,,,,,,840.428702608868,-1.0,-0.569010921739042,SKIP,MOS -100% below watch threshold 10%,Trailing EBIT 2.0x mid-cycle - possible peak earnings,1950.0000000000002,,0.45,2026-06-30,Technology | Software & IT Services | Online Applications & Services | Online Applications & Services,4,21.198769120872733,15.304424115402707,2.0753128335742566
DAYA,Duta Intidaya Tbk.,Consumer Cyclicals,Compounder,1020.0,93.3,60.0,32.5,61.9,9,0.1371110185838911,0.06095325746116126,0.33487869768494594,16.406014077872523,False,-124.1502934153397,,246.04429316126567,472.01601269960213,710.6728372619275,-3.1455950345146104,-1.1609436386835945,-0.43525958291841405,448.92704619610254,-1.0,-0.5598754449057819,SKIP,MOS -100% below watch threshold 10%,Trailing EBIT 3.7x mid-cycle - possible peak earnings,411.9846997905031,,0.45,2026-06-30,Consumer Cyclicals | Retailing | Specialty Retail | Specialty Stores,6,10.582498513763287,10.050352905588877,2.8584492925773355
DCII,DCI Indonesia Tbk.,Technology,Compounder,205550.0,95.0,77.3,18.8,63.7,6,4.273099225072691,0.002832468763517482,0.2007979937408077,353.0489066217121,False,-925.6678881641482,1098.3160935665403,,,,,,,2170.41690441618,-1.0,-0.9894409296793181,SKIP,MOS -100% below watch threshold 10%,,3671.358039605675,,0.45,2026-06-30,Technology | Software & IT Services | IT Services & Consulting | IT Services & Consulting,5,7.905805643427312,6.074486307476839,2.0568949537989996
DEAL,Dewata Freightinternational Tbk.,Transportation & Logistic,Cyclical,6.0,45.0,55.6,,50.3,5,,,,,False,,,,,,,,,,,,SKIP,No usable intrinsic value - cannot assess margin of safety,,,,,,Transportation & Logistic | Logistics & Deliveries | Logistics & Deliveries | Logistics & Deliveries,7,9.052415583885466,6.788313476605148,1.053034918368662
DEFI,Danasupra Erapacific Tbk.,Financials,Financial,111.0,,,,,,,,,,False,,,,,,,,,,,,SKIP,No usable intrinsic value - cannot assess margin of safety,,,,,,Financials | Investment Service | Investment Services,6,21.010299838295108,8.82707394421313,2.9306073595903257
DEPO,Caturkarda Depo Bangunan Tbk.,Consumer Cyclicals,Ordinary,242.0,38.3,86.6,37.5,54.1,7,4.126391834881233,0.07284332394348697,0.0747920563485103,13.728094022395466,False,15.760490864936603,117.45286136652709,23.833409025783347,51.15687534680366,80.52635362395574,-9.153813906277557,-3.7305469374239344,-2.0052273461939985,116.20923439321696,-1.0,-0.5197965520941448,SKIP,MOS -100% below watch threshold 10%,,218.55193110484407,,1.45,2026-03-31,Consumer Cyclicals | Retailing | Specialty Retail | Home Improvement Retail,4,18.938832366208775,14.064467156516635,1.1987329238996036
DEWA,Darma Henwa Tbk.,Energy,Cyclical,492.0,55.0,75.3,73.2,67.8,6,3.7936669273355044,0.18177757035345624,0.3381421181197671,5.501228771270055,False,-128.99127581002486,,,,,,,,524.3294652308512,0.061658684805396505,0.06571029518465688,SKIP,MOS 6% below watch threshold 10%,Trailing EBIT 25.2x mid-cycle - possible peak earnings,524.3294652308512,,1.45,2026-03-31,"Energy | Oil, Gas & Coal | Oil, Gas & Coal Supports | Oil, Gas & Coal Equipment & Services",5,5.883864877834612,5.501228771270055,0.83296932786881
DEWI,Dewi Shri Farmindo Tbk.,Consumer Non-Cyclicals,Ordinary,126.0,,,,,,,,,,False,,,,,,,,,,,,SKIP,No usable intrinsic value - cannot assess margin of safety,,,,,,Consumer Non-Cyclicals | Food & Beverage | Agricultural Products | Plantations & Crops,26,8.531657563897525,6.89544177076508,1.5596099814498379
DFAM,Dafam Property Indonesia Tbk.,Properties & Real Estate,Cyclical,83.0,43.3,28.3,45.0,38.9,6,-3.833647321537206,0.009861964247661333,0.013745977476159117,101.39967808513806,False,-93.28282760276998,,26.732760249478225,71.44306785997168,120.24169419565719,-2.104804712473341,-0.16176421990556025,0.3097236315970194,30.091632316660874,-1.0,-0.6374502130522786,SKIP,MOS -100% below watch threshold 10%,Net debt/EBITDA 30.9x; Interest coverage 0.3x; Trailing EBIT -0.9x mid-cycle - possible peak earnings,2.524008621120337,,0.45,2026-06-30,Properties & Real Estate | Real Estate | Real Estate Development | Real Estate Development,35,12.379916854923529,9.504502268830333,0.7706297288148782
DGIK,Nusa Konstruksi Enjiniring Tbk.,Infrastructures,Cyclical,130.0,56.7,59.9,43.0,53.2,4,1.8188136888618418,0.08400262797578743,0.09647808907006622,11.904389470865551,False,17.957152258027616,,21.018134703686442,62.40995564713513,106.12533989697681,-5.185134971905897,-1.0830009996324608,-0.22496663027133734,79.86095160146203,-0.6278293382822658,-0.3856849876810613,SKIP,MOS -63% below watch threshold 10%,,91.49494890434664,,1.45,2026-03-31,Infrastructures | Heavy Constructions & Civil Engineering | Heavy Constructions & Civil Engineering | Heavy Constructions & Civil Engineering,7,9.058166174021757,7.094076259920247,0.8993139336443662
DGNS,Diagnos Laboratorium Utama Tbk.,Healthcare,Ordinary,232.0,,,,,,,,,,False,,,,,,,,,,,,SKIP,No usable intrinsic value - cannot assess margin of safety,,,,,,Healthcare | Healthcare Equipment & Providers | Healthcare Providers | Healthcare Providers,8,26.02401022549359,18.815604339264357,1.336894058656226
DGWG,Delta Giri Wacana Tbk.,Consumer Non-Cyclicals,Compounder,318.0,76.7,57.7,59.8,64.7,3,1.8800427596452447,0.1314674411281014,0.3062349652793642,7.606446063140481,False,37.02361909869143,13.60421566881692,,104.98582378570576,222.82574548021793,,-2.028980375951453,-0.4271241382573158,120.61635076724099,-1.0,-0.6207032994740849,SKIP,MOS -100% below watch threshold 10%,,295.442183075491,,1.45,2026-03-31,Consumer Non-Cyclicals | Food & Beverage | Agricultural Products | Plantations & Crops,26,8.531657563897525,6.89544177076508,1.5596099814498379
DIGI,Arkadia Digital Media Tbk.,Consumer Cyclicals,Ordinary,29.0,,,,,,,,,,False,,,,,,,,,,,,SKIP,No usable intrinsic value - cannot assess margin of safety,,,,,,Consumer Cyclicals | Media & Entertainment | Media,7,9.009775676765488,6.269351454515765,2.0515302456242384
DILD,Intiland Development Tbk.,Properties & Real Estate,Cyclical,118.0,43.3,46.6,69.2,53.0,7,1.903501743804561,0.12634330202551206,0.06381365227184307,7.914942731179162,False,-218.63946301780157,288.92445181208444,112.34195241559888,298.31524482525333,501.29396918960913,-0.05036451176733766,0.604445290521033,0.7646091769450996,298.1502182749154,0.6042263504526576,1.526696765041656,WATCH,"Cheap and sound, but flagged: Interest coverage 1.3x",Interest coverage 1.3x,313.41647801274166,,0.45,2026-06-30,Properties & Real Estate | Real Estate | Real Estate Development | Real Estate Development,35,12.379916854923529,9.504502268830333,0.7706297288148782
DIVA,Distribusi Voucher Nusantara Tbk.,Technology,Deep Value,144.0,16.7,89.6,46.2,50.8,7,11.588938148074476,0.06666193859378222,0.022772098697272265,15.001063891851375,True,361.857344547169,,129.75357539770906,204.50105593354456,286.0834597939484,-0.10979600799919445,0.29584715666800865,0.4966503827109893,156.79265411583646,0.08158962668228961,0.08883787580441993,DEEP VALUE,Trades below 2/3 NCAV - Graham net-net,Trailing EBIT -0.1x mid-cycle - possible peak earnings,156.79265411583646,,1.45,2026-03-31,Technology | Software & IT Services | Online Applications & Services | Online Applications & Services,4,21.198769120872733,15.304424115402707,2.0753128335742566
DKFT,Central Omega Resources Tbk.,Basic Materials,Cyclical,685.0,100.0,93.3,96.2,96.5,6,5.053734119648236,0.24052376086922836,0.4060248942239378,4.157593396952143,False,-47.431706515579215,505.1847567919731,564.6630990740865,883.802667615028,1220.8573936479038,-0.21311274124914031,0.22494010812561116,0.43891890767583414,885.5363289194661,0.2264574838664847,0.29275376484593596,WATCH,MOS 23% attractive but short of buy threshold 30%,Trailing EBIT 2.5x mid-cycle - possible peak earnings,1520.6113900015796,,0.45,2026-06-30,Basic Materials | Metals & Minerals | Diversified Metals & Minerals | Diversified Metals & Minerals,9,12.449518149274448,9.956241790640217,2.128841754446317
DKHH,Cipta Sarana Medika Tbk.,Healthcare,Ordinary,66.0,,,,,,,,,,False,,,,,,,,,,,,SKIP,No usable intrinsic value - cannot assess margin of safety,,,,,,Healthcare | Healthcare Equipment & Providers | Healthcare Providers | Healthcare Providers,8,26.02401022549359,18.815604339264357,1.336894058656226
DLTA,Delta Djakarta Tbk.,Consumer Non-Cyclicals,Ordinary,1795.0,73.3,92.6,95.5,87.1,7,6.548887903868231,0.26382495501079906,0.7365878704260809,3.7903920042706623,False,529.9934549136307,2703.093980389421,1973.8134337896568,2575.4510534079727,3231.7337262481533,0.09059287505523805,0.30303470624116063,0.4445705766471404,2747.2161596512624,0.3466112982431418,0.5304825401956894,BUY,"MOS 35%, quality and balance sheet both pass",,3083.811380607103,,0.45,2026-06-30,Consumer Non-Cyclicals | Food & Beverage | Beverages,5,12.186474887692365,9.430863211296208,4.800185240922143
DMAS,Puradelta Lestari Tbk.,Properties & Real Estate,Cyclical,148.0,73.3,91.1,100.0,88.1,5,9.873831382572888,0.3151917695266747,0.31811682991354046,3.172671676997486,False,104.2640481831965,216.00307646980525,145.55842465035113,203.5846044277713,266.91670872268935,-0.016773851156426225,0.2730295082184953,0.4455199125291057,256.8283276515217,0.42373957984566935,0.7353265381859575,BUY,"MOS 42%, quality and balance sheet both pass",,360.36622843688275,,0.45,2026-06-30,Properties & Real Estate | Real Estate | Real Estate Development | Real Estate Development,35,12.379916854923529,9.504502268830333,0.7706297288148782
DMMX,Digital Mediatama Maxima Tbk.,Technology,Ordinary,206.0,30.0,93.3,18.8,47.4,6,7.664820451130284,0.048177896809733375,0.11414275761691439,20.756406282101754,False,48.177237818494255,,,,,,,,175.27673308344205,-0.17528434251414227,-0.1491420724104755,SKIP,MOS -18% below watch threshold 10%,Trailing EBIT -4.9x mid-cycle - possible peak earnings,175.27673308344205,,1.45,2026-03-31,Technology | Software & IT Services | Online Applications & Services | Online Applications & Services,4,21.198769120872733,15.304424115402707,2.0753128335742566
DMND,Diamond Food Indonesia Tbk.,Consumer Non-Cyclicals,Ordinary,630.0,53.3,95.6,48.5,65.8,7,8.67481260040577,0.10435285390922397,0.08706855801401771,9.582871598987555,False,343.4485563754334,377.80675645935105,,,,,,,442.7783163112927,-0.4228339030881588,-0.29717727569636077,SKIP,MOS -42% below watch threshold 10%,,533.738500104011,,0.45,2026-06-30,Consumer Non-Cyclicals | Food & Beverage | Processed Foods | Processed Foods,21,10.558880519242848,8.175622633576266,1.6206373241502938
DNAR,Bank Oke Indonesia Tbk.,Financials,Financial,126.0,76.7,77.8,82.5,79.0,5,,,,,False,,,365.3255584772118,561.1320838357562,767.9303666745294,0.6551021490935198,0.7754539374425072,0.8359226233680086,108.40772049764678,-0.16227884344026125,-0.13962126589169221,SKIP,MOS -16% below watch threshold 10%,,167.06092102287954,49.75451997241403,0.45,2026-06-30,Financials | Banks | Banks | Banks,39,13.481315257379515,,0.7861812292608251
DNET,Indoritel Makmur Internasional Tbk.,Consumer Cyclicals,Ordinary,9800.0,57.5,58.1,18.8,44.8,5,3.5863763057698415,0.011850426015786453,0.0783992683328265,84.38515194878714,False,-425.55268339549525,267.41959759037775,290.0185033445841,733.9802426023612,1203.4102049772396,-32.790947429158265,-12.35185803537932,-7.1435240946667475,604.2308852683963,-1.0,-0.9383437872175105,SKIP,MOS -100% below watch threshold 10%,,868.1677162832784,,0.45,2026-06-30,Consumer Cyclicals | Retailing,18,10.694931239689799,10.050352905588877,1.422027519184855
DOID,BUMA Internasional Grup Tbk.,Energy,Cyclical,218.0,23.3,23.3,20.0,22.2,3,-0.5159458854480182,-0.46963623380694863,-0.04755693423816505,-2.12930759599581,False,-2233.8603467182857,,,,,,,,14.107850142771419,-1.0,-0.9352850910882045,SKIP,MOS -100% below watch threshold 10%,Interest coverage -0.6x,14.10785014277142,,0.45,2026-06-30,"Energy | Oil, Gas & Coal | Coal | Coal Production",26,15.378032536083092,8.15902719908333,1.327597648369335
DOOH,Era Media Sejahtera Tbk.,Consumer Cyclicals,Ordinary,272.0,63.3,100.0,18.8,60.7,9,10.637929122608856,0.01474991471539142,0.19661171029373442,67.79700217225717,False,27.508462001827617,18.68606850275021,,,,,,,27.86002044802471,-1.0,-0.8975734542352033,SKIP,MOS -100% below watch threshold 10%,Trailing EBIT 14.2x mid-cycle - possible peak earnings,40.703553171409006,,1.45,2026-03-31,Consumer Cyclicals | Media & Entertainment | Media,7,9.009775676765488,6.269351454515765,2.0515302456242384
DOSS,Global Sukses Digital Tbk.,Technology,Ordinary,178.0,,,,,,,,,,False,,,,,,,,,,,,SKIP,No usable intrinsic value - cannot assess margin of safety,,,,,,Technology | Software & IT Services | Online Applications & Services | Online Applications & Services,4,21.198769120872733,15.304424115402707,2.0753128335742566
DPNS,Duta Pertiwi Nusantara Tbk.,Basic Materials,Cyclical,310.0,,,,,,,,,,False,,,,,,,,,,,,SKIP,No usable intrinsic value - cannot assess margin of safety,,,,,,Basic Materials | Construction Materials | Construction Materials | Construction Materials,10,12.68567498355167,10.901767958955283,0.5102438604959392
DPUM,Dua Putra Utama Makmur Tbk.,Consumer Non-Cyclicals,Ordinary,100.0,43.3,53.3,26.7,41.1,6,0.11729077810842437,0.02281312452009245,0.024143155350137373,43.83441641758713,False,-79.59871216173245,,,,,,,,104.85465540927692,0.046298901945057605,0.0485465540927692,SKIP,MOS 5% below watch threshold 10%,Net debt/EBITDA 22.0x; Trailing EBIT -1.3x mid-cycle - possible peak earnings,104.85465540927692,,1.45,2026-03-31,"Consumer Non-Cyclicals | Food & Beverage | Agricultural Products | Fish, Meat & Poultry",9,8.671024281367984,16.396383712344086,1.245367442390432
DRMA,Dharma Polimetal Tbk.,Consumer Cyclicals,Compounder,970.0,80.0,92.6,89.5,87.4,7,6.006452842501631,0.1800393396792858,0.3001474069430505,5.5543416332305835,False,137.10438263364637,1135.7508487478083,867.1308967299366,1358.1225662479212,1876.6764497742074,-0.11863157414641341,0.2857787477312785,0.48312880458605123,1206.5542980918972,0.1960577310660577,0.2438704104040177,WATCH,MOS 20% attractive but short of buy threshold 30%,,1063.1698981239838,,0.45,2026-06-30,Consumer Cyclicals | Automobiles & Components | Auto Components | Auto Parts & Equipment,5,8.829144066661675,5.966440431315428,0.8529848809918651
DSFI,Dharma Samudera Fishing Industries Tbk.,Consumer Non-Cyclicals,Ordinary,82.0,,,,,,,,,,False,,,,,,,,,,,,SKIP,No usable intrinsic value - cannot assess margin of safety,,,,,,"Consumer Non-Cyclicals | Food & Beverage | Agricultural Products | Fish, Meat & Poultry",9,8.671024281367984,16.396383712344086,1.245367442390432
DSNG,Dharma Satya Nusantara Tbk.,Consumer Non-Cyclicals,Compounder,1360.0,73.3,91.0,85.2,83.2,9,5.287088524596575,0.179355749298139,0.21573917738596968,5.575511261352,False,-211.07030090453387,921.8402645108378,,,,,,,1272.4404015716457,-0.06881233755247453,-0.06438205766790761,SKIP,MOS -7% below watch threshold 10%,,1763.2805934567762,,0.45,2026-06-30,Consumer Non-Cyclicals | Food & Beverage | Agricultural Products | Plantations & Crops,26,8.531657563897525,6.89544177076508,1.5596099814498379
DSSA,Dian Swastatika Sentosa Tbk.,Energy,Cyclical,1060.0,56.7,72.7,26.2,51.9,3,4.929431677034461,0.06126803203306945,0.1584887008358995,16.32172548744914,False,-36.68859900431109,548.295583068399,120.3003278878257,260.90869899493345,414.3743253355305,-7.811281054764866,-3.062723872693045,-1.5580735465250852,434.2554284711226,-1.0,-0.5903250674800731,SKIP,MOS -100% below watch threshold 10%,,359.752990459788,,1.45,2026-03-31,"Energy | Oil, Gas & Coal | Coal | Coal Production",26,15.378032536083092,8.15902719908333,1.327597648369335
DUCK,Jaya Bersama Indo Tbk.,Consumer Cyclicals,Ordinary,176.0,,,,,,,,,,False,,,,,,,,,,,,SKIP,No usable intrinsic value - cannot assess margin of safety,,,,,,Consumer Cyclicals | Retailing | Specialty Retail | Specialty Stores,6,10.582498513763287,10.050352905588877,2.8584492925773355
DUTI,Duta Pertiwi Tbk.,Properties & Real Estate,Cyclical,4290.0,56.7,91.1,54.8,67.5,5,7.215806350606986,0.13237252506126368,0.09486946955805566,7.554437747086771,False,2747.146416397379,6493.891188097506,5048.214454317118,6810.367474697609,8727.81078964924,0.15019458091141716,0.3700780441087017,0.5084678044249388,5894.975409446748,0.27226159533672717,0.3741201420621789,WATCH,MOS 27% attractive but short of buy threshold 30%,,4286.521068194912,,0.45,2026-06-30,Properties & Real Estate | Real Estate | Real Estate Development | Real Estate Development,35,12.379916854923529,9.504502268830333,0.7706297288148782
DVLA,Darya-Varia Laboratoria Tbk.,Healthcare,Ordinary,1585.0,73.3,93.3,71.0,79.2,6,5.97060082057932,0.14273644291781873,0.1500659494788137,7.005919298239451,False,732.8348092999677,1613.2374537315588,1093.8200959615629,1486.7381385566657,1908.227989868065,-0.4490499908091809,-0.0660922450934954,0.169386463034961,1574.9760819501664,-0.0063644890641271,-0.006324238517245173,SKIP,MOS -1% below watch threshold 10%,,1662.5908708858176,,0.45,2026-06-30,Healthcare | Pharmaceuticals & Health Care Research | Pharmaceuticals | Pharmaceuticals,6,9.281741633694939,7.472695760741151,1.469293510764925
DWGL,Dwi Guna Laksana Tbk.,Energy,Cyclical,398.0,63.3,82.3,37.5,61.0,6,2.1947993858275097,0.09728729053380586,0.7379267542366812,10.27883492810929,False,16.076340354175642,107.68358836584059,113.00402264521445,171.4959148348372,233.9666444727428,-2.521998515482535,-1.3207549893144823,-0.7010971837328169,175.5547001775352,-1.0,-0.5589077884986553,SKIP,MOS -100% below watch threshold 10%,Trailing EBIT 2.3x mid-cycle - possible peak earnings,291.37907675882497,,1.45,2026-03-31,"Energy | Oil, Gas & Coal | Coal | Coal Production",26,15.378032536083092,8.15902719908333,1.327597648369335
DYAN,Dyandra Media International Tbk.,Consumer Cyclicals,Ordinary,85.0,51.7,78.9,91.8,74.1,4,3.39248430121524,0.21033017216053837,0.10076037800805442,4.754429617623911,False,35.38115665264092,155.36020436801857,158.25830813782136,236.1490221732164,320.39941406010314,0.4629033950876271,0.6400577939397433,0.7347061315659741,177.39663211794164,0.5208477241919227,1.0870192013875486,BUY,"MOS 52%, quality and balance sheet both pass",,114.2438068793942,,0.45,2026-06-30,Consumer Cyclicals | Media & Entertainment | Media,7,9.009775676765488,6.269351454515765,2.0515302456242384
EAST,Eastparc Hotel Tbk.,Consumer Cyclicals,Ordinary,93.0,,,,,,,,,,False,,,,,,,,,,,,SKIP,No usable intrinsic value - cannot assess margin of safety,,,,,,"Consumer Cyclicals | Consumer Services | Tourism & Recreation | Hotels, Resorts & Cruise Lines",4,20.170262477240115,14.879103844859301,1.5661740593254243
ECII,Electronic City Indonesia Tbk.,Consumer Cyclicals,Deep Value,161.0,23.3,54.9,60.0,46.1,4,1.8947047908439165,,-0.18144097879798662,0.20378806712458164,False,174.0114359570941,302.4179649517927,364.3322983327877,440.4113214092047,522.7446576940654,0.5580957254222361,0.634432649267869,0.6920102431841116,174.0114359570941,0.07477345316719489,0.08081637240431117,SKIP,MOS 7% below watch threshold 10%,Interest coverage -33.2x,1203.2079349419018,,1.45,2026-03-31,Consumer Cyclicals | Retailing | Specialty Retail,13,10.582498513763287,8.450289443602555,1.4759097575188527
EDGE,Indointernet Tbk.,Technology,Ordinary,4790.0,51.7,26.1,18.8,32.2,5,-0.39818778544188027,0.015598337891669213,0.02442315655493054,64.10939466403543,False,-3929.5379181177905,,,,,,,,1023.2477372309595,-1.0,-0.786378342958046,SKIP,MOS -100% below watch threshold 10%,Net debt/EBITDA 23.2x; Interest coverage 1.4x,1023.2477372309595,,0.45,2026-06-30,Technology | Software & IT Services | IT Services & Consulting | IT Services & Consulting,5,7.905805643427312,6.074486307476839,2.0568949537989996
EKAD,Ekadharma International Tbk.,Basic Materials,Cyclical,178.0,,,,,,,,,,False,,,,,,,,,,,,SKIP,No usable intrinsic value - cannot assess margin of safety,,,,,,Basic Materials | Chemicals | Specialty Chemical | Specialty Chemical,8,13.16483991901313,10.120677959093147,1.520943283857289
ELIT,Data Sinergitama Jaya Tbk.,Technology,Ordinary,176.0,,,,,,,,,,False,,,,,,,,,,,,SKIP,No usable intrinsic value - cannot assess margin of safety,,,,,,Technology | Software & IT Services | IT Services & Consulting | IT Services & Consulting,5,7.905805643427312,6.074486307476839,2.0568949537989996
ELPI,Pelayaran Nasional Ekalya Purnamasari Tbk.,Transportation & Logistic,Cyclical,745.0,63.3,85.1,18.8,55.7,5,5.764475801324772,0.032787089676497565,0.06094099221821623,30.499809829623878,False,6.243319873168242,109.86163546589518,166.95400390143163,280.2812352025625,399.97018218240635,-3.4623068784851805,-1.6580445154010393,-0.8626388495636479,209.10317546989944,-1.0,-0.7193245966846987,SKIP,MOS -100% below watch threshold 10%,,327.0537023214644,,0.45,2026-06-30,Transportation & Logistic | Transportation | Passenger Marine Transportation | Passenger Marine Transportation,10,18.1436746865216,9.323868477410677,1.8682050333418738
ELSA,Elnusa Tbk.,Energy,Cyclical,705.0,53.3,91.8,100.0,81.7,8,4.180924588290897,0.3745095530991254,0.30368762437933666,2.670158856362522,False,292.08233728257983,1084.6108134836186,451.0844134162419,519.0037866543356,591.8117046635856,-0.562900377472044,-0.3583715921316402,-0.19125727734762546,833.8754954038653,0.15455004507771022,0.18280212114023442,WATCH,MOS 15% attractive but short of buy threshold 30%,,625.8977711039631,,0.45,2026-06-30,"Energy | Oil, Gas & Coal | Oil, Gas & Coal Supports | Oil, Gas & Coal Equipment & Services",5,5.883864877834612,5.501228771270055,0.83296932786881
ELTY,Bakrieland Development Tbk.,Properties & Real Estate,Cyclical,46.0,58.3,34.3,30.8,41.1,6,1.4894763592064193,0.02226459440251006,0.010209659744166627,44.914359629531916,False,-24.575091425763055,,10.181677154557454,28.35844506349994,47.65843078913184,-3.5179197200737984,-0.6220917577461413,0.03479826678452105,70.31022588478606,0.3457566176024245,0.5284831714083926,WATCH,Cheap but balance sheet weak - possible value trap,Net debt/EBITDA 6.5x; Interest coverage 0.8x; Trailing EBIT -0.2x mid-cycle - possible peak earnings,98.2780797656435,,1.45,2026-03-31,Properties & Real Estate | Real Estate | Real Estate Development | Real Estate Development,35,12.379916854923529,9.504502268830333,0.7706297288148782
EMAS,Merdeka Gold Resources Tbk.,Basic Materials,Cyclical,7725.0,45.0,26.8,20.0,30.6,2,0.5214209392022143,-0.0026780673105375923,-0.022720973684047827,-373.4036094108707,False,-433.5693516636428,,,,,,,,997.2249467233523,-1.0,-0.870909392009922,SKIP,MOS -100% below watch threshold 10%,Interest coverage -1.1x,997.2249467233522,,1.45,2026-03-31,Basic Materials | Metals & Minerals,19,12.449518149274448,8.573447831556207,2.228715086990508
EMDE,Megapolitan Developments Tbk.,Properties & Real Estate,Deep Value,82.0,65.0,67.6,60.0,64.2,5,4.719126012619899,-0.07380904667473111,-0.02721542586095939,-13.548474679626974,False,103.85513201327335,,1399.8480869575096,2281.9570043857975,3220.155679028292,0.9414222151932055,0.9640659311974763,0.9745353926414067,103.85513201327335,0.21043863302277757,0.2665260001618701,WATCH,MOS 21% attractive but short of buy threshold 30%,Interest coverage -76.0x,411.4026301697245,,1.45,2026-03-31,Properties & Real Estate | Real Estate | Real Estate Development | Real Estate Development,35,12.379916854923529,9.504502268830333,0.7706297288148782
EMTK,Elang Mahkota Teknologi Tbk.,Consumer Cyclicals,Ordinary,525.0,63.3,95.6,32.5,63.8,7,8.679256533309916,0.06715353457951795,0.05080178773026187,14.891248930700414,False,404.25252820900573,762.561608445034,981.0508881790316,1401.3340873774994,1845.2102234821546,0.46485956403905426,0.6253570046365592,0.7154795733738913,1048.5684740914733,0.4993173903546132,0.9972732839837586,WATCH,"Cheap and sound, but flagged: Normalised EBIT 2.7x trailing - valuation assumes cycle recovery",Normalised EBIT 2.7x trailing - valuation assumes cycle recovery,884.5531047388467,,0.45,2026-06-30,Consumer Cyclicals | Media & Entertainment | Media | Broadcasting,5,2.9402451161671346,9.771295333376617,2.0515302456242384
ENAK,Champ Resto Indonesia Tbk.,Consumer Cyclicals,Ordinary,240.0,51.7,23.9,20.0,31.9,4,-2.8764221795104943,-0.07000235925688678,-0.08548506895685072,-14.285232820944115,False,-316.957383817142,,400.312756837084,779.1680737159353,1186.0502854392414,0.40046876872906345,0.6919791658615907,0.7976477026763511,530.2244779354085,0.5473615233032741,1.209268658064202,WATCH,Cheap but balance sheet weak - possible value trap,Net debt/EBITDA 4.5x; Interest coverage -1.9x,131.9147246865656,,0.45,2026-06-30,Consumer Cyclicals | Consumer Services | Tourism & Recreation,9,17.933020637857847,13.102684494262084,1.5661740593254243
ENRG,Energi Mega Persada Tbk.,Energy,Cyclical,1340.0,58.3,53.3,38.8,50.1,6,0.3781186786721594,0.08763097861350033,0.10615492235010801,11.411489587609616,False,-513.5661254118344,314.5333704132136,,,,,,,539.0465811985874,-1.0,-0.5977264319413527,SKIP,MOS -100% below watch threshold 10%,,913.2352658408774,,1.45,2026-03-31,"Energy | Oil, Gas & Coal | Oil & Gas | Oil & Gas Production & Refinery",9,15.064036542847035,8.411588499041516,1.5179638241818716
ENVY,Envy Technologies Indonesia Tbk.,Technology,Ordinary,50.0,,,,,,,,,,False,,,,,,,,,,,,SKIP,No usable intrinsic value - cannot assess margin of safety,,,,,,Technology | Software & IT Services | IT Services & Consulting | IT Services & Consulting,5,7.905805643427312,6.074486307476839,2.0568949537989996
ENZO,Morenzo Abadi Perkasa Tbk.,Consumer Cyclicals,Ordinary,80.0,,,,,,,,,,False,,,,,,,,,,,,SKIP,No usable intrinsic value - cannot assess margin of safety,,,,,,Consumer Cyclicals | Retailing | Specialty Retail | Specialty Stores,6,10.582498513763287,10.050352905588877,2.8584492925773355
EPAC,Megalestari Epack Sentosaraya Tbk.,Basic Materials,Cyclical,62.0,,,,,,,,,,False,,,,,,,,,,,,SKIP,No usable intrinsic value - cannot assess margin of safety,,,,,,Basic Materials | Containers & Packaging | Containers & Packaging | Containers & Packaging,9,19.006084751788784,13.236591015696982,0.9401486583379153
EPMT,Enseval Putera Megatrading Tbk.,Healthcare,Deep Value,2330.0,53.3,93.3,75.8,74.1,6,6.6818126412864745,0.15635215859518514,0.1211684052027612,6.395818317987679,False,2349.1354826181137,2565.957866016409,2408.5686772308436,3723.2163180226685,5132.635642271244,0.03262048451164566,0.3741969842790601,0.5460421969542044,2349.1354826181137,0.008145755219186908,0.008212653484168886,SKIP,MOS 1% below watch threshold 10%,,2609.721598987583,,0.45,2026-06-30,Healthcare | Healthcare Equipment & Providers | Healthcare Supplies & Distributions | Healthcare Supplies & Distributions,4,7.7648857093037975,8.02514613469945,0.8560902149342481
ERAA,Erajaya Swasembada Tbk.,Consumer Cyclicals,Compounder,470.0,70.0,73.9,73.2,72.4,4,2.8768326649481404,0.19282686417057637,0.21849092384102878,5.185999390185545,False,-8.215073289861925,272.9211593196808,1046.5386902498444,1918.3162234647577,2839.031692758479,0.550900502409715,0.7549934707057256,0.8344505976460814,1126.6051501765487,0.5828174583381347,1.3970322344181887,BUY,"MOS 58%, quality and balance sheet both pass",,1055.0250201150286,,0.45,2026-06-30,Consumer Cyclicals | Retailing | Specialty Retail,13,10.582498513763287,8.450289443602555,1.4759097575188527
ERAL,Sinar Eka Selaras Tbk.,Consumer Cyclicals,Ordinary,310.0,63.3,87.3,88.8,79.8,6,5.3161164905213765,0.19533865681250973,0.18220517957055482,5.119314406670778,False,150.19249456332233,320.24239083951335,388.5731048148814,620.5101960420967,865.4672632520884,0.20220932391168478,0.5004111101198264,0.6418119862383461,489.08499461990556,0.3661633388672703,0.5776935310319533,BUY,"MOS 37%, quality and balance sheet both pass",,515.1843176369489,,0.45,2026-06-30,Consumer Cyclicals | Retailing | Specialty Retail,13,10.582498513763287,8.450289443602555,1.4759097575188527
ERTX,Eratex Djaja Tbk.,Consumer Cyclicals,Ordinary,193.0,,,,,,,,,,False,,,,,,,,,,,,SKIP,No usable intrinsic value - cannot assess margin of safety,,,,,,Consumer Cyclicals,49,11.174937874788398,8.450289443602555,1.219026001317649
ESIP,Sinergi Inti Plastindo Tbk.,Basic Materials,Cyclical,131.0,,,,,,,,,,False,,,,,,,,,,,,SKIP,No usable intrinsic value - cannot assess margin of safety,,,,,,Basic Materials | Chemicals | Specialty Chemical | Specialty Chemical,8,13.16483991901313,10.120677959093147,1.520943283857289
ESSA,ESSA Industries Indonesia Tbk.,Energy,Cyclical,655.0,61.7,95.6,83.8,80.4,7,11.280184630818365,0.15664243624046092,0.1925851217086054,6.383966082249293,False,179.6533524723472,702.3168900740578,478.69077578260834,653.2254761160294,843.7196614475237,-0.3683154828482853,-0.0027165564553936245,0.22367578956705556,728.8475990217277,0.1013210431383011,0.11274442598737044,WATCH,MOS 10% attractive but short of buy threshold 30%,,823.480195871643,,1.45,2026-03-31,"Energy | Oil, Gas & Coal | Oil & Gas | Oil & Gas Production & Refinery",9,15.064036542847035,8.411588499041516,1.5179638241818716
ESTA,Esta Multi Usaha Tbk.,Industrials,Cyclical,179.0,,,,,,,,,,False,,,,,,,,,,,,SKIP,No usable intrinsic value - cannot assess margin of safety,,,,,,Industrials | Industrial Services | Business Support Services | Business Support Services,10,13.35995628193082,9.538398395217746,1.4057675482565506
ESTI,Ever Shine Tex Tbk.,Consumer Cyclicals,Ordinary,178.0,,,,,,,,,,False,,,,,,,,,,,,SKIP,No usable intrinsic value - cannot assess margin of safety,,,,,,Consumer Cyclicals,49,11.174937874788398,8.450289443602555,1.219026001317649
ETWA,Eterindo Wahanatama Tbk.,Consumer Non-Cyclicals,Ordinary,70.0,60.0,22.2,,41.1,2,,,,,False,,,,,,,,,,,,SKIP,No usable intrinsic value - cannot assess margin of safety,,,,,,Consumer Non-Cyclicals | Food & Beverage | Agricultural Products | Plantations & Crops,26,8.531657563897525,6.89544177076508,1.5596099814498379
EURO,Estee Gold Feet Tbk.,Consumer Cyclicals,Ordinary,1895.0,40.0,72.2,,56.1,4,,,,,False,7.717026610746085,9.157401419132283,7.89349503344849,10.772056103358562,13.913833325263083,-239.07109549952008,-174.91813316022072,-135.1953931530346,13.851064437747043,-1.0,-0.9926907311674158,SKIP,MOS -100% below watch threshold 10%,,25.348605998829278,,2.43,2025-12-31,Consumer Cyclicals,49,11.174937874788398,8.450289443602555,1.219026001317649
EXCL,XLSMART Telecom Sejahtera Tbk.,Infrastructures,Cyclical,2560.0,65.0,21.7,60.0,48.9,3,-0.8383305172461553,-0.02430608111355162,-0.02567763231210251,-41.14196753183958,False,-3859.0307991728773,,5207.029405481571,10185.885755484664,15457.560030068635,0.5083569151145904,0.7486718326266766,0.8343852461177449,5741.387641383729,0.5541147611167018,1.2427295474155189,WATCH,Cheap but balance sheet weak - possible value trap,Interest coverage -0.6x,2778.388898649772,,1.45,2026-03-31,Infrastructures | Telecommunication | Telecommunication Service,9,20.371497234407094,12.179224655374979,1.7351265363762383
FAPA,FAP Agri Tbk.,Consumer Non-Cyclicals,Compounder,7375.0,81.7,68.8,31.2,60.6,8,2.102429406476125,0.06868915006304009,0.25760573438350065,14.558339986478808,False,-1036.6551162720784,487.2384687225369,,,,,,,1499.8050738713034,-1.0,-0.7966366001530436,SKIP,MOS -100% below watch threshold 10%,,2917.3983210795764,,0.45,2026-06-30,Consumer Non-Cyclicals | Food & Beverage | Agricultural Products | Plantations & Crops,26,8.531657563897525,6.89544177076508,1.5596099814498379
FAST,Fast Food Indonesia Tbk.,Consumer Cyclicals,Ordinary,364.0,51.7,21.7,20.0,31.1,3,-2.2432169806455096,-0.06134075292426531,-0.054204731122258876,-16.302375701756635,False,-883.5510575437474,,,,,,,,101.94304272429515,-1.0,-0.719936695812376,SKIP,MOS -100% below watch threshold 10%,Net debt/EBITDA 16.0x; Interest coverage -2.9x,101.94304272429515,,1.45,2026-03-31,Consumer Cyclicals | Consumer Services | Tourism & Recreation,9,17.933020637857847,13.102684494262084,1.5661740593254243
FASW,Fajar Surya Wisesa Tbk.,Basic Materials,Cyclical,5450.0,16.7,26.1,20.0,20.9,4,0.4059820678450916,-0.0006361465199035064,-0.0015125090589891514,-1571.9648991425506,False,-1060.7863966543946,,,,,,,,700.781258547896,-1.0,-0.8714162828352484,SKIP,MOS -100% below watch threshold 10%,Interest coverage -0.0x,700.781258547896,,0.45,2026-06-30,Basic Materials | Forestry & Paper | Paper | Paper,4,5.822632122345567,5.913922020964207,0.3874348043236587
FILM,MD Entertainment Tbk.,Consumer Cyclicals,Ordinary,1090.0,51.7,58.3,20.0,43.3,3,5.679891469662865,-0.01874432068313501,-0.06987180854292192,-53.34949272926912,False,25.31922366532975,47.93405440068669,45.890217361484844,79.09767082564531,114.7696828950219,-22.752339009725958,-12.780431062283526,-8.49728162093997,249.6686620517591,-1.0,-0.7709461816038907,SKIP,MOS -100% below watch threshold 10%,Interest coverage -9.4x,805.0106987250425,,0.45,2026-06-30,Consumer Cyclicals | Media & Entertainment,10,12.548556815186648,8.243461215824126,2.8142590489474553
FIMP,Fimperkasa Utama Tbk.,Industrials,Cyclical,69.0,,,,,,,,,,False,,,,,,,,,,,,SKIP,No usable intrinsic value - cannot assess margin of safety,,,,,,Industrials | Industrial Services | Business Support Services | Business Support Services,10,13.35995628193082,9.538398395217746,1.4057675482565506
FIRE,Alfa Energi Investama Tbk.,Energy,Cyclical,112.0,46.7,63.1,38.0,49.3,5,1.5315092570464068,0.10507768202838438,0.062462738154316445,9.516768743812529,False,-21.580955041531784,51.46220189126966,44.642644653113045,72.77321729951949,102.8318862564508,-1.5088119413684857,-0.539027737897463,-0.08915633153596916,67.63376744549569,-0.6559775424348187,-0.39612707637950273,SKIP,MOS -66% below watch threshold 10%,,91.16007679985657,,0.45,2026-06-30,"Energy | Oil, Gas & Coal | Coal | Coal Production",26,15.378032536083092,8.15902719908333,1.327597648369335
FISH,FKS Multi Agro Tbk.,Consumer Non-Cyclicals,Ordinary,610.0,23.3,71.6,63.8,52.9,7,3.6217432041996824,0.19024056450693186,0.19942814571414497,5.256502484587417,False,141.49205794704295,525.4760502683846,79.43342934027727,261.94820459152527,461.1521643544176,-6.679386438005583,-1.3287046420158406,-0.32277379821898805,429.787954321451,-0.41930455208561546,-0.29542958307958844,SKIP,MOS -42% below watch threshold 10%,,564.3682195636251,,1.45,2026-03-31,Consumer Non-Cyclicals | Food & Beverage | Agricultural Products | Plantations & Crops,26,8.531657563897525,6.89544177076508,1.5596099814498379
FITT,Hotel Fitra International Tbk.,Consumer Cyclicals,Ordinary,350.0,36.7,52.4,20.0,36.4,4,1.2247518116754168,-0.00984691296760647,-0.047826596685628636,-101.5546703103515,False,-18.05240906510572,,,,,,,,90.07876015950937,-1.0,-0.7426321138299732,SKIP,MOS -100% below watch threshold 10%,Interest coverage -2.6x,90.07876015950937,,1.45,2026-03-31,"Consumer Cyclicals | Consumer Services | Tourism & Recreation | Hotels, Resorts & Cruise Lines",4,20.170262477240115,14.879103844859301,1.5661740593254243
FLMC,Falmaco Nonwoven Industri Tbk.,Basic Materials,Cyclical,75.0,,,,,,,,,,False,,,,,,,,,,,,SKIP,No usable intrinsic value - cannot assess margin of safety,,,,,,Basic Materials | Chemicals | Specialty Chemical | Specialty Chemical,8,13.16483991901313,10.120677959093147,1.520943283857289
FMII,Fortune Mate Indonesia Tbk.,Properties & Real Estate,Cyclical,250.0,43.3,70.4,20.0,44.6,6,11.670230740319942,-0.0026333628924315572,-0.006356273888893888,-379.74257284252764,False,17.723760627982617,10.18656026301396,3.972010543844563,10.094024608350084,16.775836761337843,-61.94041701058064,-23.767128048528075,-13.902386304578165,32.151083592265394,-1.0,-0.8713956656309384,SKIP,MOS -100% below watch threshold 10%,Interest coverage -40.6x,83.463328463628,,0.45,2026-06-30,Properties & Real Estate | Real Estate | Real Estate Development | Real Estate Development,35,12.379916854923529,9.504502268830333,0.7706297288148782
FOLK,Multi Garam Utama Tbk.,Consumer Non-Cyclicals,Ordinary,218.0,43.3,74.1,20.0,45.8,5,13.085963366320938,-0.0019227189226236306,-0.014445378107291164,-520.096821346855,False,17.01727968978455,,,,,,,,33.91886706759935,-1.0,-0.8444088666623883,SKIP,MOS -100% below watch threshold 10%,Interest coverage -1.8x,33.91886706759935,,1.45,2026-03-31,Consumer Non-Cyclicals | Food & Beverage | Agricultural Products | Plantations & Crops,26,8.531657563897525,6.89544177076508,1.5596099814498379
FOOD,Sentra Food Indonesia Tbk.,Consumer Non-Cyclicals,Ordinary,176.0,,,,,,,,,,False,,,,,,,,,,,,SKIP,No usable intrinsic value - cannot assess margin of safety,,,,,,Consumer Non-Cyclicals | Food & Beverage | Processed Foods | Processed Foods,21,10.558880519242848,8.175622633576266,1.6206373241502938
FORE,Fore Kopi Indonesia Tbk.,Consumer Cyclicals,Compounder,805.0,95.0,84.6,25.0,68.2,7,2.5323098974983003,0.024282950256997567,0.21562299257134387,41.18115753714202,False,-6.580081216043261,26.75177695616325,56.11550493273406,88.09693758403019,121.87367379290494,-13.345411325532178,-8.137661558691079,-5.605200080928916,106.2672365810737,-1.0,-0.8679910104582935,SKIP,MOS -100% below watch threshold 10%,Trailing EBIT 5.1x mid-cycle - possible peak earnings,246.66135845121795,,0.45,2026-06-30,Consumer Cyclicals | Consumer Services | Tourism & Recreation,9,17.933020637857847,13.102684494262084,1.5661740593254243
FORU,Fortune Indonesia Tbk.,Consumer Cyclicals,Ordinary,2250.0,43.3,53.2,20.0,38.8,7,-2.8534783395999166,-0.0052467052495289105,-1.7535347997818862,-190.5958029736448,False,27.27745686678733,,,,,,,,70.53735848100222,-1.0,-0.9686500628973324,SKIP,MOS -100% below watch threshold 10%,Interest coverage -19.4x,70.53735848100222,,0.45,2026-06-30,Consumer Cyclicals | Media & Entertainment | Media,7,9.009775676765488,6.269351454515765,2.0515302456242384
FPNI,Lotte Chemical Titan Tbk.,Basic Materials,Cyclical,430.0,41.7,89.8,79.8,70.4,8,1.8179607225181913,0.14010677221406467,0.21274985378608044,7.137413732379274,False,95.23091914932796,109.98397436668651,,,,,,,240.52377798638503,-0.7877650334610176,-0.4406423767758487,SKIP,MOS -79% below watch threshold 10%,Trailing EBIT 22.4x mid-cycle - possible peak earnings,458.09011735254927,,0.45,2026-06-30,Basic Materials | Chemicals | Basic Chemicals | Basic Chemicals,8,8.598946032361429,6.137238035447713,1.0540245818465046
FUJI,Fuji Finance Indonesia Tbk.,Financials,Financial,206.0,57.5,83.3,40.0,60.3,6,17.805246252458858,0.04350405336504122,0.07887599947971503,22.986363859225477,False,139.77647096228614,101.59764610013639,110.15625814960825,137.59092592749258,166.71540598498046,-0.870070783633754,-0.4971917560069151,-0.23563865488567218,61.08992447888593,-1.0,-0.7034469685490974,SKIP,MOS -100% below watch threshold 10%,,98.4411644721708,23.73868448560107,0.45,2026-06-30,Financials | Financing Service | Consumer Financing | Consumer Financing,10,7.989408923865265,19.754981122137107,0.6942929524188031
FUTR,Futura Energi Global Tbk.,Energy,Cyclical,372.0,23.3,62.1,20.0,35.1,3,9.762702872339466,-0.024142441738642318,-0.30904021562433354,-41.42083103381391,False,25.0483322749601,4.619969813497062,15.249016760407729,21.74057535780289,28.825723263520846,-23.395015484923203,-16.110862701546942,-11.90514019715053,18.5348107081683,-1.0,-0.9501752400318056,SKIP,MOS -100% below watch threshold 10%,Interest coverage -161.8x,39.589035766197306,,1.45,2026-03-31,"Energy | Oil, Gas & Coal | Oil & Gas | Oil & Gas Production & Refinery",9,15.064036542847035,8.411588499041516,1.5179638241818716
FWCT,Wijaya Cahaya Timber Tbk.,Basic Materials,Cyclical,95.0,,,,,,,,,,False,,,,,,,,,,,,SKIP,No usable intrinsic value - cannot assess margin of safety,,,,,,Basic Materials | Forestry & Paper,6,7.768566870702134,9.44136568520986,1.3783061458986228
GAMA,Aksara Global Development Tbk.,Properties & Real Estate,Cyclical,18.0,,,,,,,,,,False,,,,,,,,,,,,SKIP,No usable intrinsic value - cannot assess margin of safety,,,,,,Properties & Real Estate | Real Estate | Real Estate Development | Real Estate Development,35,12.379916854923529,9.504502268830333,0.7706297288148782
GDST,Gunawan Dianjaya Steel Tbk.,Basic Materials,Cyclical,141.0,30.0,32.7,54.8,39.2,3,1.2771861843509917,0.13664452747225794,0.12058370595270702,7.318258685500768,False,-18.47836094497492,38.81251571145578,,,,,,,56.47120068213884,-1.0,-0.5994950306231288,SKIP,MOS -100% below watch threshold 10%,Net debt/EBITDA 5.0x,85.90234229994395,,0.45,2026-06-30,Basic Materials | Metals & Minerals | Iron & Steel | Iron & Steel,4,9.266482273796075,7.211822702853995,0.53559173397186
GDYR,Goodyear Indonesia Tbk.,Consumer Cyclicals,Ordinary,1080.0,,,,,,,,,,False,,,,,,,,,,,,SKIP,No usable intrinsic value - cannot assess margin of safety,,,,,,Consumer Cyclicals | Automobiles & Components | Auto Components,6,8.136871635052099,5.760391032273006,0.6971616126654374
GEMA,Gema Grahasarana Tbk.,Industrials,Cyclical,81.0,58.3,49.3,58.0,55.2,6,2.052437290143349,0.10630237715931654,0.12802607880522643,9.407127354276275,False,-22.072215059679444,,78.36208765281738,284.0486238326361,502.80986241765413,-0.03366311983506451,0.7148375552499564,0.8389053078423546,203.79990792816045,0.6025513415415648,1.5160482460266724,WATCH,"Cheap and sound, but flagged: Net debt/EBITDA 4.8x",Net debt/EBITDA 4.8x,150.30076399184335,,0.45,2026-06-30,Industrials | Industrial Services | Business Support Services | Business Support Services,10,13.35995628193082,9.538398395217746,1.4057675482565506
GEMS,Golden Energy Mines Tbk.,Energy,Cyclical,6625.0,73.3,85.9,71.8,77.0,4,6.494893102839491,0.14703102484157649,0.4272027664568554,6.801285654354132,False,495.78527269300275,13206.477186796772,8194.028561964271,12823.75436377284,17876.823141723144,0.19148439013838922,0.4833806222368347,0.6294084274661892,11552.310977664165,0.4265216706155922,0.7437450532323269,WATCH,"Cheap and sound, but flagged: Normalised EBIT 2.1x trailing - valuation assumes cycle recovery",Normalised EBIT 2.1x trailing - valuation assumes cycle recovery,7947.738371704034,,1.45,2026-03-31,"Energy | Oil, Gas & Coal | Coal | Coal Production",26,15.378032536083092,8.15902719908333,1.327597648369335
GGRM,Gudang Garam Tbk.,Consumer Non-Cyclicals,Ordinary,21575.0,23.3,100.0,78.8,67.4,9,10.570369746914107,0.1524513002799803,0.08797324239785671,6.559471766809973,False,15132.855800414642,17525.73670201368,8077.702995384138,10088.478146513231,12283.118946121616,-1.6709325673806843,-1.138578255973794,-0.7564757041461596,16809.243603280647,-0.2835199791969951,-0.22089253287227595,SKIP,MOS -28% below watch threshold 10%,,26559.377995882267,,0.45,2026-06-30,Consumer Non-Cyclicals,74,10.400800028755185,8.408434211442884,1.6206373241502938
GGRP,Gunung Raja Paksi Tbk.,Basic Materials,Cyclical,304.0,16.7,67.6,20.0,34.8,5,7.782904834401172,-0.1779085448971971,-0.05375744323348664,-5.620865487814772,False,105.49634884625776,181.5311362594014,62.28260751646582,110.55018625744304,163.23136124798194,-3.8809774048016648,-1.74988229591999,-0.8623872133135103,268.4502380546076,-0.1324258909323855,-0.11694000639931712,SKIP,MOS -13% below watch threshold 10%,Interest coverage -9.8x,518.5821089113944,,1.45,2026-03-31,Basic Materials | Metals & Minerals | Iron & Steel | Iron & Steel,4,9.266482273796075,7.211822702853995,0.53559173397186
GHON,Gihon Telekomunikasi Indonesia Tbk.,Infrastructures,Cyclical,1625.0,,,,,,,,,,False,,,,,,,,,,,,SKIP,No usable intrinsic value - cannot assess margin of safety,,,,,,Infrastructures | Telecommunication | Telecommunication Service | Wired Telecommunication Service,5,27.330200244220453,13.219713383808653,1.4052395821892443
GIAA,Garuda Indonesia (Persero) Tbk.,Transportation & Logistic,Cyclical,63.0,56.7,23.9,52.7,44.4,4,-1.6166179920861206,0.09013989478124154,0.018456903956196806,11.093866954547453,False,-260.7582745749215,31.42649032181404,,,,,,,31.42649032181404,-1.0,-0.5011668202886661,SKIP,MOS -100% below watch threshold 10%,Net debt/EBITDA 24.4x; Interest coverage 0.2x; Normalised EBIT 4.9x trailing - valuation assumes cycle recovery,,,1.45,2026-03-31,Transportation & Logistic | Transportation,16,9.9633880923927,8.711358548864593,1.5022650645587248
GJTL,Gajah Tunggal Tbk.,Consumer Cyclicals,Ordinary,1320.0,51.7,71.1,76.2,66.3,5,3.5758786783161316,0.2311321804684046,0.13069294003269033,4.326528646826392,False,-800.8942999362433,2111.42209434338,,,,,,,2149.341743585063,0.3858584825146214,0.6282891996856537,BUY,"MOS 39%, quality and balance sheet both pass",,2202.429252523418,,0.45,2026-06-30,Consumer Cyclicals | Automobiles & Components | Auto Components,6,8.136871635052099,5.760391032273006,0.6971616126654374
GLOB,Globe Kita Terang Tbk.,Consumer Cyclicals,Ordinary,155.0,,,,,,,,,,False,,,,,,,,,,,,SKIP,No usable intrinsic value - cannot assess margin of safety,,,,,,Consumer Cyclicals | Retailing | Specialty Retail,13,10.582498513763287,8.450289443602555,1.4759097575188527
GLVA,Galva Technologies Tbk.,Technology,Ordinary,310.0,,,,,,,,,,False,,,,,,,,,,,,SKIP,No usable intrinsic value - cannot assess margin of safety,,,,,,Technology | Software & IT Services | IT Services & Consulting | IT Services & Consulting,5,7.905805643427312,6.074486307476839,2.0568949537989996
GMFI,Garuda Maintenance Facility Aero Asia Tbk.,Industrials,Cyclical,60.0,63.3,45.6,88.8,65.9,7,-0.9899011720063814,0.16906997489516795,0.12414223424216285,5.914710761742594,False,-53.380430706701254,,1.4839951388717778,30.947832841669474,62.06564687581229,-39.43139928720764,-0.9387464158463935,0.033281645802314165,34.93606372188206,-0.7174230181638709,-0.41773227130196566,SKIP,MOS -72% below watch threshold 10%,Net debt/EBITDA 5.3x,37.594884308690446,,1.45,2026-03-31,Industrials | Industrial Services,11,13.331078119560926,9.407127354276275,1.6851565507469584
GMTD,Gowa Makassar Tourism Development Tbk.,Consumer Cyclicals,Ordinary,1305.0,43.3,76.9,18.8,46.3,4,5.7232708361873925,0.021325595041592812,0.02444648419224523,46.89200925224499,False,228.95702372789785,743.4618246218629,546.87373901711,810.9658341080394,1098.1723537179264,-1.3862912165895218,-0.6091923298289578,-0.18833805602722248,700.9678332494777,-0.8617116764836545,-0.46285989789312054,SKIP,MOS -86% below watch threshold 10%,Normalised EBIT 4.0x trailing - valuation assumes cycle recovery,465.47944395443994,,1.45,2026-03-31,"Consumer Cyclicals | Consumer Services | Tourism & Recreation | Hotels, Resorts & Cruise Lines",4,20.170262477240115,14.879103844859301,1.5661740593254243
GOLD,Visi Telekomunikasi Infrastruktur Tbk.,Infrastructures,Cyclical,274.0,,,,,,,,,,False,,,,,,,,,,,,SKIP,No usable intrinsic value - cannot assess margin of safety,,,,,,Infrastructures | Telecommunication | Telecommunication Service | Wired Telecommunication Service,5,27.330200244220453,13.219713383808653,1.4052395821892443
GOLF,Intra Golflink Resorts Tbk.,Consumer Cyclicals,Ordinary,167.0,70.0,71.9,18.8,53.6,4,11.19507216900209,0.018283889117647965,0.007844614932900833,54.692959116382994,False,10.68368612641717,9.408237506145115,,,,,,,22.63338513933748,-1.0,-0.8644707476686379,SKIP,MOS -100% below watch threshold 10%,,41.1485918258068,,0.45,2026-06-30,Consumer Cyclicals | Consumer Services | Tourism & Recreation,9,17.933020637857847,13.102684494262084,1.5661740593254243
GOLL,Golden Plantation Tbk.,Consumer Non-Cyclicals,Ordinary,50.0,,,,,,,,,,False,,,,,,,,,,,,SKIP,No usable intrinsic value - cannot assess margin of safety,,,,,,Consumer Non-Cyclicals | Food & Beverage | Agricultural Products | Plantations & Crops,26,8.531657563897525,6.89544177076508,1.5596099814498379
GOOD,Garudafood Putra Putri Jaya Tbk.,Consumer Non-Cyclicals,Compounder,302.0,66.7,76.1,31.2,58.0,5,2.988412229896991,0.07678883245773573,0.18386218141467114,13.022726977264515,False,-29.91663896632824,119.52474228407782,10.87299386243755,41.044998458697926,73.28055125021486,-26.77523870801638,-6.357778324779121,-3.121148037885626,101.16256494488034,-1.0,-0.6650246193878134,SKIP,MOS -100% below watch threshold 10%,,171.64362304789577,,0.45,2026-06-30,Consumer Non-Cyclicals | Food & Beverage | Processed Foods | Processed Foods,21,10.558880519242848,8.175622633576266,1.6206373241502938
GOTO,GoTo Gojek Tokopedia Tbk.,Consumer Cyclicals,Ordinary,50.0,70.0,62.6,18.3,50.3,7,-10.147186439602269,0.020044062840931232,0.0424532378902661,49.890085055906795,False,11.93660958434088,,15.711589081426661,17.682398576930282,19.763841055551502,-2.182364287970536,-1.8276706795442086,-1.5298726021658329,22.824156044225383,-1.0,-0.5435168791154923,SKIP,MOS -100% below watch threshold 10%,Interest coverage 1.0x; Trailing EBIT -0.0x mid-cycle - possible peak earnings,31.050967991897547,,0.45,2026-06-30,Consumer Cyclicals | Retailing,18,10.694931239689799,10.050352905588877,1.422027519184855
GPRA,Perdana Gapuraprima Tbk.,Properties & Real Estate,Deep Value,109.0,66.7,70.9,79.8,72.5,4,8.597664663049544,0.11114823257162698,0.051475071957547906,8.996994165926772,True,235.4263198236956,125.29270520126859,154.06722783789158,273.3884566916693,400.99995538894905,0.2925166401079858,0.6012999183687866,0.7281795208823011,125.29270520126859,0.1300371412293812,0.14947435964466593,DEEP VALUE,Trades below 2/3 NCAV - Graham net-net,,147.3948391900098,,1.45,2026-03-31,Properties & Real Estate | Real Estate | Real Estate Development | Real Estate Development,35,12.379916854923529,9.504502268830333,0.7706297288148782
GPSO,Geoprima Solusi Tbk.,Industrials,Cyclical,294.0,,,,,,,,,,False,,,,,,,,,,,,SKIP,No usable intrinsic value - cannot assess margin of safety,,,,,,Industrials | Industrial Services | Business Support Services | Business Support Services,10,13.35995628193082,9.538398395217746,1.4057675482565506
GRIA,Ingria Pratama Capitalindo Tbk.,Properties & Real Estate,Cyclical,143.0,63.3,100.0,18.8,60.7,9,8.232569872202255,0.007168044522140699,0.018125455357072263,139.5080620539108,False,6.257265620488391,3.179079821318609,5.315244055567682,8.11205153039349,11.06586005217564,-25.90375051550238,-16.628093148104487,-11.92262863670366,6.661120690694274,-1.0,-0.9534187364287113,SKIP,MOS -100% below watch threshold 10%,Trailing EBIT 2.0x mid-cycle - possible peak earnings,11.497234913187572,,0.45,2026-06-30,Properties & Real Estate | Real Estate | Real Estate Development | Real Estate Development,35,12.379916854923529,9.504502268830333,0.7706297288148782
GRPH,Griptha Putra Persada Tbk.,Properties & Real Estate,Cyclical,61.0,,,,,,,,,,False,,,,,,,,,,,,SKIP,No usable intrinsic value - cannot assess margin of safety,,,,,,Properties & Real Estate | Real Estate | Real Estate Development | Real Estate Development,35,12.379916854923529,9.504502268830333,0.7706297288148782
GRPM,Graha Prima Mentari Tbk.,Properties & Real Estate,Cyclical,240.0,,,,,,,,,,False,,,,,,,,,,,,SKIP,No usable intrinsic value - cannot assess margin of safety,,,,,,Properties & Real Estate | Real Estate | Real Estate Development | Real Estate Development,35,12.379916854923529,9.504502268830333,0.7706297288148782
GSMF,Equity Development Investment Tbk.,Financials,Financial,89.0,15.0,56.9,57.5,43.1,5,,0.08669986130692842,0.010957548121831221,11.534043825743552,False,,29.831994859364098,14.94054671204573,29.59616537161782,45.59189648841532,-4.956943993772614,-2.007146327319463,-0.9521012911277876,67.41727664304193,-0.3201363868676176,-0.2425025096287423,SKIP,MOS -32% below watch threshold 10%,Interest coverage 1.5x,24.74305015487495,110.09150313120891,0.45,2026-06-30,Financials | Investment Service | Investment Services,6,21.010299838295108,8.82707394421313,2.9306073595903257
GTBO,Garda Tujuh Buana Tbk.,Energy,Cyclical,170.0,63.3,60.4,20.0,47.9,1,6.388622634702869,-0.19592057297554663,-0.0983199272879936,-5.1041092051359644,False,-6.9741271763663315,141.54967368986385,198.09969378981768,316.3666679935053,441.2726543342348,0.14184622526287824,0.4626488274564692,0.6147506573764794,262.73076845680816,0.3529497858262943,0.5454751085694598,SKIP,Filings 3.4 quarters stale - not screenable,,428.9419933772506,,3.44,2025-09-30,"Energy | Oil, Gas & Coal | Coal | Coal Production",26,15.378032536083092,8.15902719908333,1.327597648369335
GTRA,Grahaprima Suksesmandiri Tbk.,Industrials,Cyclical,252.0,,,,,,,,,,False,,,,,,,,,,,,SKIP,No usable intrinsic value - cannot assess margin of safety,,,,,,Industrials | Industrial Services | Business Support Services | Business Support Services,10,13.35995628193082,9.538398395217746,1.4057675482565506
GTSI,GTS Internasional Tbk.,Transportation & Logistic,Cyclical,191.0,36.7,38.9,18.3,31.3,4,1.1055648635034516,0.0068572385490630475,0.011437149840947626,145.831298247111,False,-44.525933070257345,21.144472527825798,,,,,,,35.49898994462477,-1.0,-0.8141414139024881,SKIP,MOS -100% below watch threshold 10%,Net debt/EBITDA 20.1x; Interest coverage 0.4x; Normalised EBIT 7.4x trailing - valuation assumes cycle recovery,59.42318563928973,,0.45,2026-06-30,Transportation & Logistic | Logistics & Deliveries | Logistics & Deliveries | Logistics & Deliveries,7,9.052415583885466,6.788313476605148,1.053034918368662
GULA,Aman Agrindo Tbk.,Consumer Non-Cyclicals,Ordinary,750.0,,,,,,,,,,False,,,,,,,,,,,,SKIP,No usable intrinsic value - cannot assess margin of safety,,,,,,Consumer Non-Cyclicals | Food & Beverage | Agricultural Products | Plantations & Crops,26,8.531657563897525,6.89544177076508,1.5596099814498379
GUNA,Gunanusa Eramandiri Tbk.,Industrials,Cyclical,206.0,,,,,,,,,,False,,,,,,,,,,,,SKIP,No usable intrinsic value - cannot assess margin of safety,,,,,,Industrials | Industrial Services | Business Support Services | Business Support Services,10,13.35995628193082,9.538398395217746,1.4057675482565506
GWSA,Greenwood Sejahtera Tbk.,Properties & Real Estate,Deep Value,137.0,65.0,93.3,59.8,72.7,6,14.651737280650272,0.1215278854432695,0.01875062698084944,8.22856413861336,False,172.61547188999572,87.09506977057298,99.30908791685704,151.07952979156,206.17259834454154,-0.3795313487794624,0.09319283566069544,0.33550820477581134,87.09506977057298,-0.5729937453507675,-0.36426956371844543,SKIP,MOS -57% below watch threshold 10%,,209.90142863883318,,0.45,2026-06-30,Properties & Real Estate | Real Estate | Real Estate Development | Real Estate Development,35,12.379916854923529,9.504502268830333,0.7706297288148782
GZCO,Gozco Plantations Tbk.,Consumer Non-Cyclicals,Ordinary,178.0,63.3,57.8,66.0,62.4,8,-0.049982616849774564,0.11816024776958799,0.07049759127956187,8.463083133931777,False,-115.87842848251985,99.38051173604875,34.233895836082844,76.08474907022013,120.28493375921025,-4.1995250804142,-1.3394964454140508,-0.4798195787040577,99.84133040309996,-0.782828807281932,-0.43909364942078677,SKIP,MOS -78% below watch threshold 10%,,138.4970066695794,,1.45,2026-03-31,Consumer Non-Cyclicals | Food & Beverage | Agricultural Products | Plantations & Crops,26,8.531657563897525,6.89544177076508,1.5596099814498379
HADE,Himalaya Energi Perkasa Tbk.,Energy,Cyclical,20.0,,,,,,,,,,False,,,,,,,,,,,,SKIP,No usable intrinsic value - cannot assess margin of safety,,,,,,"Energy | Oil, Gas & Coal | Coal | Coal Production",26,15.378032536083092,8.15902719908333,1.327597648369335
HAIS,Hasnur Internasional Shipping Tbk.,Transportation & Logistic,Cyclical,182.0,,,,,,,,,,False,,,,,,,,,,,,SKIP,No usable intrinsic value - cannot assess margin of safety,,,,,,Transportation & Logistic | Transportation | Passenger Marine Transportation | Passenger Marine Transportation,10,18.1436746865216,9.323868477410677,1.8682050333418738
HAJJ,Arsy Buana Travelindo Tbk.,Consumer Cyclicals,Ordinary,109.0,,,,,,,,,,False,,,,,,,,,,,,SKIP,No usable intrinsic value - cannot assess margin of safety,,,,,,Consumer Cyclicals | Consumer Services | Tourism & Recreation,9,17.933020637857847,13.102684494262084,1.5661740593254243
HALO,Haloni Jane Tbk.,Consumer Cyclicals,Ordinary,70.0,,,,,,,,,,False,,,,,,,,,,,,SKIP,No usable intrinsic value - cannot assess margin of safety,,,,,,Consumer Cyclicals | Retailing | Specialty Retail | Specialty Stores,6,10.582498513763287,10.050352905588877,2.8584492925773355
HATM,Habco Trans Maritima Tbk.,Transportation & Logistic,Cyclical,555.0,63.3,88.1,25.0,58.8,5,8.886780399765609,0.010784910965965745,0.03201883071717271,92.72213773073592,False,33.180293139697646,114.58857056958263,158.35871176424047,250.20597770400218,347.2091641146638,-2.5047014074367238,-1.2181724237483016,-0.5984601138485921,131.70124492087024,-1.0,-0.7627004596020356,SKIP,MOS -100% below watch threshold 10%,Normalised EBIT 2.9x trailing - valuation assumes cycle recovery,81.21921365092824,,0.45,2026-06-30,Transportation & Logistic | Transportation | Passenger Marine Transportation | Passenger Marine Transportation,10,18.1436746865216,9.323868477410677,1.8682050333418738
HBAT,Minahasa Membangun Hebat Tbk.,Industrials,Cyclical,220.0,,,,,,,,,,False,,,,,,,,,,,,SKIP,No usable intrinsic value - cannot assess margin of safety,,,,,,Industrials | Industrial Services | Business Support Services | Business Support Services,10,13.35995628193082,9.538398395217746,1.4057675482565506
HDFA,Radana Bhaskara Finance Tbk.,Financials,Financial,98.0,27.5,61.1,65.0,51.2,2,,,,,False,,,,,,,,,52.30051421066146,-0.8737865483552492,-0.46632128356467895,SKIP,MOS -87% below watch threshold 10%,,52.30051421066146,,1.45,2026-03-31,Financials | Financing Service | Consumer Financing | Consumer Financing,10,7.989408923865265,19.754981122137107,0.6942929524188031
HDIT,Hensel Davest Indonesia Tbk.,Financials,Financial,50.0,,,,,,,,,,False,,,,,,,,,,,,SKIP,No usable intrinsic value - cannot assess margin of safety,,,,,,Financials | Holding & Investment Companies | Investment Companies | Investment Companies,13,14.566398170997925,15.07996983497698,0.7997799244128763
HEAL,Medikaloka Hermina Tbk.,Healthcare,Ordinary,785.0,65.0,67.1,18.8,50.3,5,2.784641132822272,0.05377881642120968,0.09107007988867534,18.594682191734005,False,-175.1563473383782,143.85628229329788,,,,,,,344.8171624515118,-1.0,-0.5607424682146347,SKIP,MOS -100% below watch threshold 10%,,626.1623946730114,,0.45,2026-06-30,Healthcare | Healthcare Equipment & Providers | Healthcare Providers | Healthcare Providers,8,26.02401022549359,18.815604339264357,1.336894058656226
HELI,Jaya Trishindo Tbk.,Transportation & Logistic,Cyclical,192.0,75.0,66.0,84.2,75.1,9,1.169115999185701,0.1291060415172261,0.20492229219973296,7.745570914019342,False,-64.08007136838152,39.66930863217998,,,,,,,89.1974682088053,-1.0,-0.535429853079139,SKIP,MOS -100% below watch threshold 10%,Trailing EBIT 2.8x mid-cycle - possible peak earnings,171.74440083651422,,1.45,2026-03-31,Transportation & Logistic | Transportation | Passenger Land Transportation | Road Transportation,5,6.625536398518111,5.910974792208097,1.2412717730358216
HERO,DFI Retail Nusantara Tbk.,Consumer Non-Cyclicals,Ordinary,342.0,51.7,41.0,54.2,49.0,9,-1.9970889786280255,0.039051228829314576,0.0357353871838966,25.607388806401154,False,-294.0620595799482,,60.43535869611717,275.3428052633105,506.721126232825,-4.658938862589603,-0.24208802068732177,0.32507254524284424,312.78298881394966,-0.09340984718139284,-0.08542985726915309,SKIP,MOS -9% below watch threshold 10%,Interest coverage 1.0x; Trailing EBIT 2.2x mid-cycle - possible peak earnings,372.68728249497224,,0.45,2026-06-30,Consumer Non-Cyclicals | Food & Staples Retailing | Food & Staples Retailing,4,10.545593888966863,18.205370389227188,2.499822564270242
HEXA,Hexindo Adiperkasa Tbk.,Industrials,Cyclical,4480.0,30.0,74.6,74.8,59.8,7,4.488717266887459,0.11641954366398354,0.14056130187365137,8.5896230867066,False,2581.9601732352517,5857.719241828219,3937.563392266443,7031.830043230324,10409.037004068163,-0.1377594602791482,0.36289700227994265,0.5696047580339005,5473.017111435648,0.18143870030312512,0.22165560523117134,WATCH,MOS 18% attractive but short of buy threshold 30%,Normalised EBIT 2.4x trailing - valuation assumes cycle recovery,3792.6382729182446,,0.45,2026-06-30,Industrials | Industrial Goods | Machinery,4,14.416005681359687,9.823816834611925,1.0469873784900932
HGII,Hero Global Investment Tbk.,Financials,Financial,122.0,,,,,,,,,,False,,,,,,,,,,,,SKIP,No usable intrinsic value - cannot assess margin of safety,,,,,,Financials | Holding & Investment Companies | Investment Companies | Investment Companies,13,14.566398170997925,15.07996983497698,0.7997799244128763
HILL,Hillcon Tbk.,Energy,Cyclical,16.0,31.7,26.1,60.0,39.3,4,-6.573876218779147,-0.5047821154595495,-0.35014523466743447,-1.9810527539978475,False,-291.002884912409,6.380205583726197,,,,,,,8.472384390487967,-0.8884884422811793,-0.47047597559450205,SKIP,MOS -89% below watch threshold 10%,Interest coverage -5.5x,11.959349068424254,,1.45,2026-03-31,"Energy | Oil, Gas & Coal | Oil, Gas & Coal Supports",7,6.627479646647261,5.501228771270055,1.349479823824487
HITS,Humpuss Intermoda Transportasi Tbk.,Transportation & Logistic,Cyclical,116.0,63.3,38.9,91.0,64.4,4,1.4819051610142582,0.19263123349259237,0.04058805478076061,5.191266140329496,False,-250.9882835987426,,,,,,,,174.06477846797065,0.33358143433167353,0.5005584350687124,SKIP,Filings 3.4 quarters stale - not screenable,Net debt/EBITDA 6.9x; Interest coverage 1.0x,174.06477846797065,,3.44,2025-09-30,Transportation & Logistic | Logistics & Deliveries | Logistics & Deliveries | Logistics & Deliveries,7,9.052415583885466,6.788313476605148,1.053034918368662
HKMU,HK Metals Utama Tbk.,Basic Materials,Cyclical,50.0,,,,,,,,,,False,,,,,,,,,,,,SKIP,No usable intrinsic value - cannot assess margin of safety,,,,,,Basic Materials | Metals & Minerals | Iron & Steel | Iron & Steel,4,9.266482273796075,7.211822702853995,0.53559173397186
HMSP,H.M. Sampoerna Tbk.,Consumer Non-Cyclicals,Ordinary,765.0,61.7,97.0,68.5,75.7,9,4.479114769357686,0.10865555985233853,0.4159716003860311,9.203394666218523,False,96.64979628048505,695.231193255061,413.53427355274687,620.8663611215735,845.1103389292709,-0.8499071272321597,-0.23214921584421822,0.09479275692067417,637.0401717587106,-0.2008661838201254,-0.16726774933501887,SKIP,MOS -20% below watch threshold 10%,,581.4508386832392,,0.45,2026-06-30,Consumer Non-Cyclicals,74,10.400800028755185,8.408434211442884,1.6206373241502938
HOKI,Buyung Poetra Sembada Tbk.,Consumer Non-Cyclicals,Ordinary,55.0,33.3,66.7,20.0,40.0,6,3.2000605749156303,-0.10779815145689707,-0.1039369511690117,-9.276596921978282,False,17.59164690835475,,,,,,,,89.32098203745907,0.3842432231999608,0.6240178552265285,WATCH,Cheap but business economics poor - value trap risk,Interest coverage -2.5x,89.32098203745907,,0.45,2026-06-30,Consumer Non-Cyclicals | Food & Beverage | Processed Foods | Processed Foods,21,10.558880519242848,8.175622633576266,1.6206373241502938
HOME,Hotel Mandarine Regency Tbk.,Consumer Cyclicals,Ordinary,50.0,,,,,,,,,,False,,,,,,,,,,,,SKIP,No usable intrinsic value - cannot assess margin of safety,,,,,,"Consumer Cyclicals | Consumer Services | Tourism & Recreation | Hotels, Resorts & Cruise Lines",4,20.170262477240115,14.879103844859301,1.5661740593254243
HOMI,Grand House Mulia Tbk.,Properties & Real Estate,Cyclical,186.0,36.7,60.8,18.3,38.6,8,4.650039848537046,0.006221335729080578,0.0139336932147235,160.73718628070012,False,24.92910238448323,17.06442646485965,8.951222524834183,16.93214706063217,25.64284879922421,-19.77928455961892,-9.985021529399333,-6.25348425427783,22.507022262003765,-1.0,-0.8789945039677217,SKIP,MOS -100% below watch threshold 10%,Net debt/EBITDA 4.1x; Interest coverage 0.9x; Normalised EBIT 3.0x trailing - valuation assumes cycle recovery,35.29459872482503,,0.45,2026-06-30,Properties & Real Estate | Real Estate | Real Estate Development | Real Estate Development,35,12.379916854923529,9.504502268830333,0.7706297288148782
HOPE,Harapan Duta Pertiwi Tbk.,Properties & Real Estate,Cyclical,226.0,,,,,,,,,,False,,,,,,,,,,,,SKIP,No usable intrinsic value - cannot assess margin of safety,,,,,,Properties & Real Estate | Real Estate | Real Estate Development | Real Estate Development,35,12.379916854923529,9.504502268830333,0.7706297288148782
HOTL,Saraswati Griya Lestari Tbk.,Consumer Cyclicals,Ordinary,50.0,,,,,,,,,,False,,,,,,,,,,,,SKIP,No usable intrinsic value - cannot assess margin of safety,,,,,,"Consumer Cyclicals | Consumer Services | Tourism & Recreation | Hotels, Resorts & Cruise Lines",4,20.170262477240115,14.879103844859301,1.5661740593254243
HRME,Menteng Heritage Realty Tbk.,Properties & Real Estate,Cyclical,41.0,85.0,29.2,,57.1,3,,,,,False,-25.237496452928582,,,,,,,,71.18126789389187,0.4240057642536282,0.7361284852168748,SKIP,Filings 4.5 quarters stale - not screenable,,71.18126789389187,,4.45,2025-06-30,Properties & Real Estate | Real Estate | Real Estate Development | Real Estate Development,35,12.379916854923529,9.504502268830333,0.7706297288148782
HRTA,Hartadinata Abadi Tbk.,Consumer Cyclicals,Compounder,2220.0,68.3,83.6,79.8,77.2,7,3.956391622876998,0.1472123358988521,0.8810822472915834,6.792908990229518,False,642.989870705044,841.3699128622741,600.0040148600768,1132.896662977968,1695.7036703869135,-2.69997524186186,-0.9595785498780073,-0.3091910094724607,1513.360657350222,-0.46693386617242255,-0.31830601020260274,SKIP,MOS -47% below watch threshold 10%,Trailing EBIT 2.5x mid-cycle - possible peak earnings,3062.8900906289555,,1.45,2026-03-31,Consumer Cyclicals,49,11.174937874788398,8.450289443602555,1.219026001317649
HRUM,Harum Energy Tbk.,Energy,Cyclical,855.0,71.7,69.9,75.5,72.4,4,2.3998551134867996,0.3373760218072129,0.06454567185266194,2.9640517860259528,False,-1159.5434399150583,977.5995264661378,,,,,,,1232.5434579197754,0.3063124918588868,0.4415712958126028,BUY,"MOS 31%, quality and balance sheet both pass",,1657.4500103425053,,0.45,2026-06-30,"Energy | Oil, Gas & Coal | Coal | Coal Production",26,15.378032536083092,8.15902719908333,1.327597648369335
HUMI,Humpuss Maritim Internasional Tbk.,Transportation & Logistic,Cyclical,152.0,51.7,43.9,32.5,42.7,4,2.3428817968569002,0.08373059491264702,0.0513923990854979,11.943065746078389,False,-77.05759482640114,4.108400787062792,,,,,,,12.053525956569144,-1.0,-0.9207004871278346,SKIP,MOS -100% below watch threshold 10%,Net debt/EBITDA 6.6x; Interest coverage 1.4x,25.295401239079734,,1.45,2026-03-31,Transportation & Logistic | Transportation | Passenger Marine Transportation | Passenger Marine Transportation,10,18.1436746865216,9.323868477410677,1.8682050333418738
HYGN,Ecocare Indo Pasifik Tbk.,Industrials,Cyclical,168.0,,,,,,,,,,False,,,,,,,,,,,,SKIP,No usable intrinsic value - cannot assess margin of safety,,,,,,Industrials | Industrial Services,11,13.331078119560926,9.407127354276275,1.6851565507469584
IATA,MNC Energy Investments Tbk.,Energy,Cyclical,127.0,50.0,42.1,26.2,39.4,5,1.3501583357446758,0.06343098282338383,0.0710946033110991,15.765166413775793,False,-27.393389817887254,56.92482785114916,,11.5410252900968,28.870702469690944,,-10.004221618765277,-3.3989230997523254,44.30036146902087,-1.0,-0.6511782561494419,SKIP,MOS -100% below watch threshold 10%,Net debt/EBITDA 4.3x; Normalised EBIT 2.1x trailing - valuation assumes cycle recovery,45.09914161808975,,0.45,2026-06-30,"Energy | Oil, Gas & Coal | Oil & Gas | Oil & Gas Production & Refinery",9,15.064036542847035,8.411588499041516,1.5179638241818716
IBFN,Intan Baru Prana Tbk.,Industrials,Cyclical,63.0,,,,,,,,,,False,,,,,,,,,,,,SKIP,No usable intrinsic value - cannot assess margin of safety,,,,,,Industrials | Industrial Services | Business Support Services | Business Support Services,10,13.35995628193082,9.538398395217746,1.4057675482565506
IBOS,Indo Boga Sukses Tbk.,Consumer Non-Cyclicals,Ordinary,71.0,60.0,66.7,,63.4,3,,,,,False,5.778610103810965,4.105200436132198,2.376131857177047,4.909987578946416,7.675539532477197,-28.880496650699865,-13.460321713326037,-8.250164069845592,20.611168878560985,-1.0,-0.7097018467808311,SKIP,MOS -100% below watch threshold 10%,,68.8414147773446,,2.43,2025-12-31,Consumer Non-Cyclicals | Food & Beverage | Processed Foods | Processed Foods,21,10.558880519242848,8.175622633576266,1.6206373241502938
IBST,Inti Bangun Sejahtera Tbk.,Infrastructures,Cyclical,8475.0,68.3,79.0,38.8,62.0,9,4.971634318967754,0.051452282917569495,0.1809151558056659,19.435483583927205,False,-437.5881287635693,1535.2866818548507,313.4997144694035,605.7792969319429,924.784978002054,-26.03351744464549,-12.990243712393056,-8.164292458891104,2598.7973890746166,-1.0,-0.6933572402271839,SKIP,MOS -100% below watch threshold 10%,,5699.993962536009,,0.45,2026-06-30,Infrastructures | Telecommunication | Telecommunication Service | Wired Telecommunication Service,5,27.330200244220453,13.219713383808653,1.4052395821892443
ICBP,Indofood CBP Sukses Makmur Tbk.,Consumer Non-Cyclicals,Ordinary,7650.0,58.3,86.6,79.8,74.9,7,4.450743207238629,0.11916313414223881,0.1604744934792569,8.39185715614321,False,-921.7122468965986,5577.191222611065,3891.9170434395583,6993.431315522427,10321.972078860272,-0.9656122971313803,-0.09388362519844458,0.25886255634546385,6718.368280889653,-0.13866934353098304,-0.12178192406671207,SKIP,MOS -14% below watch threshold 10%,,7875.915307067236,,0.45,2026-06-30,Consumer Non-Cyclicals | Food & Beverage | Processed Foods | Processed Foods,21,10.558880519242848,8.175622633576266,1.6206373241502938
ICON,Island Concepts Indonesia Tbk.,Consumer Cyclicals,Ordinary,124.0,,,,,,,,,,False,,,,,,,,,,,,SKIP,No usable intrinsic value - cannot assess margin of safety,,,,,,"Consumer Cyclicals | Consumer Services | Tourism & Recreation | Hotels, Resorts & Cruise Lines",4,20.170262477240115,14.879103844859301,1.5661740593254243
IDEA,Idea Indonesia Akademi Tbk.,Consumer Cyclicals,Ordinary,68.0,,,,,,,,,,False,,,,,,,,,,,,SKIP,No usable intrinsic value - cannot assess margin of safety,,,,,,Consumer Cyclicals | Consumer Services,9,17.933020637857847,13.102684494262084,1.5661740593254243
IDPR,Indonesia Pondasi Raya Tbk.,Infrastructures,Cyclical,276.0,38.3,55.6,31.2,41.7,7,1.813657259961181,0.06849843059859576,0.0917941512692558,14.598874620355177,False,54.72573281619366,,,9.673983568395974,111.26761858938697,,-27.530129087842052,-1.4805060402930712,141.32938118208588,-0.952884797849693,-0.4879370247025874,SKIP,MOS -95% below watch threshold 10%,Net debt/EBITDA 5.6x,229.09964625787916,,0.45,2026-06-30,Infrastructures | Heavy Constructions & Civil Engineering | Heavy Constructions & Civil Engineering | Heavy Constructions & Civil Engineering,7,9.058166174021757,7.094076259920247,0.8993139336443662
IFII,Indonesia Fibreboard Industry Tbk.,Basic Materials,Cyclical,206.0,71.7,94.8,55.0,73.8,8,7.267004345636013,0.09920247316049892,0.1427598348580306,10.080393846452878,False,23.10173291164331,138.33196940575266,87.10451990820333,141.3708522090825,198.77619563888587,-1.3649748625799996,-0.45716034657082827,-0.036341395597677725,155.2335630135559,-0.32703260816097396,-0.24643901449730143,SKIP,MOS -33% below watch threshold 10%,,192.6446928962103,,0.45,2026-06-30,Basic Materials | Forestry & Paper,6,7.768566870702134,9.44136568520986,1.3783061458986228
IFSH,Ifishdeco Tbk.,Basic Materials,Cyclical,1075.0,65.0,93.3,38.2,65.5,6,10.512321913236178,0.06543001124338127,0.17064677845755866,15.283506467395839,False,181.43978885953027,803.0340643791333,671.1732951814838,1017.6610080701146,1391.2333478029914,-0.6016727836427436,-0.056343901825051446,0.22730431836066964,829.7866379888162,-0.2955137511077742,-0.22810545303365937,SKIP,MOS -30% below watch threshold 10%,,749.1246806174221,,1.45,2026-03-31,Basic Materials | Metals & Minerals | Diversified Metals & Minerals | Diversified Metals & Minerals,9,12.449518149274448,9.956241790640217,2.128841754446317
IGAR,Champion Pacific Indonesia Tbk.,Basic Materials,Deep Value,448.0,43.3,97.8,100.0,80.4,8,11.322388954085504,0.7569034058824736,0.22979046434163797,1.3211725462301231,True,764.8787609222254,1178.610416526098,579.9797764845574,646.7492112633927,719.6240554000633,0.22755927333282028,0.30730491479865263,0.3774527176541622,764.8787609222254,0.414286259616047,0.7073186627728245,DEEP VALUE,Trades below 2/3 NCAV - Graham net-net,,1397.7087126596134,,0.45,2026-06-30,Basic Materials | Containers & Packaging | Containers & Packaging | Containers & Packaging,9,19.006084751788784,13.236591015696982,0.9401486583379153
IIKP,Inti Agri Resources Tbk.,Consumer Non-Cyclicals,Ordinary,50.0,,,,,,,,,,False,,,,,,,,,,,,SKIP,No usable intrinsic value - cannot assess margin of safety,,,,,,Consumer Non-Cyclicals | Food & Beverage | Agricultural Products | Plantations & Crops,26,8.531657563897525,6.89544177076508,1.5596099814498379
IKAI,Intikeramik Alamasri Industri Tbk.,Basic Materials,Cyclical,21.0,43.3,26.1,52.5,40.6,4,-2.1250498452835886,-0.1112082057440979,-0.05285659367423998,-8.992142201278817,False,-27.173231809412076,,,,5.888052267753872,,,-2.5665444267550495,23.636929222326952,0.1115597207033206,0.12556805820604522,WATCH,MOS 11% attractive but short of buy threshold 30%,Interest coverage -4.2x,23.636929222326952,,1.45,2026-03-31,Basic Materials | Construction Materials | Construction Materials | Construction Materials,10,12.68567498355167,10.901767958955283,0.5102438604959392
IKAN,Era Mandiri Cemerlang Tbk.,Consumer Non-Cyclicals,Ordinary,87.0,,,,,,,,,,False,,,,,,,,,,,,SKIP,No usable intrinsic value - cannot assess margin of safety,,,,,,"Consumer Non-Cyclicals | Food & Beverage | Agricultural Products | Fish, Meat & Poultry",9,8.671024281367984,16.396383712344086,1.245367442390432
IKBI,Sumi Indo Kabel Tbk.,Industrials,Cyclical,670.0,38.3,97.8,96.2,77.4,8,8.046038128389492,0.24573440194391225,0.13539844346249025,4.0694342838828295,False,639.40373650895,1024.5765856759472,743.4148418504572,1079.0188560807285,1441.7908154742142,0.09875353264096527,0.37906553140914445,0.5353001331336456,933.4120102233376,0.28220336500738935,0.393152254064683,WATCH,MOS 28% attractive but short of buy threshold 30%,,684.3998205640611,,1.45,2026-03-31,Industrials | Industrial Goods | Electrical | Electrical Components & Equipment,4,5.656365418223455,5.239147841190394,0.49398117075842296
IKPM,Ikapharmindo Putramas Tbk.,Healthcare,Ordinary,195.0,,,,,,,,,,False,,,,,,,,,,,,SKIP,No usable intrinsic value - cannot assess margin of safety,,,,,,Healthcare | Pharmaceuticals & Health Care Research | Pharmaceuticals | Pharmaceuticals,6,9.281741633694939,7.472695760741151,1.469293510764925
IMAS,Indomobil Sukses Internasional Tbk.,Consumer Cyclicals,Ordinary,865.0,46.7,26.1,18.8,30.5,5,0.4574783488074827,0.05400910137633913,0.06609791341355398,18.51539785918546,False,-7773.36106036698,,,,,,,,1506.658893795083,0.42588199388570663,0.7418021893584774,WATCH,Cheap but balance sheet weak - possible value trap,Net debt/EBITDA 13.7x; Interest coverage 1.2x,1506.658893795083,,1.45,2026-03-31,Consumer Cyclicals | Automobiles & Components,9,9.058814562713982,5.966440431315428,0.7918529461457362
IMJS,Indomobil Multi Jasa Tbk.,Financials,Financial,165.0,40.0,57.8,82.5,60.1,3,-0.03773710191460519,0.049735392850723065,0.057583506598791113,20.106405975346828,False,-1653.728740277681,,,,,,,,98.83539288827039,-0.6694424454458956,-0.40099761885896734,SKIP,MOS -67% below watch threshold 10%,,142.37579182615275,55.29499395038803,0.45,2026-06-30,Financials | Financing Service | Consumer Financing | Consumer Financing,10,7.989408923865265,19.754981122137107,0.6942929524188031
IMPC,Impack Pratama Industri Tbk.,Basic Materials,Cyclical,1595.0,88.3,92.6,18.8,66.6,7,6.814759201885322,0.011634385145471464,0.27599540915325965,85.95211414238227,False,15.60840355171717,73.14839819753394,77.15055034428778,129.1122172616584,183.99095968034328,-19.67386418997974,-11.353594677780015,-7.668904182961345,133.60283792989492,-1.0,-0.9162364652477147,SKIP,MOS -100% below watch threshold 10%,,237.35398459598755,,0.45,2026-06-30,Basic Materials | Containers & Packaging | Containers & Packaging | Containers & Packaging,9,19.006084751788784,13.236591015696982,0.9401486583379153
INAF,Indofarma Tbk.,Healthcare,Ordinary,126.0,20.0,26.1,20.0,22.0,4,-17.202812484414164,-0.003718614855904965,-0.009806422093385865,-268.91733582251806,False,-371.31738596753104,,,,,,,,,,,SKIP,No usable intrinsic value - cannot assess margin of safety,Interest coverage -0.1x,,,0.45,2026-06-30,Healthcare | Pharmaceuticals & Health Care Research | Pharmaceuticals | Pharmaceuticals,6,9.281741633694939,7.472695760741151,1.469293510764925
INAI,Indal Aluminium Industry Tbk.,Basic Materials,Cyclical,179.0,16.7,26.1,60.0,34.3,4,-2.4335971799121228,-0.04908239513713246,-0.08921806030410588,-20.373903865246927,False,-546.2699210607013,,,261.71739650836787,767.1703495571031,,0.31605616444271467,0.7666750284296846,253.32314603696665,0.2933926378212629,0.415213106351769,WATCH,MOS 29% attractive but short of buy threshold 30%,Interest coverage -0.5x,247.72697905603252,,1.45,2026-03-31,Basic Materials | Metals & Minerals,19,12.449518149274448,8.573447831556207,2.228715086990508
INCF,Indo Komoditi Korpora Tbk.,Basic Materials,Cyclical,50.0,,,,,,,,,,False,,,,,,,,,,,,SKIP,No usable intrinsic value - cannot assess margin of safety,,,,,,Basic Materials | Metals & Minerals | Diversified Metals & Minerals | Diversified Metals & Minerals,9,12.449518149274448,9.956241790640217,2.128841754446317
INCI,Intanwijaya Internasional Tbk.,Consumer Non-Cyclicals,Ordinary,680.0,,,,,,,,,,False,,,,,,,,,,,,SKIP,No usable intrinsic value - cannot assess margin of safety,,,,,,Consumer Non-Cyclicals | Food & Beverage | Agricultural Products | Plantations & Crops,26,8.531657563897525,6.89544177076508,1.5596099814498379
INCO,Vale Indonesia Tbk.,Basic Materials,Cyclical,5425.0,30.0,88.1,18.8,45.6,5,8.327201200373892,0.051484922306664994,0.05638015220725326,19.423162261828736,False,59.167272616114765,2202.5983904795135,,,,,,,2484.13069818191,-1.0,-0.542095723837436,SKIP,MOS -100% below watch threshold 10%,,2953.351211019237,,0.45,2026-06-30,Basic Materials | Metals & Minerals | Diversified Metals & Minerals | Diversified Metals & Minerals,9,12.449518149274448,9.956241790640217,2.128841754446317
INDF,Indofood Sukses Makmur Tbk.,Consumer Non-Cyclicals,Ordinary,7400.0,58.3,84.3,93.2,78.6,6,3.8004370488640706,0.18281587418907388,0.18174144803257886,5.469984510020004,False,-548.3544703141397,10799.369751302263,6994.2965004965,12737.628137420605,18914.181085269392,-0.058004904349522594,0.41904411714922973,0.6087591650603782,12412.25718452597,0.4038151248408402,0.6773320519629689,BUY,"MOS 40%, quality and balance sheet both pass",,14149.706066407747,,0.45,2026-06-30,Consumer Non-Cyclicals | Food & Beverage | Processed Foods | Processed Foods,21,10.558880519242848,8.175622633576266,1.6206373241502938
INDO,Royalindo Investa Wijaya Tbk.,Financials,Financial,174.0,65.0,83.3,70.0,72.8,6,15.382908098084453,0.06432695069601317,0.03515665333165693,15.545583758907718,False,118.06549117121959,103.08451051478905,,,,,,,106.09727543652448,-0.640004413724084,-0.39024554346825013,SKIP,MOS -64% below watch threshold 10%,,168.7042399419645,43.49031093108447,0.45,2026-06-30,Financials | Holding & Investment Companies | Investment Companies | Investment Companies,13,14.566398170997925,15.07996983497698,0.7997799244128763
INDR,Indo-Rama Synthetics Tbk.,Consumer Cyclicals,Ordinary,2370.0,16.7,42.1,18.3,25.7,5,1.958775097341145,0.01606087010386694,0.002840276986010192,62.263127310844276,False,-2645.7227733420423,,,,,,,,12624.836366598878,0.8122747946048448,4.326935175780117,WATCH,Cheap but business economics poor - value trap risk,Net debt/EBITDA 45.5x; Interest coverage 0.2x; Trailing EBIT -0.1x mid-cycle - possible peak earnings,12624.836366598878,,0.45,2026-06-30,Consumer Cyclicals,49,11.174937874788398,8.450289443602555,1.219026001317649
INDS,Indospring Tbk.,Consumer Cyclicals,Ordinary,278.0,23.3,89.6,18.8,43.9,7,6.397272642878436,0.059576228206396714,0.03434496053525383,16.785218368232144,False,159.30557175353147,121.47635731748109,38.06075662535406,76.6197051166883,118.57394331298416,-6.304111232902057,-2.628309448289037,-1.344528588934583,95.48139397170914,-1.0,-0.6565417483032046,SKIP,MOS -100% below watch threshold 10%,,89.26714745566173,,0.45,2026-06-30,Consumer Cyclicals | Automobiles & Components | Auto Components | Auto Parts & Equipment,5,8.829144066661675,5.966440431315428,0.8529848809918651
INDX,Tanah Laut Tbk.,Properties & Real Estate,Cyclical,60.0,,,,,,,,,,False,,,,,,,,,,,,SKIP,No usable intrinsic value - cannot assess margin of safety,,,,,,Properties & Real Estate | Real Estate | Real Estate Development | Real Estate Development,35,12.379916854923529,9.504502268830333,0.7706297288148782
INDY,Indika Energy Tbk.,Energy,Cyclical,2680.0,30.0,64.9,56.2,50.4,4,3.2723625328007353,0.2017682148075655,0.07979978748459536,4.956182027747732,False,-1928.7098131145408,2491.2586689669783,,,,,,,2390.967794555967,-0.12088502659974555,-0.10784783785225116,SKIP,MOS -12% below watch threshold 10%,,2223.8163372042823,,0.45,2026-06-30,"Energy | Oil, Gas & Coal | Coal | Coal Production",26,15.378032536083092,8.15902719908333,1.327597648369335
INET,Sinergi Inti Andalan Prima Tbk.,Technology,Ordinary,232.0,63.3,86.3,18.8,56.1,6,6.135359712982394,0.02833338640238716,0.07883233378024747,35.29405154040279,False,129.44466342417186,132.2811413366775,,,,,,,178.0005965794822,-0.3033664181929052,-0.23275604922636983,SKIP,MOS -30% below watch threshold 10%,Trailing EBIT 35.5x mid-cycle - possible peak earnings,242.00783391940874,,1.45,2026-03-31,Technology | Software & IT Services | IT Services & Consulting | IT Services & Consulting,5,7.905805643427312,6.074486307476839,2.0568949537989996
INKP,Indah Kiat Pulp & Paper Tbk.,Basic Materials,Cyclical,8400.0,43.3,71.6,80.0,65.0,7,5.135376929496296,0.41633410537607823,0.10560679789812648,2.4019170831481396,False,2502.338893084431,950.7642062738698,,,,,,,4014.590712668904,-1.0,-0.5220725342060828,SKIP,MOS -100% below watch threshold 10%,Net debt/EBITDA 4.2x,9120.968223327296,,0.45,2026-06-30,Basic Materials | Forestry & Paper | Paper | Paper,4,5.822632122345567,5.913922020964207,0.3874348043236587
INOV,Inocycle Technology Group Tbk.,Basic Materials,Cyclical,144.0,,,,,,,,,,False,,,,,,,,,,,,SKIP,No usable intrinsic value - cannot assess margin of safety,,,,,,Basic Materials | Chemicals | Specialty Chemical | Specialty Chemical,8,13.16483991901313,10.120677959093147,1.520943283857289
INPC,Bank Artha Graha Internasional Tbk.,Financials,Financial,142.0,27.5,59.2,85.0,57.2,3,,,,,False,,,784.4706411397422,1070.3165531351872,1377.0725623900148,0.8189862149669604,0.8673289695613401,0.8968827032952075,148.70534312626972,0.045091474087626,0.047220726241336,SKIP,MOS 5% below watch threshold 10%,,148.70534312626972,,1.45,2026-03-31,Financials | Banks | Banks | Banks,39,13.481315257379515,,0.7861812292608251
INPP,Indonesian Paradise Property Tbk.,Properties & Real Estate,Cyclical,710.0,70.0,67.6,32.5,56.7,5,3.083576341750245,-0.017451402268046885,-0.021475741360488215,-57.30198551614256,False,-162.23310693687415,29.042509117287775,143.80587965504986,309.393216294958,484.27593184427667,-3.9372112023728905,-1.2948143740912734,-0.4661063111191472,194.9785084034172,-1.0,-0.7253823825303982,SKIP,MOS -100% below watch threshold 10%,Interest coverage -1.3x,395.26203528593913,,0.45,2026-06-30,Properties & Real Estate | Real Estate | Real Estate Development | Real Estate Development,35,12.379916854923529,9.504502268830333,0.7706297288148782
INPS,Indah Prakasa Sentosa Tbk.,Properties & Real Estate,Cyclical,685.0,23.3,28.9,20.0,24.1,5,-6.055649256029842,-0.030991686650452304,-0.13070186767551648,-32.26671756457649,False,-259.3213391280462,,,,,,,,,,,SKIP,No usable intrinsic value - cannot assess margin of safety,Interest coverage -2.3x,,,1.45,2026-03-31,Properties & Real Estate | Real Estate | Real Estate Development | Real Estate Development,35,12.379916854923529,9.504502268830333,0.7706297288148782
INRU,Toba Pulp Lestari Tbk.,Basic Materials,Cyclical,590.0,,,,,,,,,,False,,,,,,,,,,,,SKIP,No usable intrinsic value - cannot assess margin of safety,,,,,,Basic Materials | Forestry & Paper | Paper | Paper,4,5.822632122345567,5.913922020964207,0.3874348043236587
INTA,Intraco Penta Tbk.,Industrials,Cyclical,61.0,51.7,28.3,34.3,38.1,6,-5.173993936328774,0.01128691046538296,0.017880967323816215,88.59820435955504,False,-1149.9975613063684,,,,,,,,,,,SKIP,No usable intrinsic value - cannot assess margin of safety,Net debt/EBITDA 73.6x; Interest coverage 0.3x; Normalised EBIT 2.7x trailing - valuation assumes cycle recovery,,,0.45,2026-06-30,Industrials | Industrial Goods | Machinery,4,14.416005681359687,9.823816834611925,1.0469873784900932
INTD,Inter Delta Tbk.,Basic Materials,Cyclical,288.0,,,,,,,,,,False,,,,,,,,,,,,SKIP,No usable intrinsic value - cannot assess margin of safety,,,,,,Basic Materials | Construction Materials | Construction Materials | Construction Materials,10,12.68567498355167,10.901767958955283,0.5102438604959392
INTP,Indocement Tunggal Prakarsa Tbk.,Basic Materials,Cyclical,5300.0,58.3,87.3,80.0,75.2,6,6.381936046792539,0.15902742296024644,0.12998390357314737,6.288223637064026,False,511.1628005407503,5184.927155061259,3294.310931998435,5001.714119846292,6840.625846759952,-0.6088341718202201,-0.059636731129862,0.22521708996694595,5877.069841832573,0.09819006024482302,0.10888110223256087,SKIP,MOS 10% below watch threshold 10%,,7614.211467775616,,0.45,2026-06-30,Basic Materials | Construction Materials | Construction Materials | Construction Materials,10,12.68567498355167,10.901767958955283,0.5102438604959392
IOTF,Sumber Sinergi Makmur Tbk.,Technology,Ordinary,53.0,,,,,,,,,,False,,,,,,,,,,,,SKIP,No usable intrinsic value - cannot assess margin of safety,,,,,,Technology | Software & IT Services | Online Applications & Services | Online Applications & Services,4,21.198769120872733,15.304424115402707,2.0753128335742566
IPAC,Era Graharealty Tbk.,Properties & Real Estate,Cyclical,176.0,,,,,,,,,,False,,,,,,,,,,,,SKIP,No usable intrinsic value - cannot assess margin of safety,,,,,,Properties & Real Estate | Real Estate | Real Estate Development | Real Estate Development,35,12.379916854923529,9.504502268830333,0.7706297288148782
IPCC,Indonesia Kendaraan Terminal Tbk.,Infrastructures,Cyclical,1175.0,85.0,97.8,91.8,91.5,8,6.387667918047499,0.2157866258661824,0.3940363095445136,4.634207500052105,False,263.5781172738256,1394.7185540237629,1460.916273741272,2113.503487039924,2809.705392771759,0.19571023944381621,0.4440510710272586,0.5818066894049454,1600.2094304628015,0.2657211127294915,0.36188036635132037,WATCH,MOS 27% attractive but short of buy threshold 30%,,1600.4981868097843,,0.45,2026-06-30,Infrastructures | Transportation Infrastructure | Transport Infrastructure Operator | Marine Ports & Services,4,12.572386079885195,6.980182185675244,1.4237127594541867
IPCM,Jasa Armada Indonesia Tbk.,Infrastructures,Cyclical,304.0,78.3,97.8,88.0,88.0,8,7.082753398403899,0.2087958244866877,0.2945320615454845,4.789367806844037,False,120.1924878817477,356.352444043723,453.14490184705517,664.6813200204771,888.2328852156688,0.32913291364225555,0.5426379667317346,0.6577474161788248,430.90898288877224,0.2945145910813617,0.41746375950254033,WATCH,MOS 29% attractive but short of buy threshold 30%,,399.32165620938446,,0.45,2026-06-30,Infrastructures | Transportation Infrastructure | Transport Infrastructure Operator | Marine Ports & Services,4,12.572386079885195,6.980182185675244,1.4237127594541867
IPOL,Indopoly Swakarsa Industry Tbk.,Basic Materials,Cyclical,114.0,31.7,44.3,80.0,52.0,6,2.1603367773808744,0.25501625671353845,0.04021161303738702,3.921318636259754,False,-195.42103150177005,,,,,,,,255.02369756596948,0.5529827185157548,1.2370499786488551,WATCH,Cheap but business economics poor - value trap risk,Net debt/EBITDA 13.9x; Interest coverage 1.3x,255.02369756596948,,1.45,2026-03-31,Basic Materials | Containers & Packaging | Containers & Packaging | Containers & Packaging,9,19.006084751788784,13.236591015696982,0.9401486583379153
IPPE,Indo Pureco Pratama Tbk.,Basic Materials,Cyclical,14.0,,,,,,,,,,False,,,,,,,,,,,,SKIP,No usable intrinsic value - cannot assess margin of safety,,,,,,Basic Materials | Chemicals | Specialty Chemical | Specialty Chemical,8,13.16483991901313,10.120677959093147,1.520943283857289
IPTV,MNC Vision Networks Tbk.,Consumer Cyclicals,Ordinary,30.0,16.7,67.6,60.0,48.1,5,7.61921415617455,-0.042734120361811664,-0.01277380854778864,-23.400505065587502,False,26.016809597483793,,11.02322131713425,23.429699444593957,36.970628206660216,-1.721527504248569,-0.28042615616744665,0.18854503006266107,122.92285608739718,0.7559444927095557,3.0974285362465723,WATCH,Cheap but business economics poor - value trap risk,Interest coverage -5.7x,282.11190671588236,,0.45,2026-06-30,Consumer Cyclicals | Media & Entertainment | Media,7,9.009775676765488,6.269351454515765,2.0515302456242384
IRRA,Itama Ranoraya Tbk.,Healthcare,Ordinary,372.0,58.3,51.7,48.0,52.7,3,2.325292024486534,0.08076188363347844,0.09662921170633419,12.382078711020396,False,-148.32364729882238,,,,,,,,334.14586806006326,-0.11328624878621092,-0.10175841919337836,SKIP,MOS -11% below watch threshold 10%,Net debt/EBITDA 6.7x,334.14586806006326,,1.45,2026-03-31,Healthcare | Healthcare Equipment & Providers | Healthcare Supplies & Distributions | Healthcare Supplies & Distributions,4,7.7648857093037975,8.02514613469945,0.8560902149342481
IRSX,Folago Global Nusantara Tbk.,Technology,Compounder,372.0,63.3,95.6,18.8,59.2,7,11.487421455656653,0.01970238673272824,0.196270265300752,50.75527211832002,False,28.827515061938758,12.971632841885521,13.573662384908586,14.836961200777642,16.171176316211618,-26.406015373831277,-24.072519565563233,-22.003892402500718,28.842792136580428,-1.0,-0.9224656125360742,SKIP,MOS -100% below watch threshold 10%,Trailing EBIT 21.2x mid-cycle - possible peak earnings,73.47174464643776,,1.45,2026-03-31,Technology | Software & IT Services | Online Applications & Services | Online Applications & Services,4,21.198769120872733,15.304424115402707,2.0753128335742566
ISAP,Isra Presisi Indonesia Tbk.,Industrials,Cyclical,25.0,,,,,,,,,,False,,,,,,,,,,,,SKIP,No usable intrinsic value - cannot assess margin of safety,,,,,,Industrials | Industrial Goods | Machinery,4,14.416005681359687,9.823816834611925,1.0469873784900932
ISAT,Indosat Tbk.,Infrastructures,Cyclical,2150.0,85.0,49.3,65.5,66.6,6,0.8634958745748191,0.10706836174785955,0.12206679538414943,9.339827225104539,False,-2237.0835191940364,73.61638727131279,634.3341414665258,2001.9553516475921,3465.828313941754,-2.389380863261412,-0.07395002502456831,0.3796576733615627,1478.4098940279341,-0.4542651592667009,-0.3123674911497981,SKIP,MOS -45% below watch threshold 10%,,3470.7021002091974,,0.45,2026-06-30,Infrastructures | Telecommunication | Telecommunication Service,9,20.371497234407094,12.179224655374979,1.7351265363762383
ISEA,Indo American Seafoods Tbk.,Consumer Non-Cyclicals,Ordinary,81.0,,,,,,,,,,False,,,,,,,,,,,,SKIP,No usable intrinsic value - cannot assess margin of safety,,,,,,"Consumer Non-Cyclicals | Food & Beverage | Agricultural Products | Fish, Meat & Poultry",9,8.671024281367984,16.396383712344086,1.245367442390432
ISSP,Steel Pipe Industry of Indonesia Tbk.,Basic Materials,Cyclical,438.0,30.0,73.3,64.2,55.8,6,4.827751197099138,0.14073829326644108,0.12472610155956936,7.105386720207223,False,236.8372821077858,237.68842785944324,,,,,,,313.52440464820023,-0.39702043447453944,-0.2841908569675794,SKIP,MOS -40% below watch threshold 10%,,439.9176992961286,,0.45,2026-06-30,Basic Materials | Metals & Minerals | Iron & Steel | Iron & Steel,4,9.266482273796075,7.211822702853995,0.53559173397186
ITIC,Indonesian Tobacco Tbk.,Consumer Non-Cyclicals,Ordinary,236.0,,,,,,,,,,False,,,,,,,,,,,,SKIP,No usable intrinsic value - cannot assess margin of safety,,,,,,Consumer Non-Cyclicals,74,10.400800028755185,8.408434211442884,1.6206373241502938
ITMA,Sumber Energi Andalan Tbk.,Energy,Cyclical,1350.0,70.0,51.7,18.8,46.8,3,7.812930303652337,0.03140226267518296,0.009277644735087513,31.844839027803395,False,-715.3771917776736,10.708173812536769,,,,,,,122.09250618229515,-1.0,-0.9095611065316332,SKIP,MOS -100% below watch threshold 10%,Net debt/EBITDA 6.4x,307.7330601318925,,0.45,2026-06-30,"Energy | Oil, Gas & Coal | Oil & Gas | Oil & Gas Production & Refinery",9,15.064036542847035,8.411588499041516,1.5179638241818716
ITMG,Indo Tambangraya Megah Tbk.,Energy,Cyclical,25075.0,50.0,91.1,88.8,76.6,5,9.482836647895104,0.18694434352571698,0.22164236575375276,5.349185651409854,False,11931.774685581433,70434.6463590118,43112.997146451526,61499.333158348134,81566.91910616487,0.4183888465275991,0.5922720017884254,0.6925837058113818,60903.605287233004,0.5882838153547475,1.4288576385735992,BUY,"MOS 59%, quality and balance sheet both pass",,44621.3849201916,,1.45,2026-03-31,"Energy | Oil, Gas & Coal | Coal | Coal Production",26,15.378032536083092,8.15902719908333,1.327597648369335
JARR,Jhonlin Agro Raya Tbk.,Consumer Non-Cyclicals,Ordinary,1925.0,36.7,86.0,25.0,49.2,9,4.772014669412575,0.026936393540771632,0.16281102030300293,37.12449472815928,False,-10.052676124678806,74.56196187266714,,,28.214161499428588,,,-67.22814847923041,160.59879910707508,-1.0,-0.9165720524119091,SKIP,MOS -100% below watch threshold 10%,,281.0503712352462,,0.45,2026-06-30,Consumer Non-Cyclicals | Food & Beverage | Agricultural Products | Plantations & Crops,26,8.531657563897525,6.89544177076508,1.5596099814498379
JAST,Jasnita Telekomindo Tbk.,Infrastructures,Cyclical,85.0,,,,,,,,,,False,,,,,,,,,,,,SKIP,No usable intrinsic value - cannot assess margin of safety,,,,,,Infrastructures | Telecommunication | Telecommunication Service,9,20.371497234407094,12.179224655374979,1.7351265363762383
JATI,Informasi Teknologi Indonesia Tbk.,Technology,Ordinary,100.0,,,,,,,,,,False,,,,,,,,,,,,SKIP,No usable intrinsic value - cannot assess margin of safety,,,,,,Technology | Software & IT Services | IT Services & Consulting | IT Services & Consulting,5,7.905805643427312,6.074486307476839,2.0568949537989996
JAWA,Jaya Agra Wattie Tbk.,Consumer Non-Cyclicals,Ordinary,131.0,43.3,32.8,18.3,31.5,8,-0.9535325569335229,0.02626723630662313,0.034057309125755414,38.0702403681447,False,-127.86003307355135,,,,,,,,127.36031061582177,-0.028577893431472778,-0.027783888428841386,SKIP,MOS -3% below watch threshold 10%,Net debt/EBITDA 8.6x; Interest coverage 0.7x; Trailing EBIT -3.8x mid-cycle - possible peak earnings,127.36031061582177,,1.45,2026-03-31,Consumer Non-Cyclicals | Food & Beverage | Agricultural Products | Plantations & Crops,26,8.531657563897525,6.89544177076508,1.5596099814498379
JAYA,Armada Berjaya Trans Tbk.,Transportation & Logistic,Cyclical,134.0,50.0,33.3,41.8,41.7,6,-0.41970192691266295,0.07048973382102383,0.06230286382432541,14.1864629896183,False,-284.0809467011449,,,,,,,,148.7127229511324,0.09893385487916233,0.10979643993382382,SKIP,MOS 10% below watch threshold 10%,Net debt/EBITDA 6.8x,148.7127229511324,,0.45,2026-06-30,Transportation & Logistic | Transportation | Passenger Land Transportation | Road Transportation,5,6.625536398518111,5.910974792208097,1.2412717730358216
JECC,Jembo Cable Company Tbk.,Industrials,Cyclical,630.0,45.0,62.3,52.5,53.3,6,2.501580055336979,0.09511840295779007,0.17792571215437222,10.513212679188504,False,418.826339130498,,,,484.17957260764206,,,-0.30117013530127684,624.0810986358454,-0.009484186233315721,-0.009395081530404137,SKIP,MOS -1% below watch threshold 10%,Net debt/EBITDA 6.6x,624.0810986358454,,0.45,2026-06-30,Industrials | Industrial Goods | Electrical | Electrical Components & Equipment,4,5.656365418223455,5.239147841190394,0.49398117075842296
JGLE,Graha Andrasentra Propertindo Tbk.,Properties & Real Estate,Cyclical,97.0,43.3,26.1,20.0,29.8,4,0.44646476147568004,-0.016717703984710085,-0.030594948367225556,-59.81682657586198,False,-10.125450072338795,,,,,,,,36.53397395670829,-1.0,-0.6233610932298115,SKIP,MOS -100% below watch threshold 10%,Interest coverage -12.2x,36.53397395670829,,0.45,2026-06-30,Properties & Real Estate | Real Estate | Real Estate Development | Real Estate Development,35,12.379916854923529,9.504502268830333,0.7706297288148782
JIHD,Jakarta International Hotels & Development Tbk.,Consumer Cyclicals,Ordinary,430.0,60.0,45.4,60.0,55.1,6,1.9279021766760733,-0.022414062611545348,-0.007590536288342323,-44.6148481571969,False,-701.2263358105074,595.1422306734022,447.73445545056325,726.4055118211985,1023.7950852069306,0.039609315822515256,0.40804413925504107,0.5799940767315874,1090.792114727349,0.6057910630317661,1.5367258482031372,WATCH,"Cheap and sound, but flagged: Interest coverage -1.8x",Interest coverage -1.8x,2367.720517052715,,0.45,2026-06-30,"Consumer Cyclicals | Consumer Services | Tourism & Recreation | Hotels, Resorts & Cruise Lines",4,20.170262477240115,14.879103844859301,1.5661740593254243
JKON,Jaya Konstruksi Manggala Pratama Tbk.,Infrastructures,Cyclical,89.0,36.7,91.1,92.0,73.3,5,7.0197220097837905,0.25948948009183526,0.10193612843994361,3.853720773751955,False,76.44777421018848,121.03706183739723,73.55659540562772,103.95204858776847,137.11468458567882,-0.20995268349778365,0.14383601661437395,0.3509083270772023,129.0078286180792,0.3101193861383424,0.449526164248081,BUY,"MOS 31%, quality and balance sheet both pass",,158.99629327275625,,0.45,2026-06-30,Infrastructures | Heavy Constructions & Civil Engineering | Heavy Constructions & Civil Engineering | Heavy Constructions & Civil Engineering,7,9.058166174021757,7.094076259920247,0.8993139336443662
JMAS,Asuransi Jiwa Syariah Jasa Mitra Abadi Tbk.,Financials,Financial,228.0,,,,,,,,,,False,,,,,,,,,,,,SKIP,No usable intrinsic value - cannot assess margin of safety,,,,,,Financials | Insurance | Insurance,9,10.281517474681191,,0.5473303505986757
JPFA,Japfa Comfeed Indonesia Tbk.,Consumer Non-Cyclicals,Compounder,2200.0,65.0,89.6,92.5,82.4,7,5.362372682729095,0.21270182402875273,0.2704299529172321,4.701417134367505,False,232.3257417984165,1450.0176977213039,,,,,,,2289.2103727120925,0.038969932067188066,0.040550169414587556,SKIP,MOS 4% below watch threshold 10%,,3464.0801176991963,,1.45,2026-03-31,"Consumer Non-Cyclicals | Food & Beverage | Agricultural Products | Fish, Meat & Poultry",9,8.671024281367984,16.396383712344086,1.245367442390432
JRPT,Jaya Real Property Tbk.,Properties & Real Estate,Cyclical,1080.0,85.0,89.6,71.8,82.1,7,5.79222310037191,0.1166867472319925,0.13888240643745123,8.56995351847314,False,69.51231498715576,702.2159130497015,867.0080762191252,1297.8183292337978,1754.0872020467464,-0.24566313696833872,0.1678342217299341,0.3842951486449429,973.2428932479852,-0.10969215135569736,-0.09884917291853224,SKIP,MOS -11% below watch threshold 10%,,1208.5709029212496,,0.45,2026-06-30,Properties & Real Estate | Real Estate | Real Estate Development | Real Estate Development,35,12.379916854923529,9.504502268830333,0.7706297288148782
JSKY,Sky Energy Indonesia Tbk.,Energy,Cyclical,52.0,,,,,,,,,,False,,,,,,,,,,,,SKIP,No usable intrinsic value - cannot assess margin of safety,,,,,,Energy,48,12.769743421191965,8.117437974233383,1.3229373691448352
JSMR,Jasa Marga (Persero) Tbk.,Infrastructures,Cyclical,2780.0,76.7,38.3,52.5,55.8,6,0.9892119870646501,0.08499202953848915,0.06499853727640373,11.765809163871584,False,-12179.509937029683,,,,,,,,4602.137836378545,0.39593291230329564,0.6554452648843687,WATCH,Cheap but balance sheet weak - possible value trap,Net debt/EBITDA 7.0x,4602.137836378545,,1.45,2026-03-31,Infrastructures | Transportation Infrastructure | Transport Infrastructure Operator,6,9.33800419382013,9.432858171974214,1.124274093547615
JSPT,Jakarta Setiabudi Internasional Tbk.,Properties & Real Estate,Cyclical,1390.0,90.0,88.8,88.8,89.2,8,3.5398508728295135,0.168206291735282,0.18061402556040013,5.94508082714153,False,-445.219472421472,1246.4651429698768,2581.1804276001258,4240.225691266076,5992.402801041577,0.46148669611121906,0.6721872604887302,0.7680396251469619,2078.9829097347115,0.33140383526415285,0.49567115808252615,BUY,"MOS 33%, quality and balance sheet both pass",,2025.6839999885265,,1.45,2026-03-31,Properties & Real Estate | Real Estate | Real Estate Development | Real Estate Development,35,12.379916854923529,9.504502268830333,0.7706297288148782
JTPE,Jasuindo Tiga Perkasa Tbk.,Basic Materials,Cyclical,600.0,86.7,94.8,66.8,82.8,8,5.555246417540491,0.11675824171382747,0.4983536932953312,8.564705885610916,False,96.3764015374727,419.6661415991606,356.51777484671936,494.36450973859786,639.9493824509519,-0.6829455424991446,-0.21367935638676486,0.06242584733490824,565.1824591614788,-0.06160407187827002,-0.05802923473086863,SKIP,MOS -6% below watch threshold 10%,,854.9216213805964,,1.45,2026-03-31,Basic Materials | Containers & Packaging | Containers & Packaging | Containers & Packaging,9,19.006084751788784,13.236591015696982,0.9401486583379153
KAEF,Kimia Farma Tbk.,Healthcare,Ordinary,460.0,36.7,33.3,18.3,29.4,6,-0.84899283420236,0.032848722814903364,0.030163353672521563,30.442583890850788,False,-1282.792845981897,,,,,,,,465.2693450733412,0.01132536482176914,0.011455097985524354,SKIP,MOS 1% below watch threshold 10%,Net debt/EBITDA 9.5x; Interest coverage 0.5x; Trailing EBIT -1.4x mid-cycle - possible peak earnings,465.2693450733412,,0.45,2026-06-30,Healthcare | Pharmaceuticals & Health Care Research | Pharmaceuticals | Pharmaceuticals,6,9.281741633694939,7.472695760741151,1.469293510764925
KAQI,Jantra Grupo Indonesia Tbk.,Industrials,Cyclical,97.0,,,,,,,,,,False,,,,,,,,,,,,SKIP,No usable intrinsic value - cannot assess margin of safety,,,,,,Industrials | Industrial Services | Business Support Services | Business Support Services,10,13.35995628193082,9.538398395217746,1.4057675482565506
KARW,Meratus Jasa Prima Tbk.,Transportation & Logistic,Cyclical,212.0,50.0,62.3,38.8,50.4,6,-38.05625333345734,0.013217168646348492,0.013129424637111158,75.65916927876002,False,-1194.3489539313628,240.33586129742514,118.88551808190134,140.19395735524688,163.4508442224844,-0.7832281292154628,-0.5121907106366858,-0.2970260325571152,164.73599693130237,-0.28690756088001523,-0.2229434107014039,SKIP,MOS -29% below watch threshold 10%,Normalised EBIT 8.9x trailing - valuation assumes cycle recovery,55.09758270513476,,0.45,2026-06-30,Transportation & Logistic | Logistics & Deliveries | Logistics & Deliveries | Logistics & Deliveries,7,9.052415583885466,6.788313476605148,1.053034918368662
KAYU,Darmi Bersaudara Tbk.,Basic Materials,Cyclical,18.0,,,,,,,,,,False,,,,,,,,,,,,SKIP,No usable intrinsic value - cannot assess margin of safety,,,,,,Basic Materials | Forestry & Paper,6,7.768566870702134,9.44136568520986,1.3783061458986228
KBAG,Karya Bersama Anugerah Tbk.,Industrials,Cyclical,51.0,,,,,,,,,,False,,,,,,,,,,,,SKIP,No usable intrinsic value - cannot assess margin of safety,,,,,,Industrials | Industrial Services | Business Support Services | Business Support Services,10,13.35995628193082,9.538398395217746,1.4057675482565506
KBLI,KMI Wire & Cable Tbk.,Industrials,Deep Value,334.0,56.7,88.9,80.2,75.3,4,12.770784074967299,0.15603395639580683,0.07787892941190463,6.408861398497958,True,536.3294234307346,308.6783649692741,256.290959555297,407.01095029125,566.1917294639435,-0.30320632682299753,0.17938325796641258,0.41009382048688164,306.95897105407005,-0.0880933007205277,-0.08096116450877233,DEEP VALUE,Trades below 2/3 NCAV - Graham net-net,,306.95897105407005,,1.45,2026-03-31,Industrials | Industrial Goods | Electrical | Electrical Components & Equipment,4,5.656365418223455,5.239147841190394,0.49398117075842296
KBLM,Kabelindo Murni Tbk.,Industrials,Cyclical,302.0,,,,,,,,,,False,,,,,,,,,,,,SKIP,No usable intrinsic value - cannot assess margin of safety,,,,,,Industrials | Industrial Goods | Electrical | Electrical Components & Equipment,4,5.656365418223455,5.239147841190394,0.49398117075842296
KBLV,First Media Tbk.,Infrastructures,Cyclical,159.0,36.7,26.1,18.3,27.0,4,-4.1462323186168994,,-0.00023305613019066748,2434.3114652903228,False,-645.9991183050263,,,,,,,,1090.6519366483553,0.8542156350186134,5.859446142442486,WATCH,Cheap but balance sheet weak - possible value trap,Interest coverage -8.1x,1090.6519366483553,,1.45,2026-03-31,Infrastructures | Telecommunication | Telecommunication Service | Wired Telecommunication Service,5,27.330200244220453,13.219713383808653,1.4052395821892443
KBRI,Kertas Basuki Rachmat Indonesia Tbk.,Basic Materials,Cyclical,50.0,,,,,,,,,,False,,,,,,,,,,,,SKIP,No usable intrinsic value - cannot assess margin of safety,,,,,,Basic Materials | Forestry & Paper | Paper | Paper,4,5.822632122345567,5.913922020964207,0.3874348043236587
KDSI,Kedawung Setia Industrial Tbk.,Basic Materials,Cyclical,456.0,,,,,,,,,,False,,,,,,,,,,,,SKIP,No usable intrinsic value - cannot assess margin of safety,,,,,,Basic Materials | Containers & Packaging | Containers & Packaging | Containers & Packaging,9,19.006084751788784,13.236591015696982,0.9401486583379153
KDTN,Puri Sentul Permai Tbk.,Properties & Real Estate,Cyclical,424.0,,,,,,,,,,False,,,,,,,,,,,,SKIP,No usable intrinsic value - cannot assess margin of safety,,,,,,Properties & Real Estate | Real Estate | Real Estate Development | Real Estate Development,35,12.379916854923529,9.504502268830333,0.7706297288148782
KEEN,Kencana Energi Lestari Tbk.,Energy,Cyclical,910.0,50.0,60.8,32.5,47.8,8,2.5207897193478956,0.07385736252469725,0.04050656192329829,13.539611567710786,False,-597.640561227395,93.9128318695273,,161.03787382998482,417.6715676889388,,-4.650844601691211,-1.1787453836879869,186.24527708613687,-1.0,-0.7953348603449045,SKIP,MOS -100% below watch threshold 10%,Net debt/EBITDA 7.3x,356.9376212845875,,0.45,2026-06-30,Energy,48,12.769743421191965,8.117437974233383,1.3229373691448352
KEJU,Mulia Boga Raya Tbk.,Consumer Non-Cyclicals,Compounder,595.0,76.7,90.3,31.2,66.1,6,5.830268182446368,0.06856275944840094,0.28669385037881867,14.5851772601507,False,40.60070378420892,207.06249231208477,,,,,,,256.2030541266776,-1.0,-0.5694066317198696,SKIP,MOS -100% below watch threshold 10%,,324.9998406671076,,0.45,2026-06-30,Consumer Non-Cyclicals | Food & Beverage | Processed Foods | Processed Foods,21,10.558880519242848,8.175622633576266,1.6206373241502938
KETR,Ketrosden Triasmitra Tbk.,Energy,Cyclical,575.0,76.7,66.6,32.5,58.6,7,5.461155218353957,0.07247391878238822,0.09805320445212076,13.798067177830166,False,164.42637416956399,111.15513069155531,,,57.72311501045439,,,-8.96134737177403,128.5445907629321,-1.0,-0.7764441899775094,SKIP,MOS -100% below watch threshold 10%,,157.52702421522673,,1.45,2026-03-31,"Energy | Oil, Gas & Coal | Oil, Gas & Coal Supports",7,6.627479646647261,5.501228771270055,1.349479823824487
KIAS,Keramika Indonesia Assosiasi Tbk.,Basic Materials,Cyclical,21.0,16.7,52.2,20.0,29.6,8,1.0458194610357725,-0.028564926205206412,-0.013833230680522612,-35.00796721182266,False,6.142902430216557,,,,,,,,24.16493938175553,0.13097237000085554,0.15071139913121567,WATCH,MOS 13% attractive but short of buy threshold 30%,Interest coverage -7.0x,24.16493938175553,,1.45,2026-03-31,Basic Materials | Construction Materials | Construction Materials | Construction Materials,10,12.68567498355167,10.901767958955283,0.5102438604959392
KICI,Kedaung Indah Can Tbk.,Basic Materials,Cyclical,195.0,,,,,,,,,,False,,,,,,,,,,,,SKIP,No usable intrinsic value - cannot assess margin of safety,,,,,,Basic Materials | Containers & Packaging | Containers & Packaging | Containers & Packaging,9,19.006084751788784,13.236591015696982,0.9401486583379153
KIJA,Kawasan Industri Jababeka Tbk.,Properties & Real Estate,Deep Value,127.0,83.3,82.6,88.8,84.9,7,6.117385057230057,0.1881319563449226,0.11549534041209532,5.315418068404031,True,204.9666129163607,231.22654427235835,270.6869334389044,478.09162018398405,697.1391365681179,0.5308233079944192,0.734360539615552,0.8178268966146462,204.9666129163607,0.3803868923187797,0.6139103379241,DEEP VALUE,Trades below 2/3 NCAV - Graham net-net,,224.3028380090538,,0.45,2026-06-30,Properties & Real Estate | Real Estate | Real Estate Development | Real Estate Development,35,12.379916854923529,9.504502268830333,0.7706297288148782
KING,Hoffmen Cleanindo Tbk.,Industrials,Cyclical,276.0,,,,,,,,,,False,,,,,,,,,,,,SKIP,No usable intrinsic value - cannot assess margin of safety,,,,,,Industrials | Industrial Services,11,13.331078119560926,9.407127354276275,1.6851565507469584
KINO,Kino Indonesia Tbk.,Consumer Non-Cyclicals,Ordinary,1300.0,73.3,42.8,79.8,65.3,8,0.486889090977766,0.11653014872970555,0.12161593603027043,8.581470210936775,False,-779.8801904110794,181.9160836948524,,,349.23690404100313,,,-2.7224015702744,990.4037848295482,-0.31259595319875966,-0.2381509347465014,SKIP,MOS -31% below watch threshold 10%,,2122.286566418122,,0.45,2026-06-30,Consumer Non-Cyclicals | Nondurable Household Products | Personal Care Products | Personal Care Products,4,31.671915126739798,11.719520008819957,0.7935798409148047
KIOS,Kioson Komersial Indonesia Tbk.,Consumer Cyclicals,Ordinary,99.0,16.7,67.6,20.0,34.8,5,9.9663148939812,-0.01725484318299543,-0.012737765953316866,-57.95474287390195,False,34.03705603630625,,,,,,,,97.22695802432061,-0.01823611487706812,-0.017909514905852464,SKIP,MOS -2% below watch threshold 10%,Interest coverage -762.3x,97.22695802432061,,1.45,2026-03-31,Consumer Cyclicals | Retailing,18,10.694931239689799,10.050352905588877,1.422027519184855
KJEN,Krida Jaringan Nusantara Tbk.,Transportation & Logistic,Cyclical,143.0,,,,,,,,,,False,,,,,,,,,,,,SKIP,No usable intrinsic value - cannot assess margin of safety,,,,,,Transportation & Logistic | Logistics & Deliveries | Logistics & Deliveries | Logistics & Deliveries,7,9.052415583885466,6.788313476605148,1.053034918368662
KKES,Kusuma Kemindo Sentosa Tbk.,Basic Materials,Cyclical,74.0,,,,,,,,,,False,,,,,,,,,,,,SKIP,No usable intrinsic value - cannot assess margin of safety,,,,,,Basic Materials | Chemicals | Specialty Chemical | Specialty Chemical,8,13.16483991901313,10.120677959093147,1.520943283857289
KKGI,Resource Alam Indonesia Tbk.,Energy,Cyclical,278.0,30.0,86.7,49.2,55.3,3,11.034867168844588,0.10075373778874364,0.06924591086287578,9.925190091674411,False,173.76185967597357,1330.980599166816,844.8520280402479,1236.2413045673875,1663.419288298361,0.670948295354324,0.775124808584774,0.8328743679025223,1028.197055427204,0.7296238123493807,2.698550559090662,WATCH,Cheap but F-Score 3/9 shows deteriorating fundamentals,Normalised EBIT 6.4x trailing - valuation assumes cycle recovery,384.86164976772807,,0.45,2026-06-30,"Energy | Oil, Gas & Coal | Coal | Coal Production",26,15.378032536083092,8.15902719908333,1.327597648369335
KLAS,Pelayaran Kurnia Lautan Semesta Tbk.,Transportation & Logistic,Cyclical,77.0,,,,,,,,,,False,,,,,,,,,,,,SKIP,No usable intrinsic value - cannot assess margin of safety,,,,,,Transportation & Logistic | Transportation | Passenger Marine Transportation | Passenger Marine Transportation,10,18.1436746865216,9.323868477410677,1.8682050333418738
KLBF,Kalbe Farma Tbk.,Healthcare,Compounder,790.0,78.3,95.6,75.8,83.2,7,9.917439596112406,0.1528275734254072,0.23373774731193006,6.543321846879186,False,302.0939687841042,718.830447497845,636.0235398243224,956.5139729581851,1299.3636656411336,-0.24209239208065766,0.17408420333182573,0.3920100885611595,831.6962458075199,0.050133983431698274,0.05278005798420238,SKIP,MOS 5% below watch threshold 10%,,790.0,,0.45,2026-06-30,Healthcare | Pharmaceuticals & Health Care Research | Pharmaceuticals | Pharmaceuticals,6,9.281741633694939,7.472695760741151,1.469293510764925
KLIN,Klinko Karya Imaji Tbk.,Industrials,Cyclical,117.0,,,,,,,,,,False,,,,,,,,,,,,SKIP,No usable intrinsic value - cannot assess margin of safety,,,,,,Industrials | Industrial Services | Business Support Services | Business Support Services,10,13.35995628193082,9.538398395217746,1.4057675482565506
KMDS,Kurniamitra Duta Sentosa Tbk.,Consumer Cyclicals,Ordinary,540.0,,,,,,,,,,False,,,,,,,,,,,,SKIP,No usable intrinsic value - cannot assess margin of safety,,,,,,Consumer Cyclicals | Retailing | Specialty Retail | Specialty Stores,6,10.582498513763287,10.050352905588877,2.8584492925773355
KMTR,Kirana Megatara Tbk.,Basic Materials,Cyclical,230.0,25.0,57.8,25.0,35.9,8,2.5579682774769505,0.049631381580909434,0.11693593884564982,20.14854247750071,False,106.40356549472773,,,,44.955693774408054,,,-4.116148382764637,228.83768215122342,-0.005079224006509923,-0.005053555864246051,SKIP,MOS -1% below watch threshold 10%,Net debt/EBITDA 11.3x,228.8376821512234,,0.45,2026-06-30,Basic Materials | Chemicals | Specialty Chemical | Specialty Chemical,8,13.16483991901313,10.120677959093147,1.520943283857289
KOBX,Kobexindo Tractors Tbk.,Industrials,Cyclical,170.0,,,,,,,,,,False,,,,,,,,,,,,SKIP,No usable intrinsic value - cannot assess margin of safety,,,,,,Industrials | Industrial Goods | Machinery,4,14.416005681359687,9.823816834611925,1.0469873784900932
KOCI,Kokoh Exa Nusantara Tbk.,Industrials,Cyclical,108.0,,,,,,,,,,False,,,,,,,,,,,,SKIP,No usable intrinsic value - cannot assess margin of safety,,,,,,Industrials | Industrial Goods,10,7.337987077260884,6.732346217288436,0.694251249684102
KOIN,Kokoh Inti Arebama Tbk.,Consumer Cyclicals,Ordinary,78.0,32.5,59.3,51.2,47.7,6,-2.10124473977081,0.06470508300229126,0.058723287807547826,15.454736376191486,False,-173.75551205622273,,328.5070768745607,516.1909754676079,718.9786450500036,0.7625621927475735,0.8488931350856314,0.8915127722679785,346.9986381673021,0.7752152561405932,3.448700489324386,WATCH,Cheap but business economics poor - value trap risk,Trailing EBIT -0.1x mid-cycle - possible peak earnings,76.29089848681264,,0.45,2026-06-30,Consumer Cyclicals | Retailing | Specialty Retail | Home Improvement Retail,4,18.938832366208775,14.064467156516635,1.1987329238996036
KOKA,Koka Indonesia Tbk.,Consumer Cyclicals,Ordinary,202.0,,,,,,,,,,False,,,,,,,,,,,,SKIP,No usable intrinsic value - cannot assess margin of safety,,,,,,Consumer Cyclicals | Retailing | Specialty Retail | Specialty Stores,6,10.582498513763287,10.050352905588877,2.8584492925773355
KONI,Perdana Bangun Pusaka Tbk.,Basic Materials,Cyclical,2360.0,70.0,93.3,25.0,62.8,6,17.63864064582634,0.0402049462910769,0.20296120404637671,24.87256151917657,False,471.4806892689397,701.3802285443098,956.1851264823351,1410.2197339633894,1889.7419409201195,-1.4681412988320515,-0.6734980678275402,-0.2488477653466858,890.9597536183107,-1.0,-0.6224746806702073,SKIP,MOS -100% below watch threshold 10%,,860.7523085115934,,0.45,2026-06-30,Basic Materials | Construction Materials | Construction Materials | Construction Materials,10,12.68567498355167,10.901767958955283,0.5102438604959392
KOPI,Mitra Energi Persada Tbk.,Energy,Cyclical,206.0,,,,,,,,,,False,,,,,,,,,,,,SKIP,No usable intrinsic value - cannot assess margin of safety,,,,,,"Energy | Oil, Gas & Coal | Oil & Gas | Oil & Gas Production & Refinery",9,15.064036542847035,8.411588499041516,1.5179638241818716
KOTA,DMS Propertindo Tbk.,Properties & Real Estate,Cyclical,179.0,76.7,73.8,18.8,56.4,8,2.6219426391766527,0.03327571302884486,0.04432675090781502,30.051948071951326,False,-42.1077383893165,,,,,,,,62.04047199529011,-1.0,-0.6534051843838542,SKIP,MOS -100% below watch threshold 10%,Net debt/EBITDA 4.6x; Trailing EBIT -8.2x mid-cycle - possible peak earnings,62.04047199529012,,1.45,2026-03-31,Properties & Real Estate | Real Estate | Real Estate Development | Real Estate Development,35,12.379916854923529,9.504502268830333,0.7706297288148782
KPIG,MNC Tourism Indonesia Tbk.,Consumer Cyclicals,Ordinary,76.0,63.3,63.3,41.8,56.1,6,5.492049320633094,0.06768130576476296,0.028762678904932205,14.775128651856356,False,-29.419947387790288,,,,,,,,154.6909529357868,0.5086978355382679,1.0354072754708792,WATCH,"Cheap and sound, but flagged: Net debt/EBITDA 5.6x",Net debt/EBITDA 5.6x,154.6909529357868,,0.45,2026-06-30,"Consumer Cyclicals | Consumer Services | Tourism & Recreation | Hotels, Resorts & Cruise Lines",4,20.170262477240115,14.879103844859301,1.5661740593254243
KRAS,Krakatau Steel (Persero) Tbk.,Basic Materials,Cyclical,234.0,41.7,42.1,80.0,54.6,5,-1.1901060459000317,2.0977071727808703,0.2433512729601326,0.4767109599355227,False,-1288.4766208149713,,,,397.4743943780316,,,0.4112828315238684,2163.6715365612263,0.8918504976167031,8.246459557953958,WATCH,"Cheap and sound, but flagged: Trailing EBIT 2.6x mid-cycle - possible peak earnings",Trailing EBIT 2.6x mid-cycle - possible peak earnings,2163.6715365612263,,0.45,2026-06-30,Basic Materials | Metals & Minerals | Iron & Steel | Iron & Steel,4,9.266482273796075,7.211822702853995,0.53559173397186
KREN,Quantum Clovera Investama Tbk.,Financials,Financial,13.0,15.0,26.7,20.0,20.6,3,,,,,False,,,,,,,,,0.09586379366396149,-1.0,-0.9926258620258491,SKIP,MOS -100% below watch threshold 10%,,0.09586379366396149,,1.45,2026-03-31,Financials | Holding & Investment Companies | Investment Companies | Investment Companies,13,14.566398170997925,15.07996983497698,0.7997799244128763
KRYA,Bangun Karya Perkasa Jaya Tbk.,Infrastructures,Cyclical,66.0,,,,,,,,,,False,,,,,,,,,,,,SKIP,No usable intrinsic value - cannot assess margin of safety,,,,,,Infrastructures | Heavy Constructions & Civil Engineering | Heavy Constructions & Civil Engineering | Heavy Constructions & Civil Engineering,7,9.058166174021757,7.094076259920247,0.8993139336443662
KSIX,Kentanix Supra International Tbk.,Technology,Ordinary,428.0,,,,,,,,,,False,,,,,,,,,,,,SKIP,No usable intrinsic value - cannot assess margin of safety,,,,,,Technology,10,8.51203282106588,7.224281818542886,2.0753128335742566
KUAS,Ace Oldfields Tbk.,Industrials,Cyclical,93.0,,,,,,,,,,False,,,,,,,,,,,,SKIP,No usable intrinsic value - cannot assess margin of safety,,,,,,Industrials | Industrial Services | Business Support Services | Business Support Services,10,13.35995628193082,9.538398395217746,1.4057675482565506
LABA,Green Power Group Tbk.,Energy,Cyclical,97.0,,,,,,,,,,False,,,,,,,,,,,,SKIP,No usable intrinsic value - cannot assess margin of safety,,,,,,Energy,48,12.769743421191965,8.117437974233383,1.3229373691448352
LABS,UBC Medical Indonesia Tbk.,Healthcare,Ordinary,157.0,,,,,,,,,,False,,,,,,,,,,,,SKIP,No usable intrinsic value - cannot assess margin of safety,,,,,,Healthcare | Healthcare Equipment & Providers | Healthcare Supplies & Distributions | Healthcare Supplies & Distributions,4,7.7648857093037975,8.02514613469945,0.8560902149342481
LAJU,Jasa Berdikari Logistics Tbk.,Transportation & Logistic,Cyclical,69.0,,,,,,,,,,False,,,,,,,,,,,,SKIP,No usable intrinsic value - cannot assess margin of safety,,,,,,Transportation & Logistic | Logistics & Deliveries | Logistics & Deliveries | Logistics & Deliveries,7,9.052415583885466,6.788313476605148,1.053034918368662
LAND,Trimitra Propertindo Tbk.,Properties & Real Estate,Cyclical,82.0,43.3,37.1,18.8,33.1,5,1.4002707128353464,0.018413106449335623,0.011786265566596465,54.309141303860855,False,-60.80953471080738,,,,,,,,66.98014424730569,-0.22424340707953153,-0.18316897259383302,SKIP,MOS -22% below watch threshold 10%,Net debt/EBITDA 16.7x; Interest coverage 1.3x,66.98014424730569,,0.45,2026-06-30,Properties & Real Estate | Real Estate | Real Estate Development | Real Estate Development,35,12.379916854923529,9.504502268830333,0.7706297288148782
LAPD,Leyand International Tbk.,Consumer Cyclicals,Ordinary,68.0,15.0,26.1,20.0,20.4,4,-12.815285327747413,-0.015743313123594053,-0.05832406144973078,-63.51903135950008,False,-19.62183411895029,,,,,,,,,,,SKIP,No usable intrinsic value - cannot assess margin of safety,Interest coverage -1.0x,,,1.45,2026-03-31,"Consumer Cyclicals | Consumer Services | Tourism & Recreation | Hotels, Resorts & Cruise Lines",4,20.170262477240115,14.879103844859301,1.5661740593254243
LCGP,Eureka Prima Jakarta Tbk.,Properties & Real Estate,Cyclical,114.0,,,,,,,,,,False,,,,,,,,,,,,SKIP,No usable intrinsic value - cannot assess margin of safety,,,,,,Properties & Real Estate | Real Estate | Real Estate Development | Real Estate Development,35,12.379916854923529,9.504502268830333,0.7706297288148782
LCKM,LCK Global Kedaton Tbk.,Properties & Real Estate,Cyclical,109.0,,,,,,,,,,False,,,,,,,,,,,,SKIP,No usable intrinsic value - cannot assess margin of safety,,,,,,Properties & Real Estate | Real Estate | Real Estate Development | Real Estate Development,35,12.379916854923529,9.504502268830333,0.7706297288148782
LEAD,Logindo Samudramakmur Tbk.,Transportation & Logistic,Cyclical,112.0,,,,,,,,,,False,,,,,,,,,,,,SKIP,No usable intrinsic value - cannot assess margin of safety,,,,,,Transportation & Logistic | Transportation | Passenger Marine Transportation | Passenger Marine Transportation,10,18.1436746865216,9.323868477410677,1.8682050333418738
LFLO,Imago Mulia Persada Tbk.,Properties & Real Estate,Cyclical,482.0,,,,,,,,,,False,,,,,,,,,,,,SKIP,No usable intrinsic value - cannot assess margin of safety,,,,,,Properties & Real Estate | Real Estate | Real Estate Development | Real Estate Development,35,12.379916854923529,9.504502268830333,0.7706297288148782
LIFE,MSIG Life Insurance Indonesia Tbk.,Financials,Financial,5975.0,15.0,83.3,30.0,42.8,6,,,,,False,,,1533.505551624743,2195.984741266768,2917.7594866863815,-2.896301512354821,-1.7208750077895725,-1.04780415495646,1848.9490177210855,-1.0,-0.6905524656533748,SKIP,MOS -100% below watch threshold 10%,,1815.8989256856294,1881.9991097565419,0.45,2026-06-30,Financials | Insurance | Insurance,9,10.281517474681191,,0.5473303505986757
LINK,Link Net Tbk.,Infrastructures,Cyclical,1415.0,43.3,26.1,20.0,29.8,5,-3.673851152607302,-0.09201383493159426,-0.09113580994268068,-10.867930901297928,False,-3074.8436336959285,,,,,,,,1599.7151008085077,0.11546749837839959,0.13054070728516454,WATCH,MOS 12% attractive but short of buy threshold 30%,Net debt/EBITDA 10.7x; Interest coverage -2.3x,1599.7151008085077,,1.45,2026-03-31,Infrastructures | Telecommunication | Telecommunication Service | Wired Telecommunication Service,5,27.330200244220453,13.219713383808653,1.4052395821892443
LION,Lion Metal Works Tbk.,Industrials,Cyclical,360.0,,,,,,,,,,False,,,,,,,,,,,,SKIP,No usable intrinsic value - cannot assess margin of safety,,,,,,Industrials | Industrial Goods,10,7.337987077260884,6.732346217288436,0.694251249684102
LIVE,Homeco Victoria Makmur Tbk.,Consumer Cyclicals,Ordinary,222.0,,,,,,,,,,False,,,,,,,,,,,,SKIP,No usable intrinsic value - cannot assess margin of safety,,,,,,Consumer Cyclicals | Retailing | Specialty Retail,13,10.582498513763287,8.450289443602555,1.4759097575188527
LMAS,Limas Indonesia Makmur Tbk.,Consumer Cyclicals,Ordinary,50.0,,,,,,,,,,False,,,,,,,,,,,,SKIP,No usable intrinsic value - cannot assess margin of safety,,,,,,Consumer Cyclicals,49,11.174937874788398,8.450289443602555,1.219026001317649
LMAX,Lupromax Pelumas Indonesia Tbk.,Basic Materials,Cyclical,112.0,,,,,,,,,,False,,,,,,,,,,,,SKIP,No usable intrinsic value - cannot assess margin of safety,,,,,,Basic Materials | Chemicals | Specialty Chemical | Specialty Chemical,8,13.16483991901313,10.120677959093147,1.520943283857289
LMPI,Langgeng Makmur Industri Tbk.,Consumer Cyclicals,Ordinary,143.0,,,,,,,,,,False,,,,,,,,,,,,SKIP,No usable intrinsic value - cannot assess margin of safety,,,,,,Consumer Cyclicals,49,11.174937874788398,8.450289443602555,1.219026001317649
LMSH,Lionmesh Prima Tbk.,Industrials,Cyclical,256.0,,,,,,,,,,False,,,,,,,,,,,,SKIP,No usable intrinsic value - cannot assess margin of safety,,,,,,Industrials | Industrial Goods,10,7.337987077260884,6.732346217288436,0.694251249684102
LOPI,Logisticsplus International Tbk.,Transportation & Logistic,Cyclical,84.0,,,,,,,,,,False,,,,,,,,,,,,SKIP,No usable intrinsic value - cannot assess margin of safety,,,,,,Transportation & Logistic | Logistics & Deliveries | Logistics & Deliveries | Logistics & Deliveries,7,9.052415583885466,6.788313476605148,1.053034918368662
LPCK,Lippo Cikarang Tbk.,Properties & Real Estate,Deep Value,615.0,63.3,82.1,43.0,62.8,5,5.757757632769717,0.09652539497433063,0.04615195955250435,10.359967967662126,True,983.8693706944407,241.36866635238158,443.6588399557883,766.8854713708208,1108.256690853894,-0.38620026158226944,0.1980549600181145,0.44507440823465516,241.36866635238158,-1.0,-0.6075306238172657,DEEP VALUE,Trades below 2/3 NCAV - Graham net-net,,589.9397481799933,,0.45,2026-06-30,Properties & Real Estate | Real Estate | Real Estate Development | Real Estate Development,35,12.379916854923529,9.504502268830333,0.7706297288148782
LPGI,Lippo General Insurance Tbk.,Financials,Financial,645.0,85.0,83.3,42.5,70.3,6,,,,,False,,195.04690168002944,269.6738652369904,426.27108838987476,591.6590231690539,-1.3917779330717552,-0.5131216204137027,-0.09015492833226868,386.62008087183057,-0.6683044464362047,-0.4005890219041387,SKIP,MOS -67% below watch threshold 10%,,349.8482142486698,423.3919474949913,0.45,2026-06-30,Financials | Insurance | Insurance | General Insurance,7,10.281517474681191,,0.5473303505986757
LPIN,Multi Prima Sejahtera Tbk.,Consumer Cyclicals,Ordinary,418.0,,,,,,,,,,False,,,,,,,,,,,,SKIP,No usable intrinsic value - cannot assess margin of safety,,,,,,Consumer Cyclicals | Retailing | Specialty Retail | Specialty Stores,6,10.582498513763287,10.050352905588877,2.8584492925773355
LPKR,Lippo Karawaci Tbk.,Properties & Real Estate,Deep Value,66.0,43.3,57.7,43.0,48.0,3,5.396318525255624,0.09518321453551673,0.03347370721829148,10.506054086110522,True,156.25471094841686,122.93089729986268,33.93705506652828,119.37239936299193,212.61996720583275,-0.9447768779765168,0.4471083738603192,0.6895870088433095,61.172008869790815,-0.07892484192379433,-0.07315138076074523,DEEP VALUE,Trades below 2/3 NCAV - Graham net-net,Net debt/EBITDA 4.6x,61.172008869790815,,1.45,2026-03-31,Properties & Real Estate | Real Estate | Real Estate Development | Real Estate Development,35,12.379916854923529,9.504502268830333,0.7706297288148782
LPLI,Star Pacific Tbk.,Financials,Financial,250.0,60.0,77.8,100.0,79.3,5,13.109050700339667,-0.04140099081035192,-0.005761168554711513,-24.1540113032744,True,761.1321728241036,,,,,,,,3328.9814871393764,0.9249019554582062,12.315925948557506,DEEP VALUE,Trades below 2/3 NCAV - Graham net-net,,4004.9508325176603,2653.0121417610926,0.45,2026-06-30,Financials | Holding & Investment Companies | Investment Companies | Investment Companies,13,14.566398170997925,15.07996983497698,0.7997799244128763
LPPF,Matahari Department Store Tbk.,Consumer Cyclicals,Ordinary,1595.0,66.7,69.3,73.2,69.7,6,3.611011288055145,0.19654743268285818,0.35422433285295435,5.087830384503489,False,-2494.5711538694086,3551.801527943026,5388.489679518944,9554.10790733177,14090.300332219367,0.7039986907532886,0.8330561036707566,0.88680156118796,6889.960839210438,0.768503764067434,3.3197246640817797,BUY,"MOS 77%, quality and balance sheet both pass",,7300.74856599068,,0.45,2026-06-30,Consumer Cyclicals | Retailing,18,10.694931239689799,10.050352905588877,1.422027519184855
LPPS,Lenox Pasifik Investama Tbk.,Financials,Financial,86.0,27.5,77.8,70.0,58.4,5,11.252545524976298,-0.0204630213573981,-0.0026655079943033507,-48.868638825833266,False,50.85668373173249,,51.79958595973506,54.800568332992455,58.026960996291464,-0.6602449306612154,-0.569326790142504,-0.48206968835566466,82.98869882531469,-0.03628567765622991,-0.03501512993820133,SKIP,MOS -4% below watch threshold 10%,,146.46494371460878,19.512453936020577,1.45,2026-03-31,Financials | Holding & Investment Companies | Investment Companies | Investment Companies,13,14.566398170997925,15.07996983497698,0.7997799244128763
LRNA,Eka Sari Lorena Transport Tbk.,Transportation & Logistic,Cyclical,187.0,,,,,,,,,,False,,,,,,,,,,,,SKIP,No usable intrinsic value - cannot assess margin of safety,,,,,,Transportation & Logistic | Transportation | Passenger Land Transportation | Road Transportation,5,6.625536398518111,5.910974792208097,1.2412717730358216
LSIP,PP London Sumatra Indonesia Tbk.,Consumer Non-Cyclicals,Compounder,1465.0,73.3,95.6,100.0,89.6,7,14.310452497233086,1.3821299327573715,0.32849275392180094,0.7235209775140199,False,1103.1583042981997,2684.7611745800295,2206.0501354474764,2778.2776002831706,3390.9798646266354,0.3359171777377405,0.47269488122760567,0.5679714836167852,2869.821140878627,0.48951522478802484,0.9589222804632265,BUY,"MOS 49%, quality and balance sheet both pass",,3275.3747586493937,,0.45,2026-06-30,Consumer Non-Cyclicals | Food & Beverage | Agricultural Products | Plantations & Crops,26,8.531657563897525,6.89544177076508,1.5596099814498379
LTLS,Lautan Luas Tbk.,Basic Materials,Cyclical,845.0,38.3,69.3,73.2,60.3,6,2.9244076336182685,0.18866006628706922,0.1301709631900852,5.300538792763798,False,9.878548912567256,818.6586462589732,305.0103779095646,945.5855244102855,1634.3900333278982,-1.7703975379176835,0.1063737988935646,0.4829875471771966,1414.5976708068697,0.4026570116448573,0.674080083795112,BUY,"MOS 40%, quality and balance sheet both pass",,2720.5041426510866,,0.45,2026-06-30,Basic Materials | Chemicals | Specialty Chemical | Specialty Chemical,8,13.16483991901313,10.120677959093147,1.520943283857289
LUCK,Sentral Mitra Informatika Tbk.,Technology,Ordinary,115.0,,,,,,,,,,False,,,,,,,,,,,,SKIP,No usable intrinsic value - cannot assess margin of safety,,,,,,Technology | Software & IT Services | IT Services & Consulting | IT Services & Consulting,5,7.905805643427312,6.074486307476839,2.0568949537989996
LUCY,Lima Dua Lima Tiga Tbk.,Consumer Cyclicals,Ordinary,250.0,60.0,34.7,,47.4,4,,,,,False,-22.265311261304063,,,,,,,,41.80626430824982,-1.0,-0.8327749427670007,SKIP,MOS -100% below watch threshold 10%,,41.80626430824982,,2.43,2025-12-31,Consumer Cyclicals | Retailing | Specialty Retail | Specialty Stores,6,10.582498513763287,10.050352905588877,2.8584492925773355
MABA,Marga Abhinaya Abadi Tbk.,Infrastructures,Cyclical,50.0,,,,,,,,,,False,,,,,,,,,,,,SKIP,No usable intrinsic value - cannot assess margin of safety,,,,,,Infrastructures | Heavy Constructions & Civil Engineering | Heavy Constructions & Civil Engineering | Heavy Constructions & Civil Engineering,7,9.058166174021757,7.094076259920247,0.8993139336443662
MAGP,Multi Agro Gemilang Plantation Tbk.,Consumer Non-Cyclicals,Ordinary,50.0,,,,,,,,,,False,,,,,,,,,,,,SKIP,No usable intrinsic value - cannot assess margin of safety,,,,,,Consumer Non-Cyclicals | Food & Beverage | Agricultural Products | Plantations & Crops,26,8.531657563897525,6.89544177076508,1.5596099814498379
MAHA,Mandiri Herindo Adiperkasa Tbk.,Energy,Cyclical,148.0,81.7,91.8,84.5,86.0,8,4.696257524281718,0.16359184727988385,0.22752995886598215,6.11277405706614,False,3.7345671007066104,133.58264754686763,,,,,,,161.67491446604743,0.08458278460335433,0.0923980707165366,SKIP,MOS 8% below watch threshold 10%,,208.4953593313471,,0.45,2026-06-30,"Energy | Oil, Gas & Coal | Oil & Gas | Oil & Gas Production & Refinery",9,15.064036542847035,8.411588499041516,1.5179638241818716
MAIN,Malindo Feedmill Tbk.,Consumer Non-Cyclicals,Ordinary,685.0,45.0,76.1,80.0,67.0,5,3.6375354702250604,0.2555058400786448,0.19427973394959427,3.913804865251611,False,-29.269988808924268,719.3391978215485,,,,,,,1173.6858007473934,0.4163685037649789,0.7134099280983845,BUY,"MOS 42%, quality and balance sheet both pass",,1809.771044843576,,0.45,2026-06-30,"Consumer Non-Cyclicals | Food & Beverage | Agricultural Products | Fish, Meat & Poultry",9,8.671024281367984,16.396383712344086,1.245367442390432
MANG,Manggung Polahraya Tbk.,Consumer Cyclicals,Ordinary,38.0,,,,,,,,,,False,,,,,,,,,,,,SKIP,No usable intrinsic value - cannot assess margin of safety,,,,,,Consumer Cyclicals | Consumer Services | Tourism & Recreation,9,17.933020637857847,13.102684494262084,1.5661740593254243
MAPA,Map Aktif Adiperkasa Tbk.,Consumer Cyclicals,Compounder,655.0,95.0,97.0,76.0,89.3,9,6.407073433317196,0.11833914171508861,0.2391662255744151,8.450289443602555,False,109.20863694397899,393.7741876953436,828.1361117028896,1347.085570347972,1895.1666760792662,0.20906721643483364,0.5137651130575143,0.6543839609109904,880.9347212994901,0.2564715816470576,0.34493850580074814,WATCH,MOS 26% attractive but short of buy threshold 30%,,817.1181098677246,,0.45,2026-06-30,Consumer Cyclicals | Retailing | Specialty Retail | Specialty Stores,6,10.582498513763287,10.050352905588877,2.8584492925773355
MAPB,MAP Boga Adiperkasa Tbk.,Consumer Cyclicals,Ordinary,1215.0,43.3,40.1,52.5,45.3,5,-0.2353196789638149,-0.049037820483454266,-0.07374778954818316,-20.39242344258362,False,-313.0854737827202,,1070.6530384588493,1717.6466379351568,2420.140038889143,-0.13482141866325884,0.2926368129706853,0.4979629358317251,1378.8229210575728,0.11881360438359899,0.13483367988277606,WATCH,MOS 12% attractive but short of buy threshold 30%,Interest coverage -4.3x,836.7049740534381,,0.45,2026-06-30,Consumer Cyclicals | Consumer Services | Tourism & Recreation,9,17.933020637857847,13.102684494262084,1.5661740593254243
MAPI,Mitra Adiperkasa Tbk.,Consumer Cyclicals,Compounder,1615.0,95.0,91.8,76.0,87.6,8,4.377077916289861,0.13551725498170256,0.24294222997697182,7.37913411937852,False,211.25974869533093,1054.0441838955571,2493.6429238059354,4130.119697733227,5858.461417366991,0.3523531438354061,0.608970170795201,0.7243303514447585,2638.534176102076,0.38791772544487174,0.6337672917040718,BUY,"MOS 39%, quality and balance sheet both pass",,2470.283330581359,,0.45,2026-06-30,Consumer Cyclicals | Retailing | Specialty Retail | Specialty Stores,6,10.582498513763287,10.050352905588877,2.8584492925773355
MARI,Mahaka Radio Integra Tbk.,Consumer Cyclicals,Ordinary,23.0,,,,,,,,,,False,,,,,,,,,,,,SKIP,No usable intrinsic value - cannot assess margin of safety,,,,,,Consumer Cyclicals | Media & Entertainment | Media | Broadcasting,5,2.9402451161671346,9.771295333376617,2.0515302456242384
MARK,Mark Dynamics Indonesia Tbk.,Basic Materials,Cyclical,1110.0,81.7,91.1,60.5,77.8,5,14.690707900774823,0.10060278595850011,0.4823037146925662,9.94008257795676,False,95.26067869622393,596.8230433531539,443.0608272910822,692.7289231952528,962.6419831730867,-1.5052993440802473,-0.6023583870008774,-0.1530766571609393,773.127377947967,-0.4357271927766412,-0.30348884869552517,SKIP,MOS -44% below watch threshold 10%,,1120.566905441132,,0.45,2026-06-30,Basic Materials | Chemicals | Specialty Chemical | Specialty Chemical,8,13.16483991901313,10.120677959093147,1.520943283857289
MASB,Bank Multiarta Sentosa Tbk.,Financials,Financial,3400.0,38.3,70.3,40.0,49.5,5,,,,,False,,,,,,,,,1397.978658158408,-1.0,-0.5888298064239976,SKIP,MOS -100% below watch threshold 10%,Earnings materially exceed cash generation,2144.177595008171,651.7797213086452,0.45,2026-06-30,Financials | Banks | Banks | Banks,39,13.481315257379515,,0.7861812292608251
MAXI,Maxindo Karya Anugerah Tbk.,Industrials,Cyclical,50.0,,,,,,,,,,False,,,,,,,,,,,,SKIP,No usable intrinsic value - cannot assess margin of safety,,,,,,Industrials | Industrial Services | Business Support Services | Business Support Services,10,13.35995628193082,9.538398395217746,1.4057675482565506
MAYA,Bank Mayapada Internasional Tbk.,Financials,Financial,206.0,70.0,73.9,57.5,67.1,7,,,,,False,,,1951.2416429166892,2594.7341020667404,3274.3495302464576,0.8944261974175203,0.9206084354323943,0.9370867410161631,289.2852852606506,0.2879001784885437,0.40429750126529407,WATCH,MOS 29% attractive but short of buy threshold 30%,,572.221333657896,6.349236863405135,1.45,2026-03-31,Financials | Banks | Banks | Banks,39,13.481315257379515,,0.7861812292608251
MBAP,Mitrabara Adiperdana Tbk.,Energy,Cyclical,1455.0,30.0,83.7,18.8,44.2,3,8.34353561886626,0.03364966458401222,0.0200379828723014,29.717978243240033,False,1368.8199512832052,2903.356394406957,445.7945555240813,558.1075292179282,680.6904218180542,-2.2638352845953555,-1.607024495868888,-1.1375355864621164,1759.1071382013306,0.172875847978354,0.20900834240641286,WATCH,MOS 17% attractive but short of buy threshold 30%,Normalised EBIT 8.2x trailing - valuation assumes cycle recovery,652.6914505142216,,1.45,2026-03-31,"Energy | Oil, Gas & Coal | Coal | Coal Production",26,15.378032536083092,8.15902719908333,1.327597648369335
MBMA,Merdeka Battery Materials Tbk.,Basic Materials,Cyclical,545.0,50.0,65.3,26.2,47.2,6,2.2649706950344064,0.07060905307103572,0.07953459088152742,14.162489886303351,False,-74.8733482089841,,,,,,,,260.45847971402503,-1.0,-0.5220945326348165,SKIP,MOS -100% below watch threshold 10%,Trailing EBIT 3.0x mid-cycle - possible peak earnings,260.45847971402503,,1.45,2026-03-31,Basic Materials | Metals & Minerals | Diversified Metals & Minerals | Diversified Metals & Minerals,9,12.449518149274448,9.956241790640217,2.128841754446317
MBSS,Mitrabahtera Segara Sejati Tbk.,Transportation & Logistic,Cyclical,2840.0,43.3,91.1,43.0,59.1,5,11.545085265283063,0.10762559124979905,0.15438261426525413,9.29147044292653,False,1053.0200488443893,2730.45653559763,,,,,,,2894.837261650708,0.018943124153182465,0.019308894947432487,SKIP,MOS 2% below watch threshold 10%,,3168.805138405839,,0.45,2026-06-30,Transportation & Logistic | Transportation | Passenger Marine Transportation | Passenger Marine Transportation,10,18.1436746865216,9.323868477410677,1.8682050333418738
MBTO,Martina Berto Tbk.,Consumer Non-Cyclicals,Ordinary,128.0,,,,,,,,,,False,,,,,,,,,,,,SKIP,No usable intrinsic value - cannot assess margin of safety,,,,,,Consumer Non-Cyclicals | Nondurable Household Products | Personal Care Products | Personal Care Products,4,31.671915126739798,11.719520008819957,0.7935798409148047
MCAS,M Cash Integrasi Tbk.,Technology,Deep Value,338.0,16.7,57.6,20.0,31.4,5,2.1862041477084126,-0.038043600293562296,-0.054183054646853926,-26.28562996886546,False,411.97279099807105,,,,,,,,356.13843982237444,0.050930867870991575,0.05366402314311958,SKIP,MOS 5% below watch threshold 10%,Interest coverage -3.1x,356.13843982237444,,0.45,2026-06-30,Technology | Software & IT Services | Online Applications & Services | Online Applications & Services,4,21.198769120872733,15.304424115402707,2.0753128335742566
MCOL,Prima Andalan Mandiri Tbk.,Energy,Cyclical,3830.0,61.7,93.3,83.8,79.6,6,8.050242830268713,0.15667776570845662,0.24115823965777214,6.382526553645035,False,613.2523290383584,7927.503462447236,4461.355195251318,6725.891589554117,9197.497606937173,0.1415164602727294,0.43055876696729445,0.5835823868971448,6887.505285193025,0.44392057190375533,0.7983042520086228,BUY,"MOS 44%, quality and balance sheet both pass",,5261.91745352861,,0.45,2026-06-30,"Energy | Oil, Gas & Coal | Coal | Coal Production",26,15.378032536083092,8.15902719908333,1.327597648369335
MCOR,Bank China Construction Bank Indonesia Tbk.,Financials,Financial,68.0,66.7,77.8,92.5,79.0,5,,,,,False,,,309.5815815923294,445.18785989663075,590.5322943046164,0.7803486898340568,0.8472554934094809,0.8848496506358324,82.2441712636283,0.17319368709995928,0.2094731068180633,WATCH,MOS 17% attractive but short of buy threshold 30%,,130.15616047547852,34.3321820517781,0.45,2026-06-30,Financials | Banks | Banks | Banks,39,13.481315257379515,,0.7861812292608251
MDIA,Intermedia Capital Tbk.,Consumer Cyclicals,Ordinary,244.0,43.3,30.6,18.8,30.9,7,0.26788263718111643,0.002981488387940513,0.012500833349113638,335.402949763208,False,-41.25791534349117,,,4.176223362624892,12.367406936080599,,-57.425993730047544,-18.729277225297395,21.044229983585556,-1.0,-0.9137531558049772,SKIP,MOS -100% below watch threshold 10%,Net debt/EBITDA 11.3x; Interest coverage 1.4x; Trailing EBIT -0.2x mid-cycle - possible peak earnings,48.03304057712262,,1.45,2026-03-31,Consumer Cyclicals | Media & Entertainment | Media | Broadcasting,5,2.9402451161671346,9.771295333376617,2.0515302456242384
MDIY,Daya Intiguna Yasa Tbk.,Consumer Cyclicals,Compounder,930.0,100.0,86.6,43.2,76.6,7,4.083939062033075,0.06944039235336251,0.3847371080911309,14.400840290637802,False,-3.2037611484604636,210.743241302323,513.4985481183929,849.8682188781971,1205.1202728370592,-0.8111054128736853,-0.09428730165669054,0.22829279287566798,637.2133649163654,-0.4594797460377545,-0.31482433879960703,SKIP,MOS -46% below watch threshold 10%,,894.0237716370942,,0.45,2026-06-30,Consumer Cyclicals | Retailing | Specialty Retail | Home Improvement Retail,4,18.938832366208775,14.064467156516635,1.1987329238996036
MDKA,Merdeka Copper Gold Tbk.,Basic Materials,Cyclical,3050.0,56.7,43.9,36.7,45.8,4,1.1984239057089412,0.0784097428059263,0.07115357983121462,12.753517155069904,False,-999.4720209271737,,,,,,,,1042.7542533380272,-1.0,-0.6581133595613026,SKIP,MOS -100% below watch threshold 10%,Net debt/EBITDA 5.5x; Trailing EBIT 2.1x mid-cycle - possible peak earnings,1042.7542533380272,,1.45,2026-03-31,Basic Materials | Metals & Minerals,19,12.449518149274448,8.573447831556207,2.228715086990508
MDKI,Emdeki Utama Tbk.,Healthcare,Ordinary,185.0,,,,,,,,,,False,,,,,,,,,,,,SKIP,No usable intrinsic value - cannot assess margin of safety,,,,,,Healthcare | Healthcare Equipment & Providers,13,16.840987863391035,13.225963690802068,1.1344092618910333
MDLA,Medela Potentia Tbk.,Healthcare,Compounder,208.0,53.3,92.6,76.2,74.0,7,5.18500922736207,0.2208924400693276,0.184798781872337,4.5270901968675235,False,181.55490558699623,218.70607064694667,200.38152641295954,310.84802856992314,428.7313075870558,-0.038019840069187814,0.33086273393169735,0.5148476532524636,258.4148419179739,0.1950926717048883,0.24237904768256668,WATCH,MOS 20% attractive but short of buy threshold 30%,,230.11402305429314,,0.45,2026-06-30,Healthcare | Healthcare Equipment & Providers | Healthcare Supplies & Distributions | Healthcare Supplies & Distributions,4,7.7648857093037975,8.02514613469945,0.8560902149342481
MDLN,Modernland Realty Tbk.,Properties & Real Estate,Cyclical,50.0,43.3,31.7,32.5,35.8,6,-3.2743899601880226,-0.10873345314443086,-0.07402299819724482,-9.196801638146248,False,-626.6585314416802,,,,,,,,202.53948925636584,0.7531345606549242,3.050789785127317,WATCH,Cheap but balance sheet weak - possible value trap,Interest coverage -1.7x,202.53948925636584,,0.45,2026-06-30,Properties & Real Estate | Real Estate | Real Estate Development | Real Estate Development,35,12.379916854923529,9.504502268830333,0.7706297288148782
MDRN,Modern Internasional Tbk.,Consumer Cyclicals,Ordinary,26.0,73.3,43.1,68.2,61.5,5,-31.687398586432785,0.1509181224190772,0.5289682223761454,6.626109468968535,False,-49.72494542297934,17.65846477850858,,,12.650810773395929,,,-1.055204244669978,43.6894189542323,0.4048902314943395,0.6803622674704732,BUY,"MOS 40%, quality and balance sheet both pass",,80.13275480024552,,2.43,2025-12-31,Consumer Cyclicals | Retailing,18,10.694931239689799,10.050352905588877,1.422027519184855
MEDC,Medco Energi Internasional Tbk.,Energy,Cyclical,1310.0,65.0,42.1,90.5,65.9,5,1.7930666968448732,0.4293381870484012,0.11553554566296871,2.329166214807875,False,-3104.0083822044694,1406.7434917351595,,432.2637622384941,1526.1903911337458,,-2.030557068249524,0.1416536183098012,1503.9997235028027,0.12898920157443844,0.14809139198687227,WATCH,MOS 13% attractive but short of buy threshold 30%,Net debt/EBITDA 4.1x,2380.5840839584134,,1.45,2026-03-31,"Energy | Oil, Gas & Coal | Oil & Gas | Oil & Gas Production & Refinery",9,15.064036542847035,8.411588499041516,1.5179638241818716
MEDS,Hetzer Medical Indonesia Tbk.,Healthcare,Ordinary,75.0,,,,,,,,,,False,,,,,,,,,,,,SKIP,No usable intrinsic value - cannot assess margin of safety,,,,,,Healthcare | Healthcare Equipment & Providers,13,16.840987863391035,13.225963690802068,1.1344092618910333
MEGA,Bank Mega Tbk.,Financials,Financial,1980.0,58.3,83.3,30.0,57.2,6,,,,,False,,,1055.0745580956043,1508.4297844953949,2001.3011318835584,-0.8766446264933864,-0.31262324594204194,0.010643641551089532,1230.0527184141588,-0.6096871055678883,-0.3787612533261824,SKIP,MOS -61% below watch threshold 10%,,1326.5999764650217,1133.5054603632957,0.45,2026-06-30,Financials | Banks | Banks | Banks,39,13.481315257379515,,0.7861812292608251
MEJA,Harta Djaya Karya Tbk.,Industrials,Cyclical,111.0,,,,,,,,,,False,,,,,,,,,,,,SKIP,No usable intrinsic value - cannot assess margin of safety,,,,,,Industrials | Industrial Services | Business Support Services | Business Support Services,10,13.35995628193082,9.538398395217746,1.4057675482565506
MENN,Menn Teknologi Indonesia Tbk.,Technology,Ordinary,53.0,,,,,,,,,,False,,,,,,,,,,,,SKIP,No usable intrinsic value - cannot assess margin of safety,,,,,,Technology | Software & IT Services | Online Applications & Services | Online Applications & Services,4,21.198769120872733,15.304424115402707,2.0753128335742566
MERI,Merry Riana Edukasi Tbk.,Consumer Cyclicals,Ordinary,123.0,,,,,,,,,,False,,,,,,,,,,,,SKIP,No usable intrinsic value - cannot assess margin of safety,,,,,,Consumer Cyclicals | Consumer Services,9,17.933020637857847,13.102684494262084,1.5661740593254243
MERK,Merck Tbk.,Healthcare,Ordinary,3980.0,81.7,95.6,100.0,92.4,7,13.076603736261085,0.3075829891679581,0.6458140907049108,3.2511550872988693,False,1671.5081592796746,3945.694551387642,3236.394451507804,4710.518733309458,6299.728544372548,-0.22976357166406502,0.1550824388286042,0.36822674628492147,4990.825992066534,0.20253681327967615,0.2539763799162147,WATCH,MOS 20% attractive but short of buy threshold 30%,Trailing EBIT 2.0x mid-cycle - possible peak earnings,6902.5016230283045,,0.45,2026-06-30,Healthcare | Pharmaceuticals & Health Care Research | Pharmaceuticals | Pharmaceuticals,6,9.281741633694939,7.472695760741151,1.469293510764925
META,Nusantara Infrastructure Tbk.,Infrastructures,Cyclical,238.0,43.3,82.1,18.8,48.1,5,10.136559356576532,0.03521153408819913,0.03551767263472799,28.399785067448743,False,-4.4139428189082315,113.88958389375405,65.96477624622213,111.1889979626205,160.54853080427708,-2.6079861638828876,-1.1404995490651944,-0.48241780107065035,99.6241643674567,-1.0,-0.5814110740863163,SKIP,MOS -100% below watch threshold 10%,Normalised EBIT 2.2x trailing - valuation assumes cycle recovery,68.13857609351857,,0.45,2026-06-30,Infrastructures | Transportation Infrastructure | Transport Infrastructure Operator | Marine Ports & Services,4,12.572386079885195,6.980182185675244,1.4237127594541867
MFMI,Multifiling Mitra Indonesia Tbk.,Transportation & Logistic,Cyclical,1300.0,,,,,,,,,,False,,,,,,,,,,,,SKIP,No usable intrinsic value - cannot assess margin of safety,,,,,,Transportation & Logistic | Logistics & Deliveries | Logistics & Deliveries | Logistics & Deliveries,7,9.052415583885466,6.788313476605148,1.053034918368662
MGLV,Panca Anugrah Wisesa Tbk.,Industrials,Cyclical,8275.0,60.0,66.7,,63.4,3,,,,,False,58.48867590574221,82.18442419597872,49.03909889307282,75.9142605270419,105.24689186817383,-167.74290488173943,-108.00455253795575,-77.62464965107746,84.4358247566934,-1.0,-0.9897962749538739,SKIP,MOS -100% below watch threshold 10%,,93.86920184431888,,2.43,2025-12-31,Industrials | Industrial Services | Business Support Services | Business Support Services,10,13.35995628193082,9.538398395217746,1.4057675482565506
MGNA,Magna Investama Mandiri Tbk.,Financials,Financial,108.0,,,,,,,,,,False,,,,,,,,,,,,SKIP,No usable intrinsic value - cannot assess margin of safety,,,,,,Financials | Holding & Investment Companies | Investment Companies | Investment Companies,13,14.566398170997925,15.07996983497698,0.7997799244128763
MGRO,Mahkota Group Tbk.,Consumer Non-Cyclicals,Ordinary,680.0,16.7,26.1,18.3,20.4,5,-1.6348401998029007,0.00554618396499033,0.014115305760603226,180.3041526051766,False,-395.5410264602369,,,,,,,,139.49782624862812,-1.0,-0.7948561378696646,SKIP,MOS -100% below watch threshold 10%,Net debt/EBITDA 58.7x; Interest coverage 0.2x; Normalised EBIT 2.4x trailing - valuation assumes cycle recovery,139.49782624862812,,0.45,2026-06-30,Consumer Non-Cyclicals | Food & Beverage | Agricultural Products | Plantations & Crops,26,8.531657563897525,6.89544177076508,1.5596099814498379
MHKI,Multi Hanna Kreasindo Tbk.,Industrials,Cyclical,139.0,76.7,91.1,43.0,70.3,5,13.986847892982386,0.1072533541853787,0.10991886676664972,9.3237177298118,False,48.44449678402447,101.09379540929669,129.9664830914528,190.55293201664688,254.54045019606804,-0.06950651193808663,0.27054389282314045,0.45391783548378756,128.84953080576673,-0.0787776962070162,-0.07302495823189403,SKIP,MOS -8% below watch threshold 10%,,133.97348899263008,,1.45,2026-03-31,Industrials | Industrial Services | Business Support Services | Business Support Services,10,13.35995628193082,9.538398395217746,1.4057675482565506
MICE,Multi Indocitra Tbk.,Financials,Financial,520.0,50.0,80.9,92.5,74.5,7,5.123693140184409,0.16144999418520695,0.098323078566547,6.193868293688835,False,481.05224970605786,459.8446315504096,655.5399895503815,1291.550205259325,1971.2549992990785,0.2067608257481668,0.5973830534171211,0.7362086588569733,692.4389904392327,0.2490313122457908,0.33161344315237073,WATCH,MOS 25% attractive but short of buy threshold 30%,,1121.6735585401589,263.2044223383066,1.45,2026-03-31,Financials | Financing Service | Consumer Financing | Consumer Financing,10,7.989408923865265,19.754981122137107,0.6942929524188031
MIDI,Midi Utama Indonesia Tbk.,Consumer Non-Cyclicals,Compounder,280.0,71.7,77.6,66.0,71.8,7,2.889310812605964,0.11869420328818615,0.2089266126769334,8.425011266742558,False,-20.92785480506805,138.58783691800656,142.87999227798738,228.48452962225988,319.6415419262909,-0.9596865560800973,-0.22546590118336515,0.12401874201768252,226.47210979350024,-0.2363553298254124,-0.1911710364517849,SKIP,MOS -24% below watch threshold 10%,,346.2902200931759,,0.45,2026-06-30,Consumer Non-Cyclicals | Food & Staples Retailing | Food & Staples Retailing,4,10.545593888966863,18.205370389227188,2.499822564270242
MIKA,Mitra Keluarga Karyasehat Tbk.,Healthcare,Compounder,1850.0,85.0,93.3,37.5,71.9,6,9.492615469220649,0.0756088571977137,0.30451193379671126,13.225963690802068,False,162.2714569185416,906.6372213179274,353.2860413456455,440.83957120469717,534.052892274336,-4.23654994393059,-3.196537971726183,-2.4640763616531056,1130.2193904041185,-0.6368503457886335,-0.38907059978155756,SKIP,MOS -64% below watch threshold 10%,,2546.2421378438603,,0.45,2026-06-30,Healthcare | Healthcare Equipment & Providers | Healthcare Providers | Healthcare Providers,8,26.02401022549359,18.815604339264357,1.336894058656226
MINA,Sanurhasta Mitra Tbk.,Properties & Real Estate,Cyclical,278.0,43.3,74.1,18.3,45.2,5,14.58908269546118,0.00020902535723077683,0.005452363784123291,4784.108556245348,False,17.693263163209384,,16.07158732011826,16.365281757341453,16.68364748913864,-16.29760691727084,-15.987180796645276,-15.663022889987522,17.254503287439995,-1.0,-0.9379334414120863,SKIP,MOS -100% below watch threshold 10%,Interest coverage 1.3x; Trailing EBIT -0.2x mid-cycle - possible peak earnings,17.847317640839023,,0.45,2026-06-30,Properties & Real Estate | Real Estate | Real Estate Development | Real Estate Development,35,12.379916854923529,9.504502268830333,0.7706297288148782
MINE,Sinar Terang Mandiri Tbk.,Energy,Cyclical,240.0,81.7,78.1,96.2,85.3,5,4.169815788698843,0.21741922180157655,0.2866706292268401,4.599409342531042,False,25.9830301883859,423.2921720786204,259.6952033558921,444.9595222384877,640.6238033244285,0.07583968860950176,0.4606250950814224,0.6253651538476197,437.54391701395866,0.45148363245935963,0.8230996542248277,BUY,"MOS 45%, quality and balance sheet both pass",,456.35308842316965,,0.45,2026-06-30,"Energy | Oil, Gas & Coal | Coal | Coal Production",26,15.378032536083092,8.15902719908333,1.327597648369335
MIRA,Mitra International Resources Tbk.,Energy,Cyclical,31.0,16.7,28.9,32.5,26.0,5,-18.696411396334064,-0.029644103152385533,-0.022948017758599955,-33.73352180227883,False,-13.910593838220635,,,0.322758085711388,4.258789775408949,,-95.04716774693095,-6.279063216268578,32.74506089702046,0.053292339339617634,0.05629228700065991,SKIP,MOS 5% below watch threshold 10%,Interest coverage -1.3x,54.35992943789317,,0.45,2026-06-30,"Energy | Oil, Gas & Coal | Oil & Gas | Oil & Gas Production & Refinery",9,15.064036542847035,8.411588499041516,1.5179638241818716
MITI,Mitra Investindo Tbk.,Energy,Cyclical,212.0,63.3,95.6,18.8,59.2,7,9.602070733714015,0.03253229721779513,0.06465576067238633,30.738683877909523,False,67.63739929433575,91.52176622827564,76.68464400281161,89.13279096496746,102.27972471288395,-1.7645691358002147,-1.378473709897898,-1.0727470727470079,93.07343343704463,-1.0,-0.5609743705799781,SKIP,MOS -100% below watch threshold 10%,,98.28664043304438,,1.45,2026-03-31,"Energy | Oil, Gas & Coal | Coal | Coal Production",26,15.378032536083092,8.15902719908333,1.327597648369335
MKAP,Multikarya Asia Pasifik Raya Tbk.,Industrials,Cyclical,1170.0,76.7,84.3,18.8,59.9,6,6.270832237617259,0.017079760354227005,0.19243733734449414,58.5488308536199,False,47.88321174436947,67.09379313508761,127.84777394862458,220.14227215840492,317.61779658385234,-8.151508578242142,-4.3147448171976635,-2.6836726801330713,127.49655973318141,-1.0,-0.8910285814246313,SKIP,MOS -100% below watch threshold 10%,,166.4040291131888,,0.45,2026-06-30,Industrials | Industrial Services | Business Support Services | Business Support Services,10,13.35995628193082,9.538398395217746,1.4057675482565506
MKNT,Mitra Komunikasi Nusantara Tbk.,Technology,Ordinary,1.0,20.0,47.4,88.2,51.9,4,-7.215433703257558,0.16462297375979604,0.0010991219361248788,6.074486307476839,False,-151.385729984046,,1.1870564517821829,1.8601179363352351,2.5947242864364304,0.15758008096527032,0.46239967882349503,0.6146025975756405,2.9735403084118697,0.663700540002403,1.9735403084118697,WATCH,Cheap but business economics poor - value trap risk,Trailing EBIT -0.3x mid-cycle - possible peak earnings,4.755016103734485,,1.45,2026-03-31,Technology | Software & IT Services | IT Services & Consulting | IT Services & Consulting,5,7.905805643427312,6.074486307476839,2.0568949537989996
MKPI,Metropolitan Kentjana Tbk.,Properties & Real Estate,Cyclical,22000.0,85.0,97.8,43.2,75.3,8,9.557331042920914,0.06909164641351626,0.19022595717964272,14.47352975227946,False,1840.3364383170228,9861.412491394742,8224.041644925737,11093.959494042943,14148.256337580662,-1.675083730099309,-0.983061143482019,-0.5549619313557036,11548.459855841222,-0.9050159306630294,-0.47507000655267173,SKIP,MOS -91% below watch threshold 10%,,14663.205704450875,,1.45,2026-03-31,Properties & Real Estate | Real Estate | Real Estate Development | Real Estate Development,35,12.379916854923529,9.504502268830333,0.7706297288148782
MKTR,Menthobi Karyatama Raya Tbk.,Consumer Non-Cyclicals,Ordinary,121.0,56.7,68.6,51.2,58.8,7,3.174956736508089,0.07647575164803515,0.1618690910172509,13.076040162407379,False,-12.98732932229448,18.98346154077872,12.906433978528112,45.252187123041914,79.41369525033168,-8.37516902045155,-1.673903908135926,-0.5236666625142925,37.84504442708821,-1.0,-0.6872310377926594,SKIP,MOS -100% below watch threshold 10%,,52.399832154395575,,0.45,2026-06-30,Consumer Non-Cyclicals | Food & Beverage | Agricultural Products | Plantations & Crops,26,8.531657563897525,6.89544177076508,1.5596099814498379
MLBI,Multi Bintang Indonesia Tbk.,Consumer Non-Cyclicals,Ordinary,6975.0,81.7,85.0,66.8,77.8,9,3.319679280198003,0.11830405823545172,1.0011026005023165,8.452795406306137,False,-236.00806325921337,5038.22034708399,3915.0119088430924,5867.031373017983,7963.821023993261,-0.7816037760306969,-0.18884654888287755,0.12416414444952475,5873.110423022185,-0.18761601563942742,-0.15797700028355766,SKIP,MOS -19% below watch threshold 10%,,7051.683009342382,,0.45,2026-06-30,Consumer Non-Cyclicals | Food & Beverage | Beverages,5,12.186474887692365,9.430863211296208,4.800185240922143
MLIA,Mulia Industrindo Tbk.,Basic Materials,Cyclical,234.0,30.0,58.3,20.0,36.1,3,3.7481708783167327,-0.06886888076449474,-0.024867362847469862,-14.520346329129667,False,27.247148957868863,522.7457937391042,,14.718892439702458,54.726038137608555,,-14.89793532078629,-3.2758439668445813,385.55088872805993,0.39307622718243324,0.6476533706327348,WATCH,Cheap but F-Score 3/9 shows deteriorating fundamentals,Interest coverage -2.1x,404.1140445685577,,0.45,2026-06-30,Basic Materials | Construction Materials | Construction Materials | Construction Materials,10,12.68567498355167,10.901767958955283,0.5102438604959392
MLPL,Multipolar Tbk.,Financials,Financial,103.0,27.5,56.9,100.0,61.5,5,1.254339850079333,0.0684258687886581,0.02031762229024785,14.614355911046243,False,-157.73137602262162,160.12784232668687,218.02057340565494,358.3289684817935,509.6744086469583,0.5275675208487989,0.7125546381683808,0.7979101986434125,186.7184169321177,0.4483672168372866,0.8128001643894922,WATCH,Cheap but business economics poor - value trap risk,Interest coverage 0.6x; Normalised EBIT 2.9x trailing - valuation assumes cycle recovery,186.7184169321177,,0.45,2026-06-30,Financials | Holding & Investment Companies | Investment Companies | Investment Companies,13,14.566398170997925,15.07996983497698,0.7997799244128763
MLPT,Multipolar Technology Tbk.,Technology,Ordinary,1605.0,61.7,75.6,18.8,52.0,7,1.4659109546102762,0.004949223255061289,0.4075520136336077,202.05190763567938,False,-3.617791755367443,70.9794861876203,57.53793842871396,87.46613111808261,119.65019089627913,-26.894638630275196,-17.34995991572085,-12.414103128270998,71.37448875091428,-1.0,-0.9555299135508322,SKIP,MOS -100% below watch threshold 10%,,46.18086455205651,,0.45,2026-06-30,Technology | Software & IT Services | IT Services & Consulting | IT Services & Consulting,5,7.905805643427312,6.074486307476839,2.0568949537989996
MMIX,Multi Medika Internasional Tbk.,Healthcare,Ordinary,720.0,80.0,,,80.0,,,,,,False,,,,,,,,,,,,SKIP,No usable intrinsic value - cannot assess margin of safety,,,,,,Healthcare | Healthcare Equipment & Providers | Healthcare Supplies & Distributions | Healthcare Supplies & Distributions,4,7.7648857093037975,8.02514613469945,0.8560902149342481
MMLP,Mega Manunggal Property Tbk.,Properties & Real Estate,Cyclical,296.0,51.7,59.1,43.2,51.3,5,4.285411271809971,0.07178794792656044,0.04036801904431414,13.92991482390619,False,-212.50752709066026,18.39946931562005,,114.5447117960757,241.14975872480323,,-1.5841437405418566,-0.2274530215798022,88.40399878166623,-1.0,-0.7013378419538303,SKIP,MOS -100% below watch threshold 10%,Net debt/EBITDA 5.5x,187.65107254880357,,0.45,2026-06-30,Properties & Real Estate | Real Estate | Real Estate Development | Real Estate Development,35,12.379916854923529,9.504502268830333,0.7706297288148782
MNCN,Media Nusantara Citra Tbk.,Consumer Cyclicals,Deep Value,200.0,50.0,87.3,80.0,72.4,6,16.064912779381068,0.3686406846161316,0.0650518267295797,2.7126685733054883,True,691.1503520402487,827.9943801815779,104.56643970259822,181.50704833901727,265.483120335615,-0.9126595547178269,-0.10188558422503656,0.24665643620895147,691.1503520402487,0.7106273629035884,2.4557517602012435,DEEP VALUE,Trades below 2/3 NCAV - Graham net-net,,1081.731388161457,,0.45,2026-06-30,Consumer Cyclicals | Media & Entertainment | Media | Broadcasting,5,2.9402451161671346,9.771295333376617,2.0515302456242384
MOLI,Madusari Murni Indah Tbk.,Consumer Non-Cyclicals,Ordinary,274.0,43.3,100.0,96.2,79.8,9,11.211925532336108,0.2378850117504598,0.13592538428093992,4.203711669943271,False,254.78590888305712,312.1478909287845,102.32569132993042,129.7171490515987,159.37665961025562,-1.6777243958854602,-1.1122881747193554,-0.7191977838539702,318.99584957249164,0.14105465520254787,0.16421842909668483,WATCH,MOS 14% attractive but short of buy threshold 30%,,631.4289125071103,,0.45,2026-06-30,Consumer Non-Cyclicals | Food & Beverage | Processed Foods | Processed Foods,21,10.558880519242848,8.175622633576266,1.6206373241502938
MORA,Mora Telematika Indonesia Tbk.,Infrastructures,Cyclical,5225.0,43.3,57.8,18.8,40.0,8,1.64246177286882,0.005339732822093566,0.041610966664305665,187.2752876066048,False,-654.3121290462026,,,,,,,,683.1775102864501,-1.0,-0.8692483233901531,SKIP,MOS -100% below watch threshold 10%,Net debt/EBITDA 9.7x,683.1775102864501,,0.45,2026-06-30,Infrastructures | Telecommunication | Telecommunication Service | Wired Telecommunication Service,5,27.330200244220453,13.219713383808653,1.4052395821892443
MPIX,Mitra Pedagang Indonesia Tbk.,Consumer Cyclicals,Ordinary,97.0,,,,,,,,,,False,,,,,,,,,,,,SKIP,No usable intrinsic value - cannot assess margin of safety,,,,,,Consumer Cyclicals | Retailing | Specialty Retail | Specialty Stores,6,10.582498513763287,10.050352905588877,2.8584492925773355
MPMX,Mitra Pinasthika Mustika Tbk.,Consumer Cyclicals,Ordinary,1005.0,46.7,90.3,91.8,76.3,6,5.169492130973211,0.30574685387275996,0.16173832654545386,3.270679607438124,False,293.56978493930353,1318.5782490491326,1354.1743436614518,1961.3606347946427,2609.493783274974,0.25785036121519267,0.4876006063488549,0.6148678312853836,1497.2966410850536,0.32879031955104,0.4898474040647298,BUY,"MOS 33%, quality and balance sheet both pass",,1005.0,,0.45,2026-06-30,Consumer Cyclicals | Automobiles & Components,9,9.058814562713982,5.966440431315428,0.7918529461457362
MPOW,Megapower Makmur Tbk.,Infrastructures,Cyclical,108.0,,,,,,,,,,False,,,,,,,,,,,,SKIP,No usable intrinsic value - cannot assess margin of safety,,,,,,Infrastructures,25,12.870236190348713,9.545566482669326,1.1282779370377245
MPPA,Matahari Putra Prima Tbk.,Consumer Non-Cyclicals,Ordinary,47.0,38.3,36.6,45.0,40.0,7,-4.198480425605403,0.024935990710273127,0.02873240213639702,40.10267775677427,False,-43.927093239620724,,32.360485128130165,69.1766854562915,108.94067311424402,-0.4523886095621004,0.3205803416283017,0.5685725206534019,69.1766854562915,0.3205803416283017,0.47184437141045743,WATCH,Cheap but balance sheet weak - possible value trap,Interest coverage 0.4x; Trailing EBIT -1.1x mid-cycle - possible peak earnings,,,0.45,2026-06-30,Consumer Non-Cyclicals | Food & Staples Retailing | Food & Staples Retailing,4,10.545593888966863,18.205370389227188,2.499822564270242
MPRO,Maha Properti Indonesia Tbk.,Properties & Real Estate,Cyclical,11875.0,30.0,23.3,20.0,24.4,3,-0.7677285166693204,-0.0001057133538853712,-0.007671117789325995,-9459.542841525357,False,-49.46492099231425,,,,,,,,61.13239501119821,-1.0,-0.9948520088411622,SKIP,MOS -100% below watch threshold 10%,Interest coverage -0.6x,61.13239501119821,,0.45,2026-06-30,Properties & Real Estate | Real Estate | Real Estate Development | Real Estate Development,35,12.379916854923529,9.504502268830333,0.7706297288148782
MPXL,MPX Logistics International Tbk.,Transportation & Logistic,Cyclical,157.0,,,,,,,,,,False,,,,,,,,,,,,SKIP,No usable intrinsic value - cannot assess margin of safety,,,,,,Transportation & Logistic | Logistics & Deliveries | Logistics & Deliveries | Logistics & Deliveries,7,9.052415583885466,6.788313476605148,1.053034918368662
MRAT,Mustika Ratu Tbk.,Consumer Non-Cyclicals,Deep Value,442.0,65.0,80.8,48.8,64.9,8,6.457703050407466,0.08569476798752004,0.03399981224812161,11.669323851202126,True,778.2411658798405,358.9711254868089,471.102755726525,679.0049420700967,898.8841134293623,0.061775812968114206,0.34904744779549723,0.5082792170909426,358.9711254868089,-0.2312968052809088,-0.1878481323827853,DEEP VALUE,Trades below 2/3 NCAV - Graham net-net,Interest coverage 1.2x,580.2576883620845,,1.45,2026-03-31,Consumer Non-Cyclicals | Nondurable Household Products | Personal Care Products | Personal Care Products,4,31.671915126739798,11.719520008819957,0.7935798409148047
MREI,Maskapai Reasuransi Indonesia Tbk.,Financials,Financial,920.0,50.0,83.3,100.0,77.8,6,,,,,False,,,,,,,,,1302.1154872144202,0.2934574474894461,0.4153429208852393,SKIP,Filings 3.4 quarters stale - not screenable,,1779.0890190734096,825.141955355431,3.44,2025-09-30,Financials | Insurance | Insurance,9,10.281517474681191,,0.5473303505986757
MSIE,Multisarana Intan Eduka Tbk.,Consumer Cyclicals,Ordinary,97.0,,,,,,,,,,False,,,,,,,,,,,,SKIP,No usable intrinsic value - cannot assess margin of safety,,,,,,Consumer Cyclicals | Consumer Services,9,17.933020637857847,13.102684494262084,1.5661740593254243
MSIN,MNC Digital Entertainment Tbk.,Consumer Cyclicals,Ordinary,386.0,58.3,93.3,18.8,56.8,6,8.272574756670789,0.05015266266955628,0.16705877098184527,19.939120811765413,False,26.124306090017967,59.044277722474945,,,,,,,124.92090298644143,-1.0,-0.6763707176517062,SKIP,MOS -100% below watch threshold 10%,Trailing EBIT 2.4x mid-cycle - possible peak earnings,217.1481783559945,,0.45,2026-06-30,Consumer Cyclicals | Media & Entertainment,10,12.548556815186648,8.243461215824126,2.8142590489474553
MSJA,Multi Spunindo Jaya Tbk.,Basic Materials,Cyclical,426.0,30.0,92.6,26.2,49.6,7,5.495206545544636,0.06254792362877958,0.10412223776273562,15.987740951002243,False,39.91006571395747,140.11059490095374,14.274604661285196,26.191019014448326,39.19707248084694,-28.84320827850133,-15.26511743452961,-9.868158590368157,151.51437295531997,-1.0,-0.6443324578513616,SKIP,MOS -100% below watch threshold 10%,,254.0695723398447,,0.45,2026-06-30,Basic Materials | Chemicals | Specialty Chemical | Specialty Chemical,8,13.16483991901313,10.120677959093147,1.520943283857289
MSKY,MNC Sky Vision Tbk.,Consumer Cyclicals,Ordinary,71.0,30.0,57.1,84.3,57.1,5,-6.941272144805772,0.15950613189498378,0.13633087042710398,6.269351454515765,False,-18.135948099733028,,87.78314478512497,145.34716300951737,208.17484561426502,0.19118869375444056,0.5115143733809865,0.6589405420693403,132.5210564262019,0.46423608508178205,0.8664937524817171,WATCH,Cheap but business economics poor - value trap risk,Trailing EBIT -0.6x mid-cycle - possible peak earnings,111.99928589289718,,1.45,2026-03-31,Consumer Cyclicals | Media & Entertainment | Media,7,9.009775676765488,6.269351454515765,2.0515302456242384
MSTI,Mastersystem Infotama Tbk.,Technology,Compounder,1335.0,80.0,93.3,85.2,86.2,6,9.486306382116421,0.19701054122553527,0.4812323830499599,5.075870528446558,False,607.2667011978671,1602.050265808874,1868.736131595572,2817.910475246215,3820.367487453275,0.2856134274772411,0.5262447080106921,0.6505571769248998,2043.214307816824,0.3466177312420798,0.5304976088515536,BUY,"MOS 35%, quality and balance sheet both pass",,1421.3300987409284,,0.45,2026-06-30,Technology | Software & IT Services | IT Services & Consulting | IT Services & Consulting,5,7.905805643427312,6.074486307476839,2.0568949537989996
MTDL,Metrodata Electronics Tbk.,Technology,Compounder,510.0,58.3,77.7,68.2,68.1,3,4.532261784366451,0.15188444668786774,0.2784295254792163,6.5839526153396335,False,431.74505610209405,468.5653663380485,601.3278023871031,1053.7576101062489,1536.0980729129885,0.1518768997950158,0.5160177301603759,0.6679899486932768,732.8382445944959,0.3040756213778114,0.4369377344990115,WATCH,Cheap but F-Score 3/9 shows deteriorating fundamentals,,589.3492893347176,,0.45,2026-06-30,Technology | Software & IT Services | IT Services & Consulting | IT Services & Consulting,5,7.905805643427312,6.074486307476839,2.0568949537989996
MTEL,Dayamitra Telekomunikasi Tbk.,Infrastructures,Cyclical,436.0,66.7,40.6,56.8,54.7,7,1.0016710223695382,0.07003628648724705,0.0680382623154257,14.27831271696695,False,-290.55282718230785,11.32745746604453,,,,,,,220.45571156207248,-0.9777214974865277,-0.49436763403194384,SKIP,MOS -98% below watch threshold 10%,Net debt/EBITDA 5.0x,569.0028017221191,,0.45,2026-06-30,Infrastructures | Telecommunication | Telecommunication Service,9,20.371497234407094,12.179224655374979,1.7351265363762383
MTFN,Capitalinc Investment Tbk.,Financials,Financial,13.0,50.0,43.3,,46.6,6,-53.71427074597286,-0.01014374409457723,-0.28176400248037353,-98.58292861849625,False,-18.129474671496258,,,,,,,,,,,SKIP,No usable intrinsic value - cannot assess margin of safety,,,,1.45,2026-03-31,Financials | Holding & Investment Companies | Investment Companies | Investment Companies,13,14.566398170997925,15.07996983497698,0.7997799244128763
MTLA,Metropolitan Land Tbk.,Properties & Real Estate,Cyclical,520.0,73.3,85.1,53.5,70.6,5,7.400726596738435,0.10551856955559018,0.08462771826287267,9.477004893183011,False,287.774601844714,310.83267614044513,247.69032458644165,453.124695971738,672.2315274210313,-1.0993956904381414,-0.14758697688027383,0.22645698871794478,417.7566930005038,-0.24474367188504365,-0.1966217442298004,SKIP,MOS -24% below watch threshold 10%,,572.3847191197788,,1.45,2026-03-31,Properties & Real Estate | Real Estate | Real Estate Development | Real Estate Development,35,12.379916854923529,9.504502268830333,0.7706297288148782
MTMH,Murni Sadar Tbk.,Healthcare,Ordinary,925.0,56.7,37.8,18.8,37.8,8,1.027265518362075,0.04443400288917865,0.049674011984273556,22.50528727952029,False,-473.7445633980588,,,,,,,,712.3443341699792,-0.29852931458745485,-0.22989801711353597,SKIP,MOS -30% below watch threshold 10%,Net debt/EBITDA 4.3x,712.3443341699792,,0.45,2026-06-30,Healthcare | Healthcare Equipment & Providers | Healthcare Providers | Healthcare Providers,8,26.02401022549359,18.815604339264357,1.336894058656226
MTPS,Meta Epsi Tbk.,Technology,Ordinary,81.0,25.0,47.6,32.5,35.0,5,-7.683778037229345,-0.0026909422781023528,-0.009784720515140002,-371.61703843948595,False,13.360565101652428,,,7.207564178609931,15.777162042722082,,-10.238193374730638,-4.134003173743459,19.480848934244708,-1.0,-0.7594956921698184,SKIP,MOS -100% below watch threshold 10%,Interest coverage -0.2x,39.11810454326035,,1.45,2026-03-31,Technology | Software & IT Services | IT Services & Consulting | IT Services & Consulting,5,7.905805643427312,6.074486307476839,2.0568949537989996
MTRA,Mitra Pemuda Tbk.,Properties & Real Estate,Cyclical,244.0,,,,,,,,,,False,,,,,,,,,,,,SKIP,No usable intrinsic value - cannot assess margin of safety,,,,,,Properties & Real Estate | Real Estate | Real Estate Development | Real Estate Development,35,12.379916854923529,9.504502268830333,0.7706297288148782
MTSM,Metro Realty Tbk.,Properties & Real Estate,Cyclical,500.0,,,,,,,,,,False,,,,,,,,,,,,SKIP,No usable intrinsic value - cannot assess margin of safety,,,,,,Properties & Real Estate | Real Estate | Real Estate Development | Real Estate Development,35,12.379916854923529,9.504502268830333,0.7706297288148782
MTWI,Malacca Trust Wuwungan Insurance Tbk.,Financials,Financial,254.0,,,,,,,,,,False,,,,,,,,,,,,SKIP,No usable intrinsic value - cannot assess margin of safety,,,,,,Financials | Insurance | Insurance | General Insurance,7,10.281517474681191,,0.5473303505986757
MUTU,Mutuagung Lestari Tbk.,Industrials,Cyclical,113.0,,,,,,,,,,False,,,,,,,,,,,,SKIP,No usable intrinsic value - cannot assess margin of safety,,,,,,Industrials | Industrial Services,11,13.331078119560926,9.407127354276275,1.6851565507469584
MYOH,Samindo Resources Tbk.,Energy,Cyclical,1030.0,53.3,93.3,93.2,79.9,6,11.26350272165383,0.169427513285711,0.15920631820471715,5.902229104393855,False,895.1814475172117,1512.3994331785948,1141.0600319931864,1591.5624097818468,2074.954787037529,0.09733057760264234,0.3528371908826493,0.503603641662689,1656.8296670624072,0.3783307841015359,0.6085724922935993,BUY,"MOS 38%, quality and balance sheet both pass",,1941.0582283891356,,1.45,2026-03-31,"Energy | Oil, Gas & Coal | Coal | Coal Production",26,15.378032536083092,8.15902719908333,1.327597648369335
MYOR,Mayora Indah Tbk.,Consumer Non-Cyclicals,Compounder,1715.0,71.7,93.3,79.8,81.6,6,8.043410201322667,0.1243968284480439,0.26250755233440515,8.038790156275281,False,385.6936714349663,1304.1542702123959,1108.9753478076784,1731.526909275519,2396.254304370014,-0.5464726095042286,0.009544702532191099,0.2842996684982977,1532.833483457739,-0.11884299143265903,-0.10621954317333004,SKIP,MOS -12% below watch threshold 10%,,1535.0749006927713,,0.45,2026-06-30,Consumer Non-Cyclicals | Food & Beverage | Processed Foods | Processed Foods,21,10.558880519242848,8.175622633576266,1.6206373241502938
MYTX,Asia Pacific Investama Tbk.,Basic Materials,Cyclical,41.0,23.3,33.3,50.5,35.7,6,-5.647393277395915,0.03967628950093988,0.03051023883498475,25.203969740575445,False,-454.51628920748993,,,,,,,,38.63113609060412,-0.06132006845048579,-0.057777168521850664,SKIP,MOS -6% below watch threshold 10%,Net debt/EBITDA 21.8x,38.63113609060412,,0.45,2026-06-30,Basic Materials | Chemicals | Basic Chemicals | Basic Chemicals,8,8.598946032361429,6.137238035447713,1.0540245818465046
NAIK,Adiwarna Anugerah Abadi Tbk.,Industrials,Cyclical,90.0,76.7,91.1,54.8,74.2,5,9.33826087969228,0.11627436663230595,0.13779077506788998,8.600347857944449,False,44.30192249499954,57.29305823512823,35.58155230207717,53.98616598410069,73.42393752304271,-1.5294006072564181,-0.6670937518790582,-0.22575828859294297,66.44376231438426,-0.35452895599375334,-0.26173597428461937,SKIP,MOS -35% below watch threshold 10%,,90.0,,0.45,2026-06-30,Industrials | Industrial Services | Business Support Services | Business Support Services,10,13.35995628193082,9.538398395217746,1.4057675482565506
NANO,Nanotech Indonesia Global Tbk.,Technology,Ordinary,30.0,,,,,,,,,,False,,,,,,,,,,,,SKIP,No usable intrinsic value - cannot assess margin of safety,,,,,,Technology,10,8.51203282106588,7.224281818542886,2.0753128335742566
NASA,Andalan Perkasa Abadi Tbk.,Industrials,Cyclical,30.0,43.3,74.1,18.3,45.2,5,10.707090279959775,0.0009796111482658321,0.0002500253676260138,1020.8132091700481,False,3.5875357900321676,9.592245572197742,8.031913690050501,9.505486970312909,11.113804061490757,-2.7350998974456573,-2.1560718660384883,-1.6993457716201568,48.50533189994666,0.3815112931938728,0.6168443966648887,WATCH,"Cheap and sound, but flagged: Interest coverage 1.3x",Interest coverage 1.3x; Normalised EBIT 26.9x trailing - valuation assumes cycle recovery,139.36037239928405,,0.45,2026-06-30,Industrials | Industrial Services | Business Support Services | Business Support Services,10,13.35995628193082,9.538398395217746,1.4057675482565506
NASI,Wahana Inti Makmur Tbk.,Consumer Non-Cyclicals,Ordinary,135.0,,,,,,,,,,False,,,,,,,,,,,,SKIP,No usable intrinsic value - cannot assess margin of safety,,,,,,Consumer Non-Cyclicals | Food & Beverage | Processed Foods | Processed Foods,21,10.558880519242848,8.175622633576266,1.6206373241502938
NATO,Surya Permata Andalan Tbk.,Industrials,Cyclical,665.0,70.0,34.4,60.0,54.8,7,0.16031218538167846,-0.03776377489616326,-0.05488081532603429,-26.480403581200203,False,-157.48948756910158,52.98622560014413,57.352924939421996,60.770384281771435,64.37968546504453,-10.594875077468052,-9.942830259499809,-9.329345277107127,148.96957528675784,-1.0,-0.7759856010725446,SKIP,MOS -100% below watch threshold 10%,Interest coverage -64.7x,367.74128543443834,,1.45,2026-03-31,Industrials | Industrial Services | Business Support Services | Business Support Services,10,13.35995628193082,9.538398395217746,1.4057675482565506
NAYZ,Hassana Boga Sejahtera Tbk.,Consumer Cyclicals,Ordinary,58.0,,,,,,,,,,False,,,,,,,,,,,,SKIP,No usable intrinsic value - cannot assess margin of safety,,,,,,Consumer Cyclicals | Consumer Services | Tourism & Recreation,9,17.933020637857847,13.102684494262084,1.5661740593254243
NCKL,Trimegah Bangun Persada Tbk.,Basic Materials,Cyclical,945.0,93.3,87.3,79.5,86.7,6,5.576219416666962,0.19555056451400057,0.25523382668090905,5.113766879094866,False,-4.899880326459883,900.8985399850443,1080.742733497297,1758.3048357561302,2473.9024339831685,0.12560133812607907,0.46255053118043765,0.6180124215818491,1440.3596110666663,0.34391384433490535,0.5241900646208109,BUY,"MOS 34%, quality and balance sheet both pass",,2127.497913076394,,0.45,2026-06-30,Basic Materials | Metals & Minerals | Diversified Metals & Minerals | Diversified Metals & Minerals,9,12.449518149274448,9.956241790640217,2.128841754446317
NELY,Pelayaran Nelly Dwi Putri Tbk.,Transportation & Logistic,Cyclical,200.0,,,,,,,,,,False,,,,,,,,,,,,SKIP,No usable intrinsic value - cannot assess margin of safety,,,,,,Transportation & Logistic | Transportation | Passenger Marine Transportation | Passenger Marine Transportation,10,18.1436746865216,9.323868477410677,1.8682050333418738
NEST,Esta Indonesia Tbk.,Consumer Cyclicals,Ordinary,725.0,23.3,88.9,18.8,43.7,4,13.077702907402745,0.010445098717719653,0.07885219693911812,95.73868347491478,False,55.8791631021241,50.46924879228637,,,,,,,60.55594481807556,-1.0,-0.9164745588716199,SKIP,MOS -100% below watch threshold 10%,,74.67731925418043,,0.45,2026-06-30,Consumer Cyclicals | Retailing | Specialty Retail | Specialty Stores,6,10.582498513763287,10.050352905588877,2.8584492925773355
NETV,MDTV Media Technologies Tbk.,Consumer Cyclicals,Ordinary,54.0,23.3,26.8,20.0,23.4,2,-16.055169507334192,-0.09206219548283157,-0.6292863722506967,-10.862221944147393,False,1.3446217099426816,,,,,,,,19.61307648973844,-1.0,-0.6367948798196585,SKIP,MOS -100% below watch threshold 10%,Interest coverage -43.4x,19.61307648973844,,1.45,2026-03-31,Consumer Cyclicals | Media & Entertainment | Media | Broadcasting,5,2.9402451161671346,9.771295333376617,2.0515302456242384
NFCX,NFC Indonesia Tbk.,Technology,Ordinary,1520.0,16.7,45.6,20.0,27.4,7,1.2799031474142324,-0.008077081279845362,-0.019387430152951787,-123.80709879635447,False,262.5937011082193,,,,,,,,822.1219441050235,-0.8488741371022505,-0.4591302999309056,SKIP,MOS -85% below watch threshold 10%,Net debt/EBITDA 49.3x; Interest coverage -1.3x,822.1219441050235,,0.45,2026-06-30,Technology | Software & IT Services | Online Applications & Services | Online Applications & Services,4,21.198769120872733,15.304424115402707,2.0753128335742566
NICE,Adhi Kartiko Pratama Tbk.,Industrials,Cyclical,266.0,51.7,42.3,18.3,37.4,6,-0.7867211013274173,0.025593372381539255,0.08860183756522927,39.072615562039395,False,-50.198954358251946,26.236590607465402,,,,,,,33.47191702496849,-1.0,-0.8741657254700432,SKIP,MOS -100% below watch threshold 10%,,45.53079438747365,,1.45,2026-03-31,Industrials | Industrial Services | Business Support Services | Business Support Services,10,13.35995628193082,9.538398395217746,1.4057675482565506
NICK,Charnic Capital Tbk.,Financials,Financial,1535.0,,,,,,,,,,False,,,,,,,,,,,,SKIP,No usable intrinsic value - cannot assess margin of safety,,,,,,Financials | Holding & Investment Companies | Investment Companies | Investment Companies,13,14.566398170997925,15.07996983497698,0.7997799244128763
NICL,PAM Mineral Tbk.,Basic Materials,Cyclical,480.0,83.3,100.0,38.2,73.8,9,10.959277106783453,0.06595901462899446,0.4920521339558433,15.160929944523717,False,17.401395895327394,211.6818522363557,205.3675002859968,312.4923957939319,426.76805349827583,-1.3372734212158557,-0.5360373771031801,-0.12473273494905407,248.89291679348537,-0.9285402179535377,-0.4814730900135722,SKIP,MOS -93% below watch threshold 10%,,268.5117050550706,,0.45,2026-06-30,Basic Materials | Metals & Minerals | Diversified Metals & Minerals | Diversified Metals & Minerals,9,12.449518149274448,9.956241790640217,2.128841754446317
NIKL,Pelat Timah Nusantara Tbk.,Basic Materials,Cyclical,206.0,16.7,65.8,64.2,48.9,8,3.040637126472219,0.1208699795307737,0.06804211233103344,8.273352935791623,False,194.0422876886518,,,,,,,,143.51025144861498,-0.4354375239441343,-0.3033482939387623,SKIP,MOS -44% below watch threshold 10%,Net debt/EBITDA 9.7x,143.51025144861498,,0.45,2026-06-30,Basic Materials | Metals & Minerals | Iron & Steel | Iron & Steel,4,9.266482273796075,7.211822702853995,0.53559173397186
NINE,Techno9 Indonesia Tbk.,Technology,Ordinary,74.0,,,,,,,,,,False,,,,,,,,,,,,SKIP,No usable intrinsic value - cannot assess margin of safety,,,,,,Technology | Software & IT Services | IT Services & Consulting | IT Services & Consulting,5,7.905805643427312,6.074486307476839,2.0568949537989996
NIRO,City Retail Developments Tbk.,Properties & Real Estate,Cyclical,163.0,70.0,26.1,18.3,38.1,5,0.037675266704189414,0.029275928672365555,0.03197525674736091,34.15775503456294,False,-326.4066595565978,,,,,,,,58.058221968918524,-1.0,-0.6438145891477391,SKIP,MOS -100% below watch threshold 10%,Net debt/EBITDA 13.7x; Interest coverage 0.5x,58.05822196891852,,1.45,2026-03-31,Properties & Real Estate | Real Estate | Real Estate Development | Real Estate Development,35,12.379916854923529,9.504502268830333,0.7706297288148782
NISP,Bank OCBC NISP Tbk.,Financials,Financial,1285.0,73.3,75.8,100.0,83.0,6,,,,,False,,,10019.605029533686,15491.426703753494,21341.30000299037,0.8717514316969235,0.917050893725066,0.9397881103859679,2089.4407148196156,0.38500289054100495,0.6260239025833585,BUY,"MOS 39%, quality and balance sheet both pass",,2298.9799117286784,1879.9015179105525,0.45,2026-06-30,Financials | Banks | Banks | Banks,39,13.481315257379515,,0.7861812292608251
NOBU,Bank Nationalnobu Tbk.,Financials,Financial,520.0,90.0,73.9,85.0,83.0,7,,,,,False,,,4798.619834635861,7315.203764708844,9973.058166679286,0.8916355081420073,0.9289151721912838,0.9478595239986308,729.9486294204704,0.2876211023057271,0.40374736427013547,WATCH,MOS 29% attractive but short of buy threshold 30%,,763.0941758941193,696.8030829468215,0.45,2026-06-30,Financials | Banks | Banks | Banks,39,13.481315257379515,,0.7861812292608251
NPGF,Nusa Palapa Gemilang Tbk.,Properties & Real Estate,Cyclical,58.0,,,,,,,,,,False,,,,,,,,,,,,SKIP,No usable intrinsic value - cannot assess margin of safety,,,,,,Properties & Real Estate | Real Estate | Real Estate Development | Real Estate Development,35,12.379916854923529,9.504502268830333,0.7706297288148782
NRCA,Nusa Raya Cipta Tbk.,Infrastructures,Cyclical,535.0,58.3,85.9,79.5,74.6,4,4.82743677283078,0.1816185800342445,0.22643504840352227,5.506044589774065,False,408.45736170690776,399.95699126860507,496.6490343438696,713.980197496045,943.9971125189122,-0.07721945076727363,0.2506794980081173,0.43326097833876404,531.5697258454079,-0.006453102928569895,-0.00641172739176088,SKIP,MOS -1% below watch threshold 10%,,629.317302372988,,1.45,2026-03-31,Infrastructures | Heavy Constructions & Civil Engineering | Heavy Constructions & Civil Engineering | Heavy Constructions & Civil Engineering,7,9.058166174021757,7.094076259920247,0.8993139336443662
NSSS,Nusantara Sawit Sejahtera Tbk.,Consumer Non-Cyclicals,Compounder,1035.0,88.3,88.0,25.0,67.1,9,3.9482027711743513,0.033549283737951796,0.27852783435542544,29.806895664624125,False,-29.444865741467005,56.343533855455654,60.48202426327985,125.9699449520668,195.13408297210702,-16.11252248262422,-7.216245552808894,-4.304045219757666,119.9466018325353,-1.0,-0.8841095634468258,SKIP,MOS -100% below watch threshold 10%,,199.3535480091964,,0.45,2026-06-30,Consumer Non-Cyclicals | Food & Beverage | Agricultural Products | Plantations & Crops,26,8.531657563897525,6.89544177076508,1.5596099814498379
NTBK,Nusatama Berkah Tbk.,Industrials,Cyclical,94.0,,,,,,,,,,False,,,,,,,,,,,,SKIP,No usable intrinsic value - cannot assess margin of safety,,,,,,Industrials | Industrial Services | Business Support Services | Business Support Services,10,13.35995628193082,9.538398395217746,1.4057675482565506
NUSA,Sinergi Megah Internusa Tbk.,Properties & Real Estate,Cyclical,50.0,,,,,,,,,,False,,,,,,,,,,,,SKIP,No usable intrinsic value - cannot assess margin of safety,,,,,,Properties & Real Estate | Real Estate | Real Estate Development | Real Estate Development,35,12.379916854923529,9.504502268830333,0.7706297288148782
NZIA,Nusantara Almazia Tbk.,Consumer Cyclicals,Ordinary,140.0,,,,,,,,,,False,,,,,,,,,,,,SKIP,No usable intrinsic value - cannot assess margin of safety,,,,,,Consumer Cyclicals | Retailing | Specialty Retail | Specialty Stores,6,10.582498513763287,10.050352905588877,2.8584492925773355
OASA,Maharaksa Biru Energi Tbk.,Energy,Cyclical,340.0,43.3,66.7,32.5,47.5,6,6.857621165159467,-0.025704170462793073,-0.09824188732437927,-38.904192665836284,False,6.233341874502792,,37.721734621649595,61.01547626771572,86.43920192062521,-8.013371294035458,-4.572356733039213,-2.9334004993731067,101.62606728143211,-1.0,-0.7010998021134349,SKIP,MOS -100% below watch threshold 10%,Interest coverage -30.7x,128.6997946239097,,1.45,2026-03-31,"Energy | Oil, Gas & Coal | Oil & Gas | Oil & Gas Production & Refinery",9,15.064036542847035,8.411588499041516,1.5179638241818716
OBAT,Brigit Biofarmaka Teknologi Tbk.,Healthcare,Ordinary,246.0,,,,,,,,,,False,,,,,,,,,,,,SKIP,No usable intrinsic value - cannot assess margin of safety,,,,,,Healthcare | Pharmaceuticals & Health Care Research,6,9.281741633694939,7.472695760741151,1.469293510764925
OBMD,OBM Drilchem Tbk.,Energy,Cyclical,200.0,,,,,,,,,,False,,,,,,,,,,,,SKIP,No usable intrinsic value - cannot assess margin of safety,,,,,,"Energy | Oil, Gas & Coal | Oil, Gas & Coal Supports",7,6.627479646647261,5.501228771270055,1.349479823824487
OCAP,Onix Capital Tbk.,Financials,Financial,159.0,,,,,,,,,,False,,,,,,,,,,,,SKIP,No usable intrinsic value - cannot assess margin of safety,,,,,,Financials | Investment Service | Investment Services,6,21.010299838295108,8.82707394421313,2.9306073595903257
OILS,Indo Oil Perkasa Tbk.,Energy,Cyclical,232.0,,,,,,,,,,False,,,,,,,,,,,,SKIP,No usable intrinsic value - cannot assess margin of safety,,,,,,"Energy | Oil, Gas & Coal | Oil & Gas | Oil & Gas Production & Refinery",9,15.064036542847035,8.411588499041516,1.5179638241818716
OKAS,Ancora Indonesia Resources Tbk.,Energy,Cyclical,120.0,,,,,,,,,,False,,,,,,,,,,,,SKIP,No usable intrinsic value - cannot assess margin of safety,,,,,,"Energy | Oil, Gas & Coal | Oil & Gas | Oil & Gas Production & Refinery",9,15.064036542847035,8.411588499041516,1.5179638241818716
OLIV,Oscar Mitra Sukses Sejahtera Tbk.,Consumer Cyclicals,Ordinary,49.0,,,,,,,,,,False,,,,,,,,,,,,SKIP,No usable intrinsic value - cannot assess margin of safety,,,,,,Consumer Cyclicals | Retailing | Specialty Retail,13,10.582498513763287,8.450289443602555,1.4759097575188527
OMED,Jayamas Medica Industri Tbk.,Healthcare,Compounder,226.0,73.3,95.6,54.8,74.6,7,12.532940158155888,0.10762292691428592,0.2911966728260582,9.291700464497026,False,73.64627711941749,134.12795455638917,101.18216750749406,138.62815949493694,178.7524997173002,-1.2335951637254787,-0.6302604090206804,-0.26431798356622954,166.8010305185789,-0.3549076962976395,-0.26194234283814644,SKIP,MOS -35% below watch threshold 10%,,257.61993050347166,,0.45,2026-06-30,Healthcare | Healthcare Equipment & Providers,13,16.840987863391035,13.225963690802068,1.1344092618910333
OMRE,Indonesia Prima Property Tbk.,Properties & Real Estate,Cyclical,975.0,36.7,46.1,20.0,34.3,4,4.525354862344168,-0.05274028024963587,-0.04589845434521034,-18.960839708600226,False,-232.75485712503408,,,,,,,,838.9943227949327,-0.16210559894135285,-0.13949300226160743,SKIP,MOS -16% below watch threshold 10%,Interest coverage -103.8x,838.9943227949327,,0.45,2026-06-30,Properties & Real Estate | Real Estate | Real Estate Development | Real Estate Development,35,12.379916854923529,9.504502268830333,0.7706297288148782
OPMS,Optima Prima Metal Sinergi Tbk.,Basic Materials,Cyclical,136.0,,,,,,,,,,False,,,,,,,,,,,,SKIP,No usable intrinsic value - cannot assess margin of safety,,,,,,Basic Materials | Metals & Minerals | Iron & Steel | Iron & Steel,4,9.266482273796075,7.211822702853995,0.53559173397186
PACK,Abadi Nusantara Hijau Investama Tbk.,Basic Materials,Cyclical,274.0,80.0,29.2,,54.6,3,,,,,False,-85.12741790366418,2.890525492164099,3.247128879346865,3.995425440510182,4.785728233634027,-83.38223741064229,-67.57842902582422,-56.25356447830281,3.162045540305878,-1.0,-0.9884596878091026,SKIP,MOS -100% below watch threshold 10%,,3.058992353739306,,2.43,2025-12-31,Basic Materials | Containers & Packaging | Containers & Packaging | Containers & Packaging,9,19.006084751788784,13.236591015696982,0.9401486583379153
PADA,Personel Alih Daya Tbk.,Industrials,Cyclical,190.0,,,,,,,,,,False,,,,,,,,,,,,SKIP,No usable intrinsic value - cannot assess margin of safety,,,,,,Industrials | Industrial Services,11,13.331078119560926,9.407127354276275,1.6851565507469584
PADI,Minna Padi Investama Sekuritas Tbk.,Financials,Financial,72.0,55.0,60.6,20.0,45.2,6,10.1824763602389,-0.018084716762266587,-0.09670315474993064,-55.29530891445758,False,7.41338640232756,,5.8612030750399935,9.049678349097725,12.417141258424364,-11.284167444498365,-6.956083876415185,-4.798436089397941,30.71996455203075,-1.0,-0.5733338256662396,SKIP,MOS -100% below watch threshold 10%,Interest coverage -7.3x,30.71996455203075,,0.45,2026-06-30,Financials | Investment Service | Investment Services | Investment Banking & Brokerage Services,4,19.145500860475803,10.882301928835526,2.9574084099589757
PALM,Provident Investasi Bersama Tbk.,Financials,Financial,290.0,75.0,80.9,85.0,80.3,7,2.816717869440902,0.11234809646846985,0.10650301885019277,8.900907371231224,False,-188.3244446876787,,294.7184183120273,584.7845042042878,891.1336841534423,0.016009920041820367,0.5040908267660051,0.6745718345553353,368.95111340262224,0.2139880069055813,0.27224521862973194,WATCH,MOS 21% attractive but short of buy threshold 30%,Trailing EBIT -1.2x mid-cycle - possible peak earnings,516.6974609821843,221.2047658230601,0.45,2026-06-30,Financials | Holding & Investment Companies | Investment Companies | Investment Companies,13,14.566398170997925,15.07996983497698,0.7997799244128763
PAMG,Bima Sakti Pertiwi Tbk.,Industrials,Cyclical,56.0,,,,,,,,,,False,,,,,,,,,,,,SKIP,No usable intrinsic value - cannot assess margin of safety,,,,,,Industrials | Industrial Services | Business Support Services | Business Support Services,10,13.35995628193082,9.538398395217746,1.4057675482565506
PANI,Pantai Indah Kapuk Dua Tbk.,Properties & Real Estate,Cyclical,6250.0,83.3,95.6,18.8,65.9,7,4.90679160384545,0.025668624959242624,0.09247992666989711,38.95806657301778,False,911.1712156168005,593.3408866014953,589.9467663819344,811.7176290440525,1045.9377782358174,-9.594176214119157,-6.69972189388141,-4.975498858585901,920.6942248931264,-1.0,-0.8526889240170998,SKIP,MOS -100% below watch threshold 10%,Trailing EBIT 2.8x mid-cycle - possible peak earnings,1538.9341859452272,,0.45,2026-06-30,Properties & Real Estate | Real Estate | Real Estate Development | Real Estate Development,35,12.379916854923529,9.504502268830333,0.7706297288148782
PANR,Panorama Sentrawisata Tbk.,Consumer Cyclicals,Ordinary,428.0,,,,,,,,,,False,,,,,,,,,,,,SKIP,No usable intrinsic value - cannot assess margin of safety,,,,,,Consumer Cyclicals | Consumer Services | Tourism & Recreation,9,17.933020637857847,13.102684494262084,1.5661740593254243
PANS,Panin Sekuritas Tbk.,Financials,Financial,1550.0,45.0,85.2,85.0,71.7,5,6.668651012785977,0.2645877103927466,0.148600793093506,3.779465034546117,False,846.605379435152,1840.3741597115165,1407.3401002503817,2238.1507645698885,3138.2333724233667,-0.1013684607752152,0.3074639901222795,0.5060915438538344,3315.9503443853832,0.5325623610062548,1.1393228028292794,BUY,"MOS 53%, quality and balance sheet both pass",,4626.839044811363,2005.0616439594035,0.45,2026-06-30,Financials | Investment Service | Investment Services | Investment Banking & Brokerage Services,4,19.145500860475803,10.882301928835526,2.9574084099589757
PART,Cipta Perdana Lancar Tbk.,Industrials,Cyclical,101.0,,,,,,,,,,False,,,,,,,,,,,,SKIP,No usable intrinsic value - cannot assess margin of safety,,,,,,Industrials | Industrial Services | Business Support Services | Business Support Services,10,13.35995628193082,9.538398395217746,1.4057675482565506
PBID,Panca Budi Idaman Tbk.,Basic Materials,Cyclical,535.0,56.7,90.3,89.5,78.8,6,10.172273057584052,0.1988416057993103,0.27258261462527555,5.029128566831704,False,188.53811873611784,433.14408386517397,331.8048938187473,525.5955255409173,734.9193033665744,-0.6123933370682912,-0.017892988052750466,0.2720289186183691,744.7846805011097,0.28167158373875434,0.3921208981329154,WATCH,MOS 28% attractive but short of buy threshold 30%,,1410.3117782011311,,0.45,2026-06-30,Basic Materials | Containers & Packaging | Containers & Packaging | Containers & Packaging,9,19.006084751788784,13.236591015696982,0.9401486583379153
PBRX,Pan Brothers Tbk.,Consumer Cyclicals,Ordinary,27.0,16.7,50.4,20.0,29.0,6,-2.1065238215725115,-1.656885804986657,-0.34185012230361644,-0.6035418958810218,False,2.602677849359272,42.53177045627905,,29.135340402526374,68.38230345763523,,0.07329038799701874,0.6051610046051277,45.57725712301914,0.4075992785804689,0.68804656011182,WATCH,Cheap but business economics poor - value trap risk,Interest coverage -21.8x,76.14800520924369,,0.45,2026-06-30,Consumer Cyclicals,49,11.174937874788398,8.450289443602555,1.219026001317649
PBSA,Paramita Bangun Sarana Tbk.,Infrastructures,Cyclical,750.0,86.7,95.6,85.2,89.2,7,7.82950108597491,0.17823813487451332,0.39522503933315317,5.610471635063055,False,227.9836709060916,540.2684641858741,697.9754296428919,1098.4026020627239,1521.3080772851458,-0.07453639218177878,0.3171902555660811,0.5070032091472134,738.3071328292199,-0.015837402418113752,-0.015590489561040144,SKIP,MOS -2% below watch threshold 10%,,828.3079344124603,,1.45,2026-03-31,Infrastructures | Heavy Constructions & Civil Engineering | Heavy Constructions & Civil Engineering | Heavy Constructions & Civil Engineering,7,9.058166174021757,7.094076259920247,0.8993139336443662
PCAR,Prima Cakrawala Abadi Tbk.,Consumer Cyclicals,Ordinary,44.0,31.7,62.1,20.0,37.9,3,3.134925419768827,-0.030980940254946264,-0.024053388058871524,-32.27790995918353,False,36.00659765180314,2.3677284896279436,,1.9398948867224644,10.57999764291414,,-21.68164131013299,-3.1587910966566817,25.350232618591065,-0.7356842701211262,-0.4238583495774758,SKIP,MOS -74% below watch threshold 10%,Interest coverage -2.0x,94.9822787701292,,0.45,2026-06-30,Consumer Cyclicals | Retailing | Specialty Retail,13,10.582498513763287,8.450289443602555,1.4759097575188527
PDES,Destinasi Tirta Nusantara Tbk.,Consumer Cyclicals,Ordinary,442.0,,,,,,,,,,False,,,,,,,,,,,,SKIP,No usable intrinsic value - cannot assess margin of safety,,,,,,Consumer Cyclicals | Consumer Services | Tourism & Recreation,9,17.933020637857847,13.102684494262084,1.5661740593254243
PDPP,Primadaya Plastisindo Tbk.,Basic Materials,Cyclical,310.0,70.0,88.0,55.0,71.0,9,4.370837464615338,0.09707537767148675,0.21675005857110008,10.301273340229535,False,14.831367195588546,40.73585651014978,,,14.525768482743484,,,-20.34138378759636,138.65372004506713,-1.0,-0.5527299353384931,SKIP,MOS -100% below watch threshold 10%,Trailing EBIT 2.5x mid-cycle - possible peak earnings,301.8501592699294,,0.45,2026-06-30,Basic Materials | Chemicals | Specialty Chemical | Specialty Chemical,8,13.16483991901313,10.120677959093147,1.520943283857289
PEGE,Panca Global Kapital Tbk.,Financials,Financial,105.0,15.0,66.7,20.0,33.9,3,9.376831139106198,-0.13658431747284247,-0.37389449197486824,-7.321484768548435,False,30.56984765370339,,,,,,,,105.96911088035434,0.009145220454369215,0.009229627431946108,SKIP,MOS 1% below watch threshold 10%,,105.96911088035434,,0.45,2026-06-30,Financials | Investment Service | Investment Services,6,21.010299838295108,8.82707394421313,2.9306073595903257
PEHA,Phapros Tbk.,Healthcare,Ordinary,262.0,50.0,58.8,84.2,64.3,8,1.755404420022011,0.12595295655452945,0.10586811295760787,7.93947222324285,False,-385.36246490291484,,,30.802720655356772,315.72901678050937,,-7.5057421690585855,0.17017446583904283,169.02574714741127,-0.550059706415637,-0.3548635605060638,SKIP,MOS -55% below watch threshold 10%,Net debt/EBITDA 4.9x,390.1825895346985,,1.45,2026-03-31,Healthcare | Pharmaceuticals & Health Care Research | Pharmaceuticals | Pharmaceuticals,6,9.281741633694939,7.472695760741151,1.469293510764925
PEVE,Penta Valent Tbk.,Industrials,Cyclical,338.0,,,,,,,,,,False,,,,,,,,,,,,SKIP,No usable intrinsic value - cannot assess margin of safety,,,,,,Industrials | Industrial Services | Business Support Services | Business Support Services,10,13.35995628193082,9.538398395217746,1.4057675482565506
PGAS,Perusahaan Gas Negara Tbk.,Infrastructures,Cyclical,1520.0,51.7,95.6,95.5,80.9,7,3.025008151601891,0.2509340089777091,0.1246632359762933,3.985111480400537,False,-285.2647472655854,3231.6637101898154,1970.939342750288,2998.3534145644176,4103.27216317398,0.22879412520176207,0.4930550906318639,0.6295639334768758,2923.026512536334,0.4799910320754896,0.9230437582475881,BUY,"MOS 48%, quality and balance sheet both pass",,2358.413248428475,,1.45,2026-03-31,Infrastructures,25,12.870236190348713,9.545566482669326,1.1282779370377245
PGEO,Pertamina Geothermal Energy Tbk.,Energy,Cyclical,1090.0,58.3,92.6,53.8,68.2,7,4.315013679689786,0.09493033662089755,0.1167399817225329,10.53404038788444,False,-40.89950538046047,632.5134587023075,280.98903162000863,465.5390867884642,663.9423889590925,-2.879154975252007,-1.3413716075258015,-0.6417087056436733,655.9886325042527,-0.661614159133975,-0.39817556650985997,SKIP,MOS -66% below watch threshold 10%,,822.0802859846868,,0.45,2026-06-30,Energy,48,12.769743421191965,8.117437974233383,1.3229373691448352
PGJO,Bahtera Bumi Raya Tbk.,Energy,Cyclical,775.0,,,,,,,,,,False,,,,,,,,,,,,SKIP,No usable intrinsic value - cannot assess margin of safety,,,,,,"Energy | Oil, Gas & Coal | Coal | Coal Production",26,15.378032536083092,8.15902719908333,1.327597648369335
PGLI,Pembangunan Graha Lestari Indah Tbk.,Properties & Real Estate,Cyclical,218.0,43.3,41.8,20.0,35.0,2,-3.700249656347725,-0.015152039942109764,-0.051316749627810916,-65.997714091345,False,-39.08752748894221,,,,,,,,20.710676315223882,-1.0,-0.9049968976365876,SKIP,MOS -100% below watch threshold 10%,,20.710676315223882,,0.45,2026-06-30,Properties & Real Estate | Real Estate | Real Estate Development | Real Estate Development,35,12.379916854923529,9.504502268830333,0.7706297288148782
PGUN,Pradiksi Gunatama Tbk.,Properties & Real Estate,Cyclical,7600.0,36.7,85.8,18.8,47.1,8,5.524149379278762,0.004784820232380391,0.09163004847547698,208.994267586624,False,-35.703037552980454,105.4625628014954,34.171631875058985,82.36350894589421,134.962060091694,-221.40670354250918,-91.2738734333496,-55.312122049978456,156.9998053866945,-1.0,-0.9793421308701717,SKIP,MOS -100% below watch threshold 10%,,292.6527406558932,,0.45,2026-06-30,Properties & Real Estate | Real Estate | Real Estate Development | Real Estate Development,35,12.379916854923529,9.504502268830333,0.7706297288148782
PICO,Pelangi Indah Canindo Tbk.,Basic Materials,Cyclical,133.0,31.7,31.1,18.8,27.2,5,0.7133166384714131,0.03556157419057625,0.013354853260203168,28.12023997140706,False,-464.91531957951105,5.234387548880395,,17.679434456485946,97.44187888136062,,-6.52286507395643,-0.36491620981500994,73.36636747916972,-0.8128197506542972,-0.448373176848348,SKIP,MOS -81% below watch threshold 10%,Net debt/EBITDA 14.1x; Normalised EBIT 2.9x trailing - valuation assumes cycle recovery,224.04428937810778,,0.45,2026-06-30,Basic Materials | Containers & Packaging | Containers & Packaging | Containers & Packaging,9,19.006084751788784,13.236591015696982,0.9401486583379153
PIPA,Multi Makmur Lemindo Tbk.,Basic Materials,Cyclical,129.0,36.7,38.3,20.0,31.7,3,-0.8287159731962874,-0.0472740566987296,-0.3031279963206973,-21.153251272105724,False,2.614062275868094,2.7936625851464405,1.300939683160392,2.7795066886951965,4.393274132299911,-98.15909374569802,-45.41111335499516,-28.36306638631438,7.760724710174642,-1.0,-0.9398393433319795,SKIP,MOS -100% below watch threshold 10%,Interest coverage -15.4x,19.359973599541277,,1.45,2026-03-31,Basic Materials | Chemicals | Basic Chemicals | Basic Chemicals,8,8.598946032361429,6.137238035447713,1.0540245818465046
PJAA,Pembangunan Jaya Ancol Tbk.,Consumer Cyclicals,Ordinary,454.0,73.3,78.1,96.2,82.5,5,3.897601814411546,0.2101388471025608,0.08944358585553935,4.758758381842354,False,-580.4112696368218,921.7389060965752,643.577988392583,1189.1586266336246,1774.2282817941639,0.2945687885722722,0.6182174607897154,0.7441141003902279,1238.7719961841067,0.6335080213320172,1.728572678819618,BUY,"MOS 63%, quality and balance sheet both pass",,1761.9997135874214,,0.45,2026-06-30,Consumer Cyclicals | Consumer Services | Tourism & Recreation,9,17.933020637857847,13.102684494262084,1.5661740593254243
PJHB,Pelayaran Jaya Hidup Baru Tbk.,Transportation & Logistic,Cyclical,175.0,,,,,,,,,,False,,,,,,,,,,,,SKIP,No usable intrinsic value - cannot assess margin of safety,,,,,,Transportation & Logistic | Transportation | Passenger Marine Transportation | Passenger Marine Transportation,10,18.1436746865216,9.323868477410677,1.8682050333418738
PKPK,Paragon Karya Perkasa Tbk.,Energy,Cyclical,3850.0,80.0,62.3,25.0,55.8,6,1.0290280743379987,0.03637876498014069,0.3521488504017642,27.488563741674678,False,-72.13758074312577,243.71109372622215,,,,,,,613.5460670397149,-1.0,-0.8406373851844896,SKIP,MOS -100% below watch threshold 10%,Trailing EBIT 22.1x mid-cycle - possible peak earnings,1229.9376892288699,,0.45,2026-06-30,"Energy | Oil, Gas & Coal | Coal | Coal Production",26,15.378032536083092,8.15902719908333,1.327597648369335
PLAN,Planet Properindo Jaya Tbk.,Properties & Real Estate,Cyclical,38.0,,,,,,,,,,False,,,,,,,,,,,,SKIP,No usable intrinsic value - cannot assess margin of safety,,,,,,Properties & Real Estate | Real Estate | Real Estate Development | Real Estate Development,35,12.379916854923529,9.504502268830333,0.7706297288148782
PLAS,Polaris Investama Tbk.,Financials,Financial,50.0,,,,,,,,,,False,,,,,,,,,,,,SKIP,No usable intrinsic value - cannot assess margin of safety,,,,,,Financials | Holding & Investment Companies | Investment Companies | Investment Companies,13,14.566398170997925,15.07996983497698,0.7997799244128763
PLIN,Plaza Indonesia Realty Tbk.,Properties & Real Estate,Cyclical,2510.0,66.7,92.6,55.0,71.4,7,11.212735405837197,0.08163027274595447,0.05902015643808099,12.250357206475941,False,-111.4965675634122,1355.0068108624346,1577.7678058847846,2444.43230310446,3369.081913704904,-0.5908551249671594,-0.026823281958869603,0.25498991586114056,1852.2566258793004,-0.35510380415481396,-0.2620491530361353,SKIP,MOS -36% below watch threshold 10%,,2286.222532757304,,1.45,2026-03-31,Properties & Real Estate | Real Estate | Real Estate Development | Real Estate Development,35,12.379916854923529,9.504502268830333,0.7706297288148782
PMJS,Putra Mandiri Jembar Tbk.,Industrials,Cyclical,119.0,23.3,82.3,90.5,65.4,6,2.194776201154822,0.4502122856019089,0.09364888379679662,2.2211743925713963,False,75.9248065645757,204.51332065668907,134.0615565712426,168.386230752351,205.7551824936169,0.11234806574275917,0.29329138452528414,0.42164275738866647,201.73769781312922,0.41012512143253277,0.6952747715389009,WATCH,Cheap but business economics poor - value trap risk,,219.3459711143816,,1.45,2026-03-31,Industrials | Industrial Services | Business Support Services | Business Support Services,10,13.35995628193082,9.538398395217746,1.4057675482565506
PMMP,Panca Mitra Multiperdana Tbk.,Consumer Non-Cyclicals,Ordinary,50.0,,,,,,,,,,False,,,,,,,,,,,,SKIP,No usable intrinsic value - cannot assess margin of safety,,,,,,"Consumer Non-Cyclicals | Food & Beverage | Agricultural Products | Fish, Meat & Poultry",9,8.671024281367984,16.396383712344086,1.245367442390432
PMUI,Prima Multi Usaha Indonesia Tbk.,Industrials,Cyclical,99.0,,,,,,,,,,False,,,,,,,,,,,,SKIP,No usable intrinsic value - cannot assess margin of safety,,,,,,Industrials | Industrial Services | Business Support Services | Business Support Services,10,13.35995628193082,9.538398395217746,1.4057675482565506
PNBN,Bank Pan Indonesia Tbk.,Financials,Financial,900.0,50.0,77.8,92.5,73.4,5,,,,,False,,,2051.215660545636,3260.2021183624765,4573.476892953613,0.5612357991842777,0.7239434957326973,0.8032131743386227,1362.3209333393556,0.33936271698189563,0.5136899259326173,BUY,"MOS 34%, quality and balance sheet both pass",,1611.0008230813974,1113.6410435973137,0.45,2026-06-30,Financials | Banks | Banks | Banks,39,13.481315257379515,,0.7861812292608251
PNBS,Bank Panin Dubai Syariah Tbk.,Financials,Financial,50.0,43.3,70.3,57.5,57.0,5,,,,,False,,,54.52263371010186,68.80938668731581,84.40252297613166,0.08294965599330378,0.27335495334073506,0.4076006470311369,42.97343663739589,-0.16350945868940642,-0.1405312672520822,SKIP,MOS -16% below watch threshold 10%,,42.74759992420324,43.19927335058855,0.45,2026-06-30,Financials | Banks | Banks | Banks,39,13.481315257379515,,0.7861812292608251
PNGO,Pinago Utama Tbk.,Consumer Non-Cyclicals,Ordinary,3550.0,68.3,94.0,80.0,80.8,9,7.495973102667369,0.1506273944847117,0.31470906362949597,6.63889861084663,False,-47.58682584443619,2208.349424273663,1052.1210487949618,1824.1440238315356,2653.627134571183,-2.3741364684852213,-0.9461182634819473,-0.33779156602333577,2408.6060310790917,-0.4738815539748302,-0.3215194278650446,SKIP,MOS -47% below watch threshold 10%,,3624.1044922027822,,0.45,2026-06-30,Consumer Non-Cyclicals | Food & Beverage | Agricultural Products | Plantations & Crops,26,8.531657563897525,6.89544177076508,1.5596099814498379
PNIN,Paninvest Tbk.,Financials,Financial,720.0,15.0,50.3,100.0,55.1,5,,,,,False,,18145.08724857406,14014.484666712851,20345.09281166809,27211.115698267058,0.948624582557064,0.9646106308452388,0.9735402249586608,2946.1727326704195,0.7556151436689899,3.09190657315336,WATCH,Cheap but business economics poor - value trap risk,,3739.34518102102,2153.0002843198185,0.45,2026-06-30,Financials | Holding & Investment Companies | Investment Companies | Investment Companies,13,14.566398170997925,15.07996983497698,0.7997799244128763
PNLF,Panin Financial Tbk.,Financials,Financial,232.0,37.5,70.3,100.0,69.3,5,,,,,False,,2167.5706577742076,1757.9366292320183,2611.9953438404477,3535.4571299834183,0.8680270971420894,0.9111790147149008,0.9343790657133245,565.9847576674231,0.5900949683589801,1.4395894727044096,BUY,"MOS 59%, quality and balance sheet both pass",,605.4982740270206,526.4712413078257,1.45,2026-03-31,Financials | Holding & Investment Companies,15,8.175491053429136,13.040271436914992,0.6884651097364434
PNSE,Pudjiadi & Sons Tbk.,Consumer Cyclicals,Ordinary,515.0,,,,,,,,,,False,,,,,,,,,,,,SKIP,No usable intrinsic value - cannot assess margin of safety,,,,,,"Consumer Cyclicals | Consumer Services | Tourism & Recreation | Hotels, Resorts & Cruise Lines",4,20.170262477240115,14.879103844859301,1.5661740593254243
POLA,Pool Advista Finance Tbk.,Financials,Financial,59.0,70.0,88.9,50.0,69.6,7,,,,,False,,,263.11257825133845,400.92703732588524,546.4778223918281,0.7757613855174943,0.8528410545880869,0.8920358748653909,19.189920727973636,-1.0,-0.6747471063055316,SKIP,MOS -100% below watch threshold 10%,,30.850368222436213,7.529473233511057,0.45,2026-06-30,Financials | Financing Service | Consumer Financing | Consumer Financing,10,7.989408923865265,19.754981122137107,0.6942929524188031
POLI,Pollux Hotels Group Tbk.,Consumer Cyclicals,Ordinary,785.0,70.0,59.1,26.2,51.8,5,2.6562830385352596,0.06674195587388944,0.054854615890199694,14.983079037862247,False,-430.2083783849304,,140.78812634698565,626.1610414249244,1138.78075719165,-4.575754293833652,-0.25367109747615957,0.3106662585905558,673.9890330409253,-0.16470737878064853,-0.14141524453385312,SKIP,MOS -16% below watch threshold 10%,Net debt/EBITDA 6.6x,750.5138196265267,,0.45,2026-06-30,"Consumer Cyclicals | Consumer Services | Tourism & Recreation | Hotels, Resorts & Cruise Lines",4,20.170262477240115,14.879103844859301,1.5661740593254243
POLL,Pollux Properties Indonesia Tbk.,Properties & Real Estate,Cyclical,112.0,36.7,60.6,18.8,38.7,7,3.514599084421088,0.032615955490626826,0.025126419500671904,30.659840711622877,False,-19.888507144541656,,,,20.659570524637186,,,-4.421216276806746,31.979250055353734,-1.0,-0.7144709816486274,SKIP,MOS -100% below watch threshold 10%,Net debt/EBITDA 7.8x,31.979250055353734,,1.45,2026-03-31,Properties & Real Estate | Real Estate | Real Estate Development | Real Estate Development,35,12.379916854923529,9.504502268830333,0.7706297288148782
POLU,Golden Flower Tbk.,Consumer Cyclicals,Ordinary,11900.0,40.0,40.1,20.0,33.4,5,0.37265550958600746,-0.0023522653673237375,-0.1702904685456324,-425.12210309746575,False,2.7541999619713575,,162.70727176160153,211.99142843458438,264.6749587210721,-72.13748101827842,-55.134345090617956,-43.96080799446095,206.850942437763,-1.0,-0.9826175678623729,SKIP,MOS -100% below watch threshold 10%,Interest coverage -6.8x,198.6261648428488,,0.45,2026-06-30,Consumer Cyclicals,49,11.174937874788398,8.450289443602555,1.219026001317649
POLY,Asia Pacific Fibers Tbk.,Basic Materials,Cyclical,32.0,,,,,,,,,,False,,,,,,,,,,,,SKIP,No usable intrinsic value - cannot assess margin of safety,,,,,,Basic Materials | Chemicals | Basic Chemicals | Basic Chemicals,8,8.598946032361429,6.137238035447713,1.0540245818465046
POOL,Pool Advista Indonesia Tbk.,Financials,Financial,50.0,,,,,,,,,,False,,,,,,,,,,,,SKIP,No usable intrinsic value - cannot assess margin of safety,,,,,,Financials | Holding & Investment Companies | Investment Companies | Investment Companies,13,14.566398170997925,15.07996983497698,0.7997799244128763
PORT,Nusantara Pelabuhan Handal Tbk.,Infrastructures,Cyclical,870.0,55.0,88.8,68.5,70.8,8,4.59525865487454,0.10903940405671893,0.1881836294812195,9.170996564506451,False,-104.5899666582028,250.33211724149817,132.37779451862275,282.4569636195061,444.94553560245964,-5.572099219235817,-2.0801152460590955,-0.9552954921145874,376.06435797240033,-1.0,-0.5677421172731031,SKIP,MOS -100% below watch threshold 10%,Trailing EBIT 2.2x mid-cycle - possible peak earnings,648.0230220925002,,0.45,2026-06-30,Infrastructures | Transportation Infrastructure | Transport Infrastructure Operator | Marine Ports & Services,4,12.572386079885195,6.980182185675244,1.4237127594541867
POSA,Bliss Properti Indonesia Tbk.,Properties & Real Estate,Cyclical,50.0,,,,,,,,,,False,,,,,,,,,,,,SKIP,No usable intrinsic value - cannot assess margin of safety,,,,,,Properties & Real Estate | Real Estate | Real Estate Development | Real Estate Development,35,12.379916854923529,9.504502268830333,0.7706297288148782
POWR,Cikarang Listrindo Tbk.,Infrastructures,Cyclical,765.0,65.0,86.6,88.8,80.1,7,5.0418475925091215,0.18389608758898768,0.11877653086229976,5.43785358955012,False,-62.724445751108796,661.0949225876607,527.2815894570438,975.0581943876493,1459.4443051126214,-0.4508376838791989,0.21543144357611282,0.4758278905744423,837.8313076184189,0.08692836726935625,0.09520432368420773,SKIP,MOS 9% below watch threshold 10%,,1040.9073581568623,,0.45,2026-06-30,Infrastructures,25,12.870236190348713,9.545566482669326,1.1282779370377245
PPGL,Prima Globalindo Logistik Tbk.,Transportation & Logistic,Cyclical,202.0,,,,,,,,,,False,,,,,,,,,,,,SKIP,No usable intrinsic value - cannot assess margin of safety,,,,,,Transportation & Logistic | Logistics & Deliveries | Logistics & Deliveries | Logistics & Deliveries,7,9.052415583885466,6.788313476605148,1.053034918368662
PPRE,PP Presisi Tbk.,Infrastructures,Cyclical,105.0,31.7,40.1,60.0,43.9,5,-0.5878507461415139,-0.31126064420262856,-0.415087695729514,-3.212741535511977,False,-7.688702625357549,77.75329642059559,43.70172416795728,169.0246073807846,304.00325309858056,-1.4026511996748054,0.37878867682589973,0.6546089591812652,97.15673261282954,-0.08072798638078894,-0.07469778463971866,SKIP,MOS -8% below watch threshold 10%,Interest coverage -3.3x,81.58387642124944,,0.45,2026-06-30,Infrastructures | Heavy Constructions & Civil Engineering | Heavy Constructions & Civil Engineering | Heavy Constructions & Civil Engineering,7,9.058166174021757,7.094076259920247,0.8993139336443662
PPRI,Paperocks Indonesia Tbk.,Consumer Cyclicals,Ordinary,148.0,,,,,,,,,,False,,,,,,,,,,,,SKIP,No usable intrinsic value - cannot assess margin of safety,,,,,,Consumer Cyclicals,49,11.174937874788398,8.450289443602555,1.219026001317649
PPRO,PP Properti Tbk.,Properties & Real Estate,Deep Value,17.0,16.7,50.4,32.5,33.2,6,-1.1570009729339554,-1.9099575443869785,-0.6380078684185941,-0.5235718474155722,True,53.41945928117111,,,,,,,,53.41945928117111,0.6817639072211269,2.1423211341865356,DEEP VALUE,Trades below 2/3 NCAV - Graham net-net,Interest coverage -33.3x,67.10642340999945,,0.45,2026-06-30,Properties & Real Estate | Real Estate | Real Estate Development | Real Estate Development,35,12.379916854923529,9.504502268830333,0.7706297288148782
PRAY,Famon Awal Bros Sedaya Tbk.,Healthcare,Ordinary,735.0,63.3,59.1,18.8,47.1,5,3.0989679677463373,0.03272053913313567,0.08406785403726375,30.561843615446815,False,-84.20856858637559,49.118693573910406,,,,,,,158.51510975897588,-1.0,-0.7843331840013934,SKIP,MOS -100% below watch threshold 10%,,311.67009241806755,,1.45,2026-03-31,Healthcare | Healthcare Equipment & Providers | Healthcare Providers | Healthcare Providers,8,26.02401022549359,18.815604339264357,1.336894058656226
PRDA,Prodia Widyahusada Tbk.,Healthcare,Ordinary,2380.0,58.3,95.6,83.8,79.2,7,13.853517581656485,0.15861312894744117,0.12224481569494802,6.304648339239086,False,842.3911442732921,3194.1782011687715,3247.655748892032,4733.253863667365,6336.720094385579,0.26716370698712166,0.4971746564727978,0.6244113729895198,4320.835892537945,0.4491806541159677,0.815477265772246,BUY,"MOS 45%, quality and balance sheet both pass",,5238.287906647715,,1.45,2026-03-31,Healthcare | Healthcare Equipment & Providers | Healthcare Providers | Healthcare Providers,8,26.02401022549359,18.815604339264357,1.336894058656226
PRIM,Royal Prima Tbk.,Healthcare,Ordinary,110.0,46.7,88.9,20.0,51.9,6,10.80274357387884,-0.07265913440814344,-0.025362193170568478,-13.762894481824748,False,23.278751796369775,,15.644125626514302,21.619769780937755,27.990767424061783,-6.031393292672587,-4.08793576964855,-2.9298672427766443,155.95178495678485,0.2946537929624746,0.41774349960713497,WATCH,MOS 29% attractive but short of buy threshold 30%,,370.88300923814023,,1.45,2026-03-31,Healthcare | Healthcare Equipment & Providers | Healthcare Providers | Healthcare Providers,8,26.02401022549359,18.815604339264357,1.336894058656226
PSAB,J Resources Asia Pasifik Tbk.,Basic Materials,Cyclical,498.0,100.0,100.0,96.2,98.7,9,8.845961920576551,0.5803315155339509,0.826481406915497,1.7231530138078421,False,167.14352703465968,392.345228715616,285.11218688659966,323.6028618410805,364.25424192821833,-0.746680860745087,-0.5389233493385017,-0.3671769403803902,1009.4275944534745,0.5066510934153452,1.0269630410712338,WATCH,"Cheap and sound, but flagged: Trailing EBIT 12.7x mid-cycle - possible peak earnings",Trailing EBIT 12.7x mid-cycle - possible peak earnings,2495.114692424835,,1.45,2026-03-31,Basic Materials | Metals & Minerals,19,12.449518149274448,8.573447831556207,2.228715086990508
PSAT,Pancaran Samudera Transport Tbk.,Transportation & Logistic,Cyclical,905.0,53.3,67.6,20.0,47.0,5,5.162800842704787,-0.006632867443817272,-0.007009298742429358,-150.76435771864175,False,120.07980366728445,898.6113439968311,,,,,,,1179.141493828122,0.23249244917852274,0.30291877771063214,WATCH,MOS 23% attractive but short of buy threshold 30%,Interest coverage -0.8x,1646.6917435469406,,0.45,2026-06-30,Transportation & Logistic | Transportation | Passenger Marine Transportation | Passenger Marine Transportation,10,18.1436746865216,9.323868477410677,1.8682050333418738
PSDN,Prasidha Aneka Niaga Tbk.,Consumer Non-Cyclicals,Ordinary,139.0,,,,,,,,,,False,,,,,,,,,,,,SKIP,No usable intrinsic value - cannot assess margin of safety,,,,,,Consumer Non-Cyclicals | Food & Beverage | Agricultural Products | Plantations & Crops,26,8.531657563897525,6.89544177076508,1.5596099814498379
PSGO,Palma Serasih Tbk.,Consumer Non-Cyclicals,Compounder,196.0,71.7,97.8,85.0,84.8,8,10.196737217508286,0.18655528276156338,0.26267456991987304,5.360341370113339,False,26.90977981740854,225.0825168210211,177.10588844864034,268.0737941240006,365.05966166678104,-0.10668257118305154,0.26885803724127555,0.4631014582517617,243.63496347166176,0.19551776474480598,0.24303552791664162,WATCH,MOS 20% attractive but short of buy threshold 30%,,230.50625973881668,,0.45,2026-06-30,Consumer Non-Cyclicals | Food & Beverage | Agricultural Products | Plantations & Crops,26,8.531657563897525,6.89544177076508,1.5596099814498379
PSKT,Red Planet Indonesia Tbk.,Consumer Cyclicals,Ordinary,230.0,43.3,55.1,20.0,39.5,5,4.350992486129057,-0.0027908437549079104,-0.019805995103038574,-358.314577174528,False,-2.037167751717877,,,,,,,,48.04414588349293,-1.0,-0.7911124092022046,SKIP,MOS -100% below watch threshold 10%,Interest coverage -14.7x,48.04414588349293,,0.45,2026-06-30,"Consumer Cyclicals | Consumer Services | Tourism & Recreation | Hotels, Resorts & Cruise Lines",4,20.170262477240115,14.879103844859301,1.5661740593254243
PSSI,IMC Pelita Logistik Tbk.,Transportation & Logistic,Cyclical,330.0,36.7,76.3,18.3,43.8,6,11.633540520426092,0.004973461201300769,0.004227315772335162,201.06721647661755,False,200.40988926442532,875.6187420499139,272.88566042076246,353.64160868863917,441.78189567210813,-0.20929769446724655,0.0668518865082254,0.25302507134668323,612.11768639467,0.4608879839044078,0.8549020799838487,WATCH,"Cheap and sound, but flagged: Interest coverage 0.4x",Interest coverage 0.4x; Normalised EBIT 70.3x trailing - valuation assumes cycle recovery,345.26664543995105,,0.45,2026-06-30,Transportation & Logistic | Logistics & Deliveries | Logistics & Deliveries | Logistics & Deliveries,7,9.052415583885466,6.788313476605148,1.053034918368662
PTBA,Bukit Asam Tbk.,Energy,Cyclical,2380.0,58.3,82.9,80.0,73.7,4,2.8353029930304974,0.16602302446360948,0.14029298019578132,6.023260949683455,False,-565.5975571344432,4278.138018998806,1536.818869397302,2348.783957677644,3227.4051508267166,-0.5486535514321023,-0.013290299527258636,0.2625654701609587,3547.3530139528903,0.32907720471047347,0.4904844596440716,BUY,"MOS 33%, quality and balance sheet both pass",,3128.424043059862,,1.45,2026-03-31,"Energy | Oil, Gas & Coal | Coal | Coal Production",26,15.378032536083092,8.15902719908333,1.327597648369335
PTDU,Djasa Ubersakti Tbk.,Infrastructures,Cyclical,70.0,,,,,,,,,,False,,,,,,,,,,,,SKIP,No usable intrinsic value - cannot assess margin of safety,,,,,,Infrastructures | Heavy Constructions & Civil Engineering | Heavy Constructions & Civil Engineering | Heavy Constructions & Civil Engineering,7,9.058166174021757,7.094076259920247,0.8993139336443662
PTIS,Indo Straits Tbk.,Energy,Cyclical,272.0,23.3,67.6,60.0,50.3,5,3.5259981602569757,-0.08574591443197574,-0.025220351094451775,-11.662363234732585,False,18.96756410149337,244.69996967113676,138.0949271722324,203.51286837157875,274.9126381080661,-0.9696596071248933,-0.33652482113993787,0.010594777046667395,328.6818048247092,0.17245190939285018,0.20838898832613673,WATCH,MOS 17% attractive but short of buy threshold 30%,Interest coverage -17.6x,552.0974877160836,,0.45,2026-06-30,"Energy | Oil, Gas & Coal | Oil, Gas & Coal Supports | Oil, Gas & Coal Equipment & Services",5,5.883864877834612,5.501228771270055,0.83296932786881
PTMP,Mitra Pack Tbk.,Basic Materials,Cyclical,67.0,63.3,67.6,52.5,61.1,5,3.4794513589760427,-0.2059108481494769,-0.27522813545280655,-4.856470695871593,False,40.24008702677128,15.380522855808406,,,,,,,28.552139506526164,-1.0,-0.5738486640816991,SKIP,MOS -100% below watch threshold 10%,Interest coverage -12.3x,50.5048339243891,,0.45,2026-06-30,Basic Materials | Containers & Packaging | Containers & Packaging | Containers & Packaging,9,19.006084751788784,13.236591015696982,0.9401486583379153
PTMR,Master Print Tbk.,Industrials,Cyclical,374.0,,,,,,,,,,False,,,,,,,,,,,,SKIP,No usable intrinsic value - cannot assess margin of safety,,,,,,Industrials | Industrial Services,11,13.331078119560926,9.407127354276275,1.6851565507469584
PTPP,PP (Persero) Tbk.,Infrastructures,Cyclical,202.0,23.3,32.4,20.0,25.2,4,-0.3794618195622263,-0.24584007804340985,-0.23159049646599453,-4.067685008721086,False,-3003.9056401716325,,,,,,,,493.9314843521883,0.5910363959387376,1.4452053680801402,WATCH,Cheap but balance sheet weak - possible value trap,Interest coverage -2.7x,493.9314843521883,,0.45,2026-06-30,Infrastructures | Heavy Constructions & Civil Engineering | Heavy Constructions & Civil Engineering | Heavy Constructions & Civil Engineering,7,9.058166174021757,7.094076259920247,0.8993139336443662
PTPS,Pulau Subur Tbk.,Consumer Non-Cyclicals,Ordinary,154.0,,,,,,,,,,False,,,,,,,,,,,,SKIP,No usable intrinsic value - cannot assess margin of safety,,,,,,Consumer Non-Cyclicals | Food & Beverage | Agricultural Products | Plantations & Crops,26,8.531657563897525,6.89544177076508,1.5596099814498379
PTPW,Pratama Widya Tbk.,Infrastructures,Cyclical,1190.0,,,,,,,,,,False,,,,,,,,,,,,SKIP,No usable intrinsic value - cannot assess margin of safety,,,,,,Infrastructures | Heavy Constructions & Civil Engineering | Heavy Constructions & Civil Engineering | Heavy Constructions & Civil Engineering,7,9.058166174021757,7.094076259920247,0.8993139336443662
PTRO,Petrosea Tbk.,Energy,Cyclical,5100.0,56.7,46.1,18.8,40.5,5,1.6041723259871887,0.02954455243544216,0.08006042012452028,33.847187300775715,False,-1246.5547525379382,,,,,,,,320.67852965533154,-1.0,-0.9371218569303271,SKIP,MOS -100% below watch threshold 10%,Net debt/EBITDA 9.2x,320.67852965533154,,1.45,2026-03-31,"Energy | Oil, Gas & Coal | Oil, Gas & Coal Supports | Oil, Gas & Coal Equipment & Services",5,5.883864877834612,5.501228771270055,0.83296932786881
PTSN,Sat Nusapersada Tbk.,Technology,Ordinary,288.0,63.3,77.3,76.2,72.3,6,2.823023643804736,0.2400863675445976,0.12694751411139568,4.165167769528787,False,-42.83502474343315,239.73755546175522,,,,,,,307.39342490873014,0.06308991454351487,0.06733828093309069,SKIP,MOS 6% below watch threshold 10%,,402.11164213449507,,0.45,2026-06-30,Technology,10,8.51203282106588,7.224281818542886,2.0753128335742566
PTSP,Pioneerindo Gourmet International Tbk.,Consumer Cyclicals,Compounder,990.0,85.0,83.6,93.2,87.3,7,3.129542348101385,0.16979926761599906,0.14540575017361063,5.889306909506226,False,-262.2961585945996,494.96279058149685,2604.844724697724,4194.869843275581,5892.275493012305,0.6199389581216272,0.7639974452158558,0.831983416054791,2397.0026131626037,0.5869841799238614,1.4212147607703067,BUY,"MOS 59%, quality and balance sheet both pass",,2183.2707965953887,,0.45,2026-06-30,Consumer Cyclicals | Consumer Services | Tourism & Recreation,9,17.933020637857847,13.102684494262084,1.5661740593254243
PUDP,Pudjiadi Prestige Tbk.,Properties & Real Estate,Cyclical,312.0,,,,,,,,,,False,,,,,,,,,,,,SKIP,No usable intrinsic value - cannot assess margin of safety,,,,,,Properties & Real Estate | Real Estate | Real Estate Development | Real Estate Development,35,12.379916854923529,9.504502268830333,0.7706297288148782
PURA,Putra Rajawali Kencana Tbk.,Industrials,Cyclical,33.0,,,,,,,,,,False,,,,,,,,,,,,SKIP,No usable intrinsic value - cannot assess margin of safety,,,,,,Industrials | Industrial Services | Business Support Services | Business Support Services,10,13.35995628193082,9.538398395217746,1.4057675482565506
PURE,Trinitan Metals and Minerals Tbk.,Basic Materials,Cyclical,51.0,,,,,,,,,,False,,,,,,,,,,,,SKIP,No usable intrinsic value - cannot assess margin of safety,,,,,,Basic Materials | Metals & Minerals,19,12.449518149274448,8.573447831556207,2.228715086990508
PURI,Puri Global Sukses Tbk.,Properties & Real Estate,Cyclical,137.0,,,,,,,,,,False,,,,,,,,,,,,SKIP,No usable intrinsic value - cannot assess margin of safety,,,,,,Properties & Real Estate | Real Estate | Real Estate Development | Real Estate Development,35,12.379916854923529,9.504502268830333,0.7706297288148782
PWON,Pakuwon Jati Tbk.,Properties & Real Estate,Cyclical,262.0,73.3,92.6,93.2,86.4,7,5.96766691656291,0.18568157614991662,0.11015842232652841,5.385563935501142,False,12.120619354075261,337.2565132929872,300.42115162061316,493.87685844345737,701.1602550358473,0.12789096710851208,0.46950338830262145,0.6263336403935145,450.42132381767146,0.4183223880713595,0.7191653580827155,BUY,"MOS 42%, quality and balance sheet both pass",,610.0589849416211,,0.45,2026-06-30,Properties & Real Estate | Real Estate | Real Estate Development | Real Estate Development,35,12.379916854923529,9.504502268830333,0.7706297288148782
PYFA,Pyridam Farma Tbk.,Healthcare,Ordinary,220.0,63.3,26.1,20.0,36.5,4,-0.5367161692188509,-0.025338109396376467,-0.036130747517294025,-39.46624368679248,False,-410.88200587610123,,,,,,,,94.068551599974,-1.0,-0.5724156745455727,SKIP,MOS -100% below watch threshold 10%,Interest coverage -0.6x,94.068551599974,,1.45,2026-03-31,Healthcare | Pharmaceuticals & Health Care Research | Pharmaceuticals | Pharmaceuticals,6,9.281741633694939,7.472695760741151,1.469293510764925
PZZA,Sarimelati Kencana Tbk.,Consumer Cyclicals,Ordinary,184.0,50.0,60.0,57.5,55.8,9,1.3416749470392053,0.08748722428801738,0.04940757130736158,11.430240336667811,False,-156.7549417985442,,494.56098839614293,831.5918355571897,1199.4408451746376,0.6279528626050541,0.7787376064404061,0.8465951857982544,599.2880581096863,0.692969019639095,2.2570003158135123,WATCH,"Cheap and sound, but flagged: Trailing EBIT -6.4x mid-cycle - possible peak earnings",Trailing EBIT -6.4x mid-cycle - possible peak earnings,227.6020141936808,,0.45,2026-06-30,Consumer Cyclicals | Consumer Services | Tourism & Recreation,9,17.933020637857847,13.102684494262084,1.5661740593254243
RAAM,Tripar Multivision Plus Tbk.,Consumer Cyclicals,Ordinary,196.0,43.3,46.1,20.0,36.5,4,3.305106967350184,-0.0412295942862866,-0.04303620193712383,-24.254422516415854,False,-32.60523882645704,,,,,,,,531.7526382135904,0.6314075645050732,1.7130236643550534,WATCH,"Cheap and sound, but flagged: Interest coverage -2.0x",Interest coverage -2.0x,531.7526382135904,,1.45,2026-03-31,Consumer Cyclicals | Media & Entertainment,10,12.548556815186648,8.243461215824126,2.8142590489474553
RAFI,Sari Kreasi Boga Tbk.,Consumer Cyclicals,Ordinary,36.0,,,,,,,,,,False,,,,,,,,,,,,SKIP,No usable intrinsic value - cannot assess margin of safety,,,,,,Consumer Cyclicals | Consumer Services | Tourism & Recreation,9,17.933020637857847,13.102684494262084,1.5661740593254243
RAJA,Rukun Raharja Tbk.,Infrastructures,Cyclical,910.0,70.0,66.1,26.2,54.1,5,2.566953668990427,0.07287630087194683,0.17095736121930177,13.721881984064071,False,-161.1260135374068,91.75599996173294,,,,,,,215.3611965449383,-1.0,-0.7633393444561117,SKIP,MOS -100% below watch threshold 10%,,421.36985751694726,,0.45,2026-06-30,Infrastructures,25,12.870236190348713,9.545566482669326,1.1282779370377245
RALS,Ramayana Lestari Sentosa Tbk.,Consumer Cyclicals,Ordinary,382.0,50.0,92.6,51.0,64.5,7,9.187434145613096,,0.08857313712417723,-1.4769643543341986,False,226.30714402372814,513.8830126749252,220.29961117722803,280.4462086407346,346.0926220037168,-0.7340021526079146,-0.3621150446336068,-0.10375077569812381,424.08957715681345,0.09924690306937253,0.11018213915396191,SKIP,MOS 10% below watch threshold 10%,,528.208157057183,,0.45,2026-06-30,Consumer Cyclicals | Retailing,18,10.694931239689799,10.050352905588877,1.422027519184855
RANC,Supra Boga Lestari Tbk.,Consumer Non-Cyclicals,Ordinary,515.0,38.3,34.3,32.5,35.0,6,-0.12676961560250805,-0.010814040618805108,-0.019598304764432344,-92.47237320905259,False,-232.68464386737924,,,,,,,,432.2538006586893,-0.19142966288605923,-0.16067223173070044,SKIP,MOS -19% below watch threshold 10%,Interest coverage -0.4x,432.2538006586893,,1.45,2026-03-31,Consumer Non-Cyclicals | Food & Staples Retailing | Food & Staples Retailing,4,10.545593888966863,18.205370389227188,2.499822564270242
RATU,Raharja Energi Cepu Tbk.,Energy,Cyclical,5150.0,75.0,84.6,25.0,61.5,7,3.2430370616329283,0.04801221228452782,0.2379043311840588,20.828034210834627,False,-610.5010246358883,278.66380141251403,257.60334001563405,781.6834449399893,1345.9272017387066,-18.991976810888573,-5.588344723605309,-2.826358508355493,726.1799836836492,-1.0,-0.858994177925505,SKIP,MOS -100% below watch threshold 10%,,1435.037979964648,,0.45,2026-06-30,"Energy | Oil, Gas & Coal | Oil & Gas | Oil & Gas Production & Refinery",9,15.064036542847035,8.411588499041516,1.5179638241818716
RBMS,Ristia Bintang Mahkotasejati Tbk.,Energy,Cyclical,66.0,,,,,,,,,,False,,,,,,,,,,,,SKIP,No usable intrinsic value - cannot assess margin of safety,,,,,,"Energy | Oil, Gas & Coal | Coal | Coal Production",26,15.378032536083092,8.15902719908333,1.327597648369335
RCCC,Utama Radar Cahaya Tbk.,Industrials,Cyclical,102.0,,,,,,,,,,False,,,,,,,,,,,,SKIP,No usable intrinsic value - cannot assess margin of safety,,,,,,Industrials | Industrial Services | Business Support Services | Business Support Services,10,13.35995628193082,9.538398395217746,1.4057675482565506
RDTX,Roda Vivatex Tbk.,Consumer Cyclicals,Ordinary,13975.0,65.0,94.4,79.8,79.7,7,14.133544864351718,0.13298505693413532,0.13817018538068046,7.519641853409731,False,2025.0512439451934,10034.639869540175,8735.142702388152,12148.736564410578,15818.906068788394,-0.5998593813675527,-0.1503253795904519,0.11656343749499379,12287.676490491609,-0.13731835394706782,-0.1207387126660745,SKIP,MOS -14% below watch threshold 10%,,15664.231641553273,,0.45,2026-06-30,Consumer Cyclicals,49,11.174937874788398,8.450289443602555,1.219026001317649
REAL,Repower Asia Indonesia Tbk.,Infrastructures,Cyclical,52.0,,,,,,,,,,False,,,,,,,,,,,,SKIP,No usable intrinsic value - cannot assess margin of safety,,,,,,Infrastructures | Heavy Constructions & Civil Engineering | Heavy Constructions & Civil Engineering | Heavy Constructions & Civil Engineering,7,9.058166174021757,7.094076259920247,0.8993139336443662
RELF,Graha Mitra Asia Tbk.,Properties & Real Estate,Cyclical,34.0,,,,,,,,,,False,,,,,,,,,,,,SKIP,No usable intrinsic value - cannot assess margin of safety,,,,,,Properties & Real Estate | Real Estate | Real Estate Development | Real Estate Development,35,12.379916854923529,9.504502268830333,0.7706297288148782
RELI,Reliance Sekuritas Indonesia Tbk.,Financials,Financial,482.0,,,,,,,,,,False,,,,,,,,,,,,SKIP,No usable intrinsic value - cannot assess margin of safety,,,,,,Financials | Investment Service | Investment Services | Investment Banking & Brokerage Services,4,19.145500860475803,10.882301928835526,2.9574084099589757
RGAS,Kian Santang Muliatama Tbk.,Energy,Cyclical,242.0,,,,,,,,,,False,,,,,,,,,,,,SKIP,No usable intrinsic value - cannot assess margin of safety,,,,,,"Energy | Oil, Gas & Coal | Oil & Gas",12,11.982005135072832,8.117437974233383,1.353991026774576
RICY,Ricky Putra Globalindo Tbk.,Consumer Cyclicals,Ordinary,79.0,23.3,44.9,60.0,42.7,4,0.23897468342730746,-0.18097551767184641,-0.15856966154122606,-5.525609280550579,False,-985.7198791180899,,,,,,,,456.42150898851276,0.8269143797033713,4.777487455550794,WATCH,Cheap but business economics poor - value trap risk,Interest coverage -3.3x,456.42150898851276,,1.45,2026-03-31,Consumer Cyclicals,49,11.174937874788398,8.450289443602555,1.219026001317649
RIGS,Rig Tenders Indonesia Tbk.,Energy,Deep Value,685.0,66.7,95.6,96.2,86.2,7,14.816718921575173,0.2239678831570707,0.15074971049455066,4.464925889837031,False,894.186828660454,1290.557548729539,600.7210742739614,657.8094148416174,718.9931828348072,-0.1402962694922915,-0.04133505016027993,0.04727886667962648,894.186828660454,0.23394085213022936,0.3053822316211008,WATCH,MOS 23% attractive but short of buy threshold 30%,,1328.4938688419686,,1.45,2026-03-31,"Energy | Oil, Gas & Coal | Oil, Gas & Coal Supports",7,6.627479646647261,5.501228771270055,1.349479823824487
RIMO,Rimo International Lestari Tbk.,Properties & Real Estate,Cyclical,50.0,,,,,,,,,,False,,,,,,,,,,,,SKIP,No usable intrinsic value - cannot assess margin of safety,,,,,,Properties & Real Estate | Real Estate | Real Estate Development | Real Estate Development,35,12.379916854923529,9.504502268830333,0.7706297288148782
RISE,Jaya Sukses Makmur Sentosa Tbk.,Properties & Real Estate,Cyclical,960.0,66.7,85.1,18.8,56.9,5,6.179593536128337,0.012202250321425051,0.05995184162719746,81.95209683939791,False,48.04566383734984,,,,,,,,133.10532947616,-1.0,-0.861348615129,SKIP,MOS -100% below watch threshold 10%,Trailing EBIT 3.6x mid-cycle - possible peak earnings,133.10532947616,,0.45,2026-06-30,Properties & Real Estate | Real Estate | Real Estate Development | Real Estate Development,35,12.379916854923529,9.504502268830333,0.7706297288148782
RLCO,Abadi Lestari Indonesia Tbk.,Consumer Cyclicals,Ordinary,4990.0,63.3,56.1,18.8,46.1,5,3.525436887963021,0.0056192451137051435,0.32233638639983864,177.95984687712496,False,70.45637694173291,,5.356130535653,90.53611502599624,180.49774675701758,-930.6427160959096,-54.11612684691836,-26.64577447450043,114.58883408949825,-1.0,-0.9770363057936877,SKIP,MOS -100% below watch threshold 10%,Net debt/EBITDA 4.7x,153.07318459110144,,0.45,2026-06-30,Consumer Cyclicals | Retailing | Specialty Retail | Specialty Stores,6,10.582498513763287,10.050352905588877,2.8584492925773355
RMKE,RMK Energy Tbk.,Energy,Cyclical,412.0,36.7,85.9,25.0,49.2,4,5.829177747910025,0.036919650611314976,0.1655049322710116,27.08584679004314,False,14.88305664865518,124.01676960883655,13.031721856512178,29.20905757499409,46.86565183756319,-30.61516218166646,-13.105213731808783,-7.791086517434902,103.47308645485172,-1.0,-0.7488517319056998,SKIP,MOS -100% below watch threshold 10%,,118.74296711811544,,1.45,2026-03-31,"Energy | Oil, Gas & Coal | Coal | Coal Production",26,15.378032536083092,8.15902719908333,1.327597648369335
RMKO,Royaltama Mulia Kontraktorindo Tbk.,Energy,Cyclical,296.0,50.0,28.9,60.0,46.3,5,-4.117950710194155,-0.11457339034373261,-0.1018110762115696,-8.728030103673213,False,-215.2715518283954,15.545753169246092,,,,,,,51.69973756571411,-1.0,-0.8253387244401551,SKIP,MOS -100% below watch threshold 10%,Interest coverage -5.5x,111.95637822649415,,0.45,2026-06-30,"Energy | Oil, Gas & Coal | Oil, Gas & Coal Supports",7,6.627479646647261,5.501228771270055,1.349479823824487
ROCK,Rockfields Properti Indonesia Tbk.,Properties & Real Estate,Cyclical,2290.0,65.0,100.0,25.0,63.3,9,8.83596468231667,0.017153991269401713,0.05231366356101082,58.295470966208406,False,-18.818604478846872,158.96384304512623,150.6774847353805,232.69790554432055,319.78184885242723,-14.198023805757666,-8.841085568188912,-6.161131903570888,219.19549613881347,-1.0,-0.9042814427341426,SKIP,MOS -100% below watch threshold 10%,,310.57997835795413,,0.45,2026-06-30,Properties & Real Estate | Real Estate | Real Estate Development | Real Estate Development,35,12.379916854923529,9.504502268830333,0.7706297288148782
RODA,Pikko Land Development Tbk.,Properties & Real Estate,Cyclical,74.0,36.7,70.4,52.5,53.2,6,4.276811646599768,-0.006460216496318975,-0.004614338659708393,-154.79357395681694,False,6.139099318672338,,,,,,,,105.44593806607419,0.2982185814153376,0.4249451090010026,WATCH,MOS 30% attractive but short of buy threshold 30%,Interest coverage -0.2x,105.44593806607419,,0.45,2026-06-30,Properties & Real Estate | Real Estate | Real Estate Development | Real Estate Development,35,12.379916854923529,9.504502268830333,0.7706297288148782
RONY,Aracord Nusantara Group Tbk.,Consumer Cyclicals,Ordinary,1310.0,70.0,74.1,18.3,54.1,5,3.0206426125757746,0.0006920431375670588,0.20457696658406085,1444.9966276894122,False,-0.2913727141863819,10.268185420628727,12.651051464272653,17.64543414953463,22.920180541467406,-102.54870531508948,-73.24016824400715,-56.15487265163272,12.754230410924073,-1.0,-0.990263946251203,SKIP,MOS -100% below watch threshold 10%,Interest coverage 1.0x,8.408767415560671,,1.45,2026-03-31,Consumer Cyclicals,49,11.174937874788398,8.450289443602555,1.219026001317649
ROTI,Nippon Indosari Corpindo Tbk.,Consumer Non-Cyclicals,Ordinary,590.0,56.7,59.3,43.2,53.1,6,1.8031540854564057,0.0697973000246632,0.11380021476124817,14.327201763487205,False,-168.2662564387563,375.3965505496975,236.00788422817607,455.7408550787495,694.1338378777264,-1.4999164834238288,-0.2945953680146829,0.150019826430173,395.6129892520046,-0.4913564924031636,-0.3294695097423651,SKIP,MOS -49% below watch threshold 10%,,327.7114181124426,,0.45,2026-06-30,Consumer Non-Cyclicals | Food & Beverage | Processed Foods | Processed Foods,21,10.558880519242848,8.175622633576266,1.6206373241502938
RSCH,Charlie Hospital Semarang Tbk.,Healthcare,Ordinary,314.0,,,,,,,,,,False,,,,,,,,,,,,SKIP,No usable intrinsic value - cannot assess margin of safety,,,,,,Healthcare | Healthcare Equipment & Providers | Healthcare Providers | Healthcare Providers,8,26.02401022549359,18.815604339264357,1.336894058656226
RSGK,Kedoya Adyaraya Tbk.,Healthcare,Ordinary,930.0,60.0,82.1,35.0,59.0,5,4.8922154002699685,0.05756502909483758,0.057183998255266905,17.371658031345977,False,-101.45149874963434,380.8532282016009,273.5829105690352,407.863099266579,550.9400261533643,-2.3993351341487617,-1.2801768575591408,-0.6880240241269334,580.5937059178254,-0.6018086150793166,-0.375705692561478,SKIP,MOS -60% below watch threshold 10%,,1136.5993453625342,,0.45,2026-06-30,Healthcare | Healthcare Equipment & Providers | Healthcare Providers | Healthcare Providers,8,26.02401022549359,18.815604339264357,1.336894058656226
RUIS,Radiant Utama Interinsco Tbk.,Energy,Deep Value,214.0,46.7,63.0,54.8,54.8,9,4.252519945047231,0.11583087578610049,0.13241454698541666,8.633276690807843,True,491.1566549722801,130.51597463338675,,30.066018755775307,228.59439828797696,,-6.117670009398676,0.06384407665839359,130.51597463338675,-0.6396460326110728,-0.39011226806828625,DEEP VALUE,Trades below 2/3 NCAV - Graham net-net,Net debt/EBITDA 5.6x; Interest coverage 1.4x,354.87878246307434,,1.45,2026-03-31,"Energy | Oil, Gas & Coal | Oil, Gas & Coal Supports | Oil, Gas & Coal Equipment & Services",5,5.883864877834612,5.501228771270055,0.83296932786881
RUNS,Global Sukses Solusi Tbk.,Technology,Ordinary,62.0,,,,,,,,,,False,,,,,,,,,,,,SKIP,No usable intrinsic value - cannot assess margin of safety,,,,,,Technology | Software & IT Services | IT Services & Consulting | IT Services & Consulting,5,7.905805643427312,6.074486307476839,2.0568949537989996
SAFE,Steady Safe Tbk.,Transportation & Logistic,Cyclical,398.0,60.0,64.6,88.8,71.1,7,-11.233901972311497,0.17852183759713314,0.2671349987504055,5.6015556049601125,False,-83.45076726994412,408.19590082824936,267.56017407413447,400.3761804419342,545.3369067827913,-0.4875158508819172,0.0059348696501159825,0.2701759315209448,366.491350495197,-0.0859737875456788,-0.07916746106734418,SKIP,MOS -9% below watch threshold 10%,,274.39387997561846,,1.45,2026-03-31,Transportation & Logistic | Transportation | Passenger Land Transportation | Road Transportation,5,6.625536398518111,5.910974792208097,1.2412717730358216
SAGE,Saptausaha Gemilangindah Tbk.,Industrials,Cyclical,33.0,43.3,67.6,20.0,43.6,5,10.289908210956922,-0.002166278987493491,-0.0021498175845118812,-461.62105886327106,False,6.418344654795996,,,,0.40837013163447977,,,-79.80904415785565,49.80050888912897,0.3373561689205224,0.5091063299736052,WATCH,"Cheap and sound, but flagged: Interest coverage -44.3x",Interest coverage -44.3x,49.80050888912897,,0.45,2026-06-30,Industrials | Industrial Services | Business Support Services | Business Support Services,10,13.35995628193082,9.538398395217746,1.4057675482565506
SAME,Sarana Meditama Metropolitan Tbk.,Healthcare,Ordinary,298.0,58.3,41.6,18.8,39.6,7,1.9214096213731442,0.01579464579643448,0.0193213247705218,63.31259420997857,False,-58.124192427368975,,,,,,,,65.22545414194072,-1.0,-0.7811226371075815,SKIP,MOS -100% below watch threshold 10%,Net debt/EBITDA 4.3x; Interest coverage 1.5x,65.22545414194072,,0.45,2026-06-30,Healthcare | Healthcare Equipment & Providers | Healthcare Providers | Healthcare Providers,8,26.02401022549359,18.815604339264357,1.336894058656226
SAMF,Saraswanti Anugerah Makmur Tbk.,Basic Materials,Cyclical,282.0,51.7,65.1,53.5,56.8,5,3.750732092558809,0.10540570114979207,0.2145516919712157,9.487152868314967,False,101.97751276436951,161.9820674163043,146.15314821892096,308.1859475398771,482.5289868533348,-0.9294828981555413,0.08496801281469461,0.4155791513397428,213.15844305932222,-0.3229595598121304,-0.24411899624353817,SKIP,MOS -32% below watch threshold 10%,,235.10073281064888,,0.45,2026-06-30,Basic Materials | Chemicals,17,11.65722483745139,9.487152868314967,1.2744737444585152
SAPX,Satria Antaran Prima Tbk.,Transportation & Logistic,Cyclical,218.0,30.0,49.7,42.5,40.7,3,3.4341970165334246,0.06764822528309959,0.06507388075759744,14.782353798863483,False,81.17827570852708,,,,,,,,144.45093639489403,-0.5091629410005385,-0.3373810257114953,SKIP,MOS -51% below watch threshold 10%,Net debt/EBITDA 7.5x; Interest coverage 1.2x; Trailing EBIT 2.3x mid-cycle - possible peak earnings,144.45093639489403,,0.45,2026-06-30,Transportation & Logistic | Logistics & Deliveries | Logistics & Deliveries | Logistics & Deliveries,7,9.052415583885466,6.788313476605148,1.053034918368662
SATU,Kota Satu Properti Tbk.,Properties & Real Estate,Cyclical,258.0,,,,,,,,,,False,,,,,,,,,,,,SKIP,No usable intrinsic value - cannot assess margin of safety,,,,,,Properties & Real Estate | Real Estate | Real Estate Development | Real Estate Development,35,12.379916854923529,9.504502268830333,0.7706297288148782
SBAT,Sejahtera Bintang Abadi Textile Tbk.,Consumer Cyclicals,Ordinary,1.0,,,,,,,,,,False,,,,,,,,,,,,SKIP,No usable intrinsic value - cannot assess margin of safety,,,,,,Consumer Cyclicals,49,11.174937874788398,8.450289443602555,1.219026001317649
SBMA,Surya Biru Murni Acetylene Tbk.,Basic Materials,Cyclical,108.0,,,,,,,,,,False,,,,,,,,,,,,SKIP,No usable intrinsic value - cannot assess margin of safety,,,,,,Basic Materials | Chemicals | Basic Chemicals | Basic Chemicals,8,8.598946032361429,6.137238035447713,1.0540245818465046
SCCO,Supreme Cable Manufacturing & Commerce Tbk.,Industrials,Deep Value,2300.0,45.0,100.0,80.0,75.0,9,14.773635534491564,0.5150935039253812,0.08170768111913806,1.941395091142257,False,2785.527591105197,3779.7598620061817,3990.663178493609,5507.094758196149,7119.389495898903,0.4236546916825485,0.5823569230260774,0.6769385912479003,2785.527591105197,0.17430363736320317,0.21109895265443357,WATCH,MOS 17% attractive but short of buy threshold 30%,,3445.8338888400413,,0.45,2026-06-30,Industrials | Industrial Goods | Electrical | Electrical Components & Equipment,4,5.656365418223455,5.239147841190394,0.49398117075842296
SCMA,Surya Citra Media Tbk.,Consumer Cyclicals,Ordinary,204.0,56.7,95.6,43.0,65.1,7,7.255642646127253,0.09036906349076153,0.17967233922301806,11.06573379619266,False,59.14359638274902,97.54860530158214,80.6324532388251,123.83716321037377,170.6811052369785,-1.529998676783067,-0.6473245567927466,-0.19521138392419352,130.25264668070642,-0.5661869850527755,-0.3615066339181058,SKIP,MOS -57% below watch threshold 10%,,186.30307816401262,,0.45,2026-06-30,Consumer Cyclicals | Media & Entertainment | Media | Broadcasting,5,2.9402451161671346,9.771295333376617,2.0515302456242384
SCNP,Selaras Citra Nusantara Perkasa Tbk.,Industrials,Cyclical,157.0,,,,,,,,,,False,,,,,,,,,,,,SKIP,No usable intrinsic value - cannot assess margin of safety,,,,,,Industrials | Industrial Services | Business Support Services | Business Support Services,10,13.35995628193082,9.538398395217746,1.4057675482565506
SCPI,Organon Pharma Indonesia Tbk.,Healthcare,Ordinary,0.0,,,,,,,,,,False,,,,,,,,,,,,SKIP,No usable intrinsic value - cannot assess margin of safety,,,,,,Healthcare | Pharmaceuticals & Health Care Research | Pharmaceuticals | Pharmaceuticals,6,9.281741633694939,7.472695760741151,1.469293510764925
SDMU,Sidomulyo Selaras Tbk.,Transportation & Logistic,Cyclical,84.0,36.7,17.2,44.0,32.6,1,-1.4421355598980994,-0.010785715887136503,-0.02320080935909241,-92.71521802207324,False,-23.406154948645984,,,,,,,,84.0,0.0,0.0,SKIP,MOS 0% below watch threshold 10%,Net debt/EBITDA 56.6x; Interest coverage -0.6x,84.0,,0.45,2026-06-30,Transportation & Logistic | Transportation | Passenger Land Transportation | Road Transportation,5,6.625536398518111,5.910974792208097,1.2412717730358216
SDPC,Millennium Pharmacon International Tbk.,Healthcare,Ordinary,183.0,40.0,44.3,58.0,47.4,6,1.4734909185968728,0.10357892154795523,0.3105261477711813,9.65447395141122,False,77.46110936907601,,,,69.8214644859874,,,-1.620970518839899,222.53290630157156,0.17764971014218212,0.2160268103911014,WATCH,MOS 18% attractive but short of buy threshold 30%,Net debt/EBITDA 6.5x,222.53290630157156,,0.45,2026-06-30,Healthcare | Healthcare Equipment & Providers | Healthcare Supplies & Distributions | Healthcare Supplies & Distributions,4,7.7648857093037975,8.02514613469945,0.8560902149342481
SDRA,Bank Woori Saudara Indonesia Tbk.,Financials,Financial,220.0,15.0,66.7,100.0,60.6,3,,,,,False,,,161.41923804347292,364.1134785552024,585.342117581743,-0.3629106583984141,0.39579275979302614,0.6241514263335458,299.5520768136027,0.26557010607242176,0.36160034915273953,WATCH,MOS 27% attractive but short of buy threshold 30%,,596.4273273392322,2.676826287973224,0.45,2026-06-30,Financials | Banks | Banks | Banks,39,13.481315257379515,,0.7861812292608251
SEMA,Semacom Integrated Tbk.,Industrials,Cyclical,100.0,,,,,,,,,,False,,,,,,,,,,,,SKIP,No usable intrinsic value - cannot assess margin of safety,,,,,,Industrials | Industrial Goods | Machinery,4,14.416005681359687,9.823816834611925,1.0469873784900932
SFAN,Surya Fajar Capital Tbk.,Financials,Financial,1990.0,15.0,53.1,20.0,29.4,4,4.812443032009649,-0.017591739796415214,-0.5062596801124221,-56.84486080244188,False,66.37376896896578,,,,,,,,38.441086598664576,-1.0,-0.9806828710559474,SKIP,MOS -100% below watch threshold 10%,Interest coverage -153.2x,58.260605535336474,18.621567661992675,1.45,2026-03-31,Financials | Holding & Investment Companies | Investment Companies | Investment Companies,13,14.566398170997925,15.07996983497698,0.7997799244128763
SGER,Sumber Global Energy Tbk.,Energy,Cyclical,478.0,30.0,59.7,18.8,36.2,3,3.972646843579862,0.041158807525230386,0.1361577258600959,24.296136358833987,False,97.26786919434988,154.85715661684398,,11.04849398364312,66.84409574166183,,-42.26381502380877,-6.150968155024013,139.19371078886923,-1.0,-0.7087997682241229,SKIP,MOS -100% below watch threshold 10%,Net debt/EBITDA 4.9x; Normalised EBIT 2.1x trailing - valuation assumes cycle recovery,198.51811227906205,,1.45,2026-03-31,"Energy | Oil, Gas & Coal | Coal | Coal Production",26,15.378032536083092,8.15902719908333,1.327597648369335
SGRO,Sampoerna Agro Tbk.,Consumer Non-Cyclicals,Ordinary,4270.0,58.3,82.6,64.2,68.4,7,3.8614702925662225,0.12463553052083409,0.15801891784893746,8.023394258612635,False,-324.73488631652185,4706.901776226189,2547.4938526187198,3906.1744506906653,5365.6686525695995,-0.6761571360066735,-0.09314114203092118,0.2041998348229885,4119.828644822496,-0.036450874083374385,-0.03516893563875967,SKIP,MOS -4% below watch threshold 10%,,3639.7729714682564,,0.45,2026-06-30,Consumer Non-Cyclicals | Food & Beverage | Agricultural Products | Plantations & Crops,26,8.531657563897525,6.89544177076508,1.5596099814498379
SHID,Hotel Sahid Jaya International Tbk.,Consumer Cyclicals,Ordinary,615.0,65.0,52.4,20.0,45.8,4,1.4726665522467919,-0.003718099511958737,-0.0034766476130992873,-268.95460887575564,False,-290.8983148946066,,,,,,,,986.7305205970639,0.3767295252731539,0.6044398708895349,WATCH,"Cheap and sound, but flagged: Net debt/EBITDA 17.3x",Net debt/EBITDA 17.3x,986.7305205970639,,1.45,2026-03-31,"Consumer Cyclicals | Consumer Services | Tourism & Recreation | Hotels, Resorts & Cruise Lines",4,20.170262477240115,14.879103844859301,1.5661740593254243
SHIP,Sillo Maritime Perdana Tbk.,Transportation & Logistic,Cyclical,2080.0,60.0,43.9,49.2,51.0,4,1.7465952965818716,0.12298237188627868,0.07578972893305348,8.131246654802657,False,-1855.613021056711,,,,,,,,1873.2293022829742,-0.11038194708198651,-0.09940898928703157,SKIP,MOS -11% below watch threshold 10%,Net debt/EBITDA 7.5x,1873.2293022829745,,0.45,2026-06-30,Transportation & Logistic | Transportation | Passenger Marine Transportation | Passenger Marine Transportation,10,18.1436746865216,9.323868477410677,1.8682050333418738
SICO,Sigma Energy Compressindo Tbk.,Energy,Cyclical,109.0,,,,,,,,,,False,,,,,,,,,,,,SKIP,No usable intrinsic value - cannot assess margin of safety,,,,,,"Energy | Oil, Gas & Coal | Oil, Gas & Coal Supports | Oil, Gas & Coal Equipment & Services",5,5.883864877834612,5.501228771270055,0.83296932786881
SIDO,Industri Jamu dan Farmasi Sido Muncul Tbk.,Consumer Non-Cyclicals,Ordinary,358.0,81.7,95.6,76.0,84.4,7,17.05309772536502,0.1439817093413436,0.5535429528424152,6.94532662915716,False,45.498925266067644,339.82550614665445,278.14271708637125,429.87982578236836,593.5710265682801,-0.2871090199670078,0.16720911629558152,0.39687083099427817,390.599495852661,0.08346015854807434,0.09106004428117598,SKIP,MOS 8% below watch threshold 10%,,398.83455355353834,,0.45,2026-06-30,Consumer Non-Cyclicals | Food & Beverage | Processed Foods | Processed Foods,21,10.558880519242848,8.175622633576266,1.6206373241502938
SILO,Siloam International Hospitals Tbk.,Healthcare,Ordinary,2290.0,71.7,77.6,18.8,56.0,7,3.1100245640866166,0.052530591686129384,0.1390856210134264,19.03652648679471,False,-130.3264285730673,655.6460243243271,159.33852972268062,308.62049991403376,467.38673834467716,-13.371916221303229,-6.42011629375845,-3.899582748347527,925.424308479128,-1.0,-0.5958845814501625,SKIP,MOS -100% below watch threshold 10%,,2290.0,,0.45,2026-06-30,Healthcare | Healthcare Equipment & Providers | Healthcare Providers | Healthcare Providers,8,26.02401022549359,18.815604339264357,1.336894058656226
SIMA,Siwani Makmur Tbk.,Industrials,Cyclical,50.0,,,,,,,,,,False,,,,,,,,,,,,SKIP,No usable intrinsic value - cannot assess margin of safety,,,,,,Industrials | Industrial Services | Business Support Services | Business Support Services,10,13.35995628193082,9.538398395217746,1.4057675482565506
SIMP,Salim Ivomas Pratama Tbk.,Consumer Non-Cyclicals,Ordinary,600.0,60.0,83.6,96.2,79.9,7,3.9719261050304295,0.25212397813665705,0.15432715385014728,3.966302639640156,False,78.20183992065758,1364.502390030205,542.6766025298786,863.7030616224142,1207.748131299438,-0.10563086229052109,0.30531680775458164,0.503207676790649,1267.3040831254868,0.5265540386169586,1.1121734718758116,BUY,"MOS 53%, quality and balance sheet both pass",,1776.988087863797,,0.45,2026-06-30,Consumer Non-Cyclicals | Food & Beverage | Agricultural Products | Plantations & Crops,26,8.531657563897525,6.89544177076508,1.5596099814498379
SINI,Singaraja Putra Tbk.,Properties & Real Estate,Cyclical,7150.0,60.0,23.9,18.3,34.1,4,-4.66713624090302,0.007204854322597262,0.04057692594208454,138.7953114976393,False,-1293.8105900692688,,,,,,,,,,,SKIP,No usable intrinsic value - cannot assess margin of safety,Net debt/EBITDA 24.3x; Interest coverage 0.7x,,,1.45,2026-03-31,Properties & Real Estate | Real Estate | Real Estate Development | Real Estate Development,35,12.379916854923529,9.504502268830333,0.7706297288148782
SIPD,Sreeya Sewu Indonesia Tbk.,Consumer Non-Cyclicals,Ordinary,680.0,16.7,39.6,18.3,24.9,7,1.0904495518525656,0.0358804805252537,0.0477302598715239,27.870306789681138,False,-30.539359854317286,,,,,,,,513.6123590052316,-0.3239556799548774,-0.24468770734524758,SKIP,MOS -32% below watch threshold 10%,Net debt/EBITDA 8.8x; Interest coverage 1.3x,513.6123590052316,,0.45,2026-06-30,"Consumer Non-Cyclicals | Food & Beverage | Agricultural Products | Fish, Meat & Poultry",9,8.671024281367984,16.396383712344086,1.245367442390432
SKBM,Sekar Bumi Tbk.,Consumer Non-Cyclicals,Ordinary,545.0,36.7,81.3,96.2,71.4,6,3.78839133722403,0.2114219748298149,0.3274525627318251,4.729877302512923,False,199.40900404532283,284.68894196236266,101.74442746727338,207.92366347673683,323.81194829404615,-4.356558718415336,-1.6211542779063066,-0.6830756334695164,425.78904995721814,-0.27997655189761167,-0.21873568815189337,SKIP,MOS -28% below watch threshold 10%,Trailing EBIT 2.3x mid-cycle - possible peak earnings,971.9138195187859,,0.45,2026-06-30,Consumer Non-Cyclicals | Food & Beverage | Processed Foods | Processed Foods,21,10.558880519242848,8.175622633576266,1.6206373241502938
SKLT,Sekar Laut Tbk.,Consumer Non-Cyclicals,Compounder,200.0,76.7,73.9,53.5,68.0,4,3.3867081747253427,0.1052831183456524,0.16168309561107372,9.498198910835113,False,1.130644389783928,84.54260101826478,,,,,,,130.9812768638323,-0.5269357940976505,-0.3450936156808385,SKIP,MOS -53% below watch threshold 10%,,195.99542304762684,,0.45,2026-06-30,Consumer Non-Cyclicals | Food & Beverage | Processed Foods | Processed Foods,21,10.558880519242848,8.175622633576266,1.6206373241502938
SKRN,Superkrane Mitra Utama Tbk.,Industrials,Cyclical,402.0,83.3,86.6,63.0,77.6,7,3.15095126689761,0.09253320319720086,0.263209979761289,10.806931625060724,False,-53.67478297345356,215.5814866869685,177.0590091088188,288.82098908319483,408.30651539819854,-1.2704295139985482,-0.3918656025521884,0.015445541916097394,274.182857460503,-0.46617481385724313,-0.31795309089427115,SKIP,MOS -47% below watch threshold 10%,,362.0930543345992,,1.45,2026-03-31,Industrials | Industrial Services | Business Support Services | Business Support Services,10,13.35995628193082,9.538398395217746,1.4057675482565506
SKYB,Northcliff Citranusa Indonesia Tbk.,Properties & Real Estate,Cyclical,51.0,,,,,,,,,,False,,,,,,,,,,,,SKIP,No usable intrinsic value - cannot assess margin of safety,,,,,,Properties & Real Estate | Real Estate | Real Estate Development | Real Estate Development,35,12.379916854923529,9.504502268830333,0.7706297288148782
SLIS,Gaya Abadi Sempurna Tbk.,Basic Materials,Deep Value,80.0,23.3,64.9,20.0,36.1,4,7.879175303577144,-0.0602162351165783,-0.035596717739706976,-16.606817049654556,False,81.83655687558982,48.01584515421253,25.645008863007828,45.996674863556656,68.209300934516,-2.1195153968302054,-0.7392561579138042,-0.17286057625489534,48.01584515421253,-0.6661166692591568,-0.39980193557234345,SKIP,MOS -67% below watch threshold 10%,Interest coverage -5.0x,194.97545352342863,,0.45,2026-06-30,Basic Materials | Chemicals | Specialty Chemical | Specialty Chemical,8,13.16483991901313,10.120677959093147,1.520943283857289
SMAR,Sinar Mas Agro Resources and Technology Tbk.,Consumer Non-Cyclicals,Ordinary,5750.0,53.3,80.8,89.5,74.5,8,4.377718680707117,0.1853814647620189,0.18585824713261334,5.394282547522954,False,-172.48072714138118,1184.8472822621645,,,,,,,5668.994981912771,-0.01428913208526015,-0.014087829232561466,SKIP,MOS -1% below watch threshold 10%,,11946.80176142362,,0.45,2026-06-30,Consumer Non-Cyclicals | Food & Beverage | Agricultural Products | Plantations & Crops,26,8.531657563897525,6.89544177076508,1.5596099814498379
SMBR,Semen Baturaja Tbk.,Basic Materials,Cyclical,171.0,60.0,85.0,64.8,69.9,9,3.679060727843555,0.10341012797860318,0.05559154254918468,9.67023268946067,False,-29.255804136395813,121.4298430942556,121.13674036041937,218.67863954837568,322.85800025980114,-0.41162788012309043,0.21803062085461852,0.4703553888632225,157.31133542461635,-0.08701639038556931,-0.08005067003148336,SKIP,MOS -9% below watch threshold 10%,,176.20228655937802,,1.45,2026-03-31,Basic Materials | Construction Materials | Construction Materials | Construction Materials,10,12.68567498355167,10.901767958955283,0.5102438604959392
SMCB,Solusi Bangun Indonesia Tbk.,Basic Materials,Cyclical,775.0,36.7,74.3,66.0,59.0,6,2.9485375244734726,0.12831972462538815,0.068559389633628,7.793034180203885,False,-282.32078625467614,781.6562156209828,174.6870494035262,368.05262945824336,578.8545101912955,-3.4365051825321857,-1.10567711780993,-0.3388511039568195,741.6072770089196,-0.04502750178741676,-0.04308738450461991,SKIP,MOS -5% below watch threshold 10%,,923.895477689265,,1.45,2026-03-31,Basic Materials | Construction Materials | Construction Materials | Construction Materials,10,12.68567498355167,10.901767958955283,0.5102438604959392
SMDM,Suryamas Dutamakmur Tbk.,Properties & Real Estate,Cyclical,560.0,43.3,81.9,18.8,48.0,4,8.844916341349823,0.008538659399377452,0.00926307335035432,117.1144032367551,False,166.6407994000209,216.71827447573597,146.09196176209943,213.84305541811025,287.7893214996649,-2.8332019999287907,-1.6187429790744279,-0.9458678907259319,176.9656139578402,-1.0,-0.6839899750752854,SKIP,MOS -100% below watch threshold 10%,Normalised EBIT 4.7x trailing - valuation assumes cycle recovery,86.12621878783389,,0.45,2026-06-30,Properties & Real Estate | Real Estate | Real Estate Development | Real Estate Development,35,12.379916854923529,9.504502268830333,0.7706297288148782
SMDR,Samudera Indonesia Tbk.,Transportation & Logistic,Cyclical,308.0,50.0,78.1,100.0,76.0,5,4.3316291630435435,0.42603191996249407,0.1479287865300411,2.3472419627337677,False,0.603709892530622,676.3298085709038,,,,,,,663.9853938444617,0.5361343745580209,1.1557967332612393,BUY,"MOS 54%, quality and balance sheet both pass",,643.4113693003914,,0.45,2026-06-30,Transportation & Logistic | Logistics & Deliveries | Logistics & Deliveries | Logistics & Deliveries,7,9.052415583885466,6.788313476605148,1.053034918368662
SMGA,Sumber Mineral Global Abadi Tbk.,Basic Materials,Cyclical,75.0,,,,,,,,,,False,,,,,,,,,,,,SKIP,No usable intrinsic value - cannot assess margin of safety,,,,,,Basic Materials | Metals & Minerals | Diversified Metals & Minerals | Diversified Metals & Minerals,9,12.449518149274448,9.956241790640217,2.128841754446317
SMGR,Semen Indonesia (Persero) Tbk.,Basic Materials,Cyclical,1605.0,30.0,58.1,46.2,44.8,5,3.4443955533191852,0.06384363842178828,0.02235735401107104,15.663267707166332,False,-1594.7870060851878,2485.107896210177,1333.2483510716486,2559.9201964937074,3889.678065616881,-0.2038267279385126,0.3730273302275791,0.5873694498813345,2149.4573929424078,0.2532999233807078,0.33922578999526953,WATCH,MOS 25% attractive but short of buy threshold 30%,Normalised EBIT 2.7x trailing - valuation assumes cycle recovery,1316.3980184619259,,1.45,2026-03-31,Basic Materials | Construction Materials | Construction Materials | Construction Materials,10,12.68567498355167,10.901767958955283,0.5102438604959392
SMIL,Sarana Mitra Luas Tbk.,Industrials,Cyclical,420.0,76.7,75.3,18.8,56.9,6,4.986496872975314,0.03349568660728682,0.12083861719722147,29.85459028573712,False,-8.26786123484476,25.44809298881956,,,,,,,56.99099606672654,-1.0,-0.8643071522220797,SKIP,MOS -100% below watch threshold 10%,,109.56250119657149,,0.45,2026-06-30,Industrials | Industrial Services | Business Support Services | Business Support Services,10,13.35995628193082,9.538398395217746,1.4057675482565506
SMKL,Satyamitra Kemas Lestari Tbk.,Basic Materials,Cyclical,147.0,,,,,,,,,,False,,,,,,,,,,,,SKIP,No usable intrinsic value - cannot assess margin of safety,,,,,,Basic Materials | Containers & Packaging | Containers & Packaging | Containers & Packaging,9,19.006084751788784,13.236591015696982,0.9401486583379153
SMKM,Sumber Mas Konstruksi Tbk.,Infrastructures,Cyclical,75.0,,,,,,,,,,False,,,,,,,,,,,,SKIP,No usable intrinsic value - cannot assess margin of safety,,,,,,Infrastructures | Heavy Constructions & Civil Engineering | Heavy Constructions & Civil Engineering | Heavy Constructions & Civil Engineering,7,9.058166174021757,7.094076259920247,0.8993139336443662
SMLE,Sinergi Multi Lestarindo Tbk.,Industrials,Cyclical,168.0,,,,,,,,,,False,,,,,,,,,,,,SKIP,No usable intrinsic value - cannot assess margin of safety,,,,,,Industrials | Industrial Services | Business Support Services | Business Support Services,10,13.35995628193082,9.538398395217746,1.4057675482565506
SMMA,Sinarmas Multiartha Tbk.,Financials,Financial,20175.0,38.3,65.2,17.5,40.3,5,,0.08721295084806654,0.0360379936050926,11.466186962783743,False,,3218.5035043640296,3051.182083013012,4851.244668529463,6782.429538406724,-5.612191423226171,-3.158726549266286,-1.9745978024180635,1753.8379788199675,-1.0,-0.913068749500869,SKIP,MOS -100% below watch threshold 10%,Earnings materially exceed cash generation,2694.3437857019007,813.3321719380341,1.45,2026-03-31,Financials | Holding & Investment Companies,15,8.175491053429136,13.040271436914992,0.6884651097364434
SMMT,Golden Eagle Energy Tbk.,Energy,Cyclical,1850.0,56.7,46.1,18.8,40.5,5,0.9330370618295271,0.01632597323127698,0.07895051901912552,61.252091120927446,False,-207.7184958700029,360.87163384294274,,,,,,,311.593631375665,-1.0,-0.8315710100672081,SKIP,MOS -100% below watch threshold 10%,Normalised EBIT 2.2x trailing - valuation assumes cycle recovery,229.46362726353541,,1.45,2026-03-31,"Energy | Oil, Gas & Coal | Coal | Coal Production",26,15.378032536083092,8.15902719908333,1.327597648369335
SMRA,Summarecon Agung Tbk.,Properties & Real Estate,Cyclical,334.0,76.7,47.1,79.8,67.9,5,1.8569303924062117,0.13062621837985436,0.11165483407895445,7.655430987767335,False,-439.74193875817747,107.14708741962806,,,,,,,275.1662548583009,-0.2138116287987277,-0.1761489375499974,SKIP,MOS -21% below watch threshold 10%,,555.1982005894222,,0.45,2026-06-30,Properties & Real Estate | Real Estate | Real Estate Development | Real Estate Development,35,12.379916854923529,9.504502268830333,0.7706297288148782
SMRU,SMR Utama Tbk.,Energy,Cyclical,50.0,,,,,,,,,,False,,,,,,,,,,,,SKIP,No usable intrinsic value - cannot assess margin of safety,,,,,,"Energy | Oil, Gas & Coal | Coal | Coal Production",26,15.378032536083092,8.15902719908333,1.327597648369335
SMSM,Selamat Sempurna Tbk.,Consumer Cyclicals,Ordinary,1720.0,75.0,93.3,80.8,83.0,6,11.282936762648646,0.16760412033134617,0.44120927512279484,5.966440431315428,False,542.8272286394013,1736.441575759772,1315.0460809837434,1970.0298663115218,2675.2789448817575,-0.3079389573278859,0.12691678973357476,0.35707638887876014,1825.7664980405289,0.057929914999558185,0.06149215002356323,SKIP,MOS 6% below watch threshold 10%,,1720.0,,0.45,2026-06-30,Consumer Cyclicals | Automobiles & Components | Auto Components | Auto Parts & Equipment,5,8.829144066661675,5.966440431315428,0.8529848809918651
SNLK,Sunter Lakeside Hotel Tbk.,Consumer Cyclicals,Ordinary,232.0,,,,,,,,,,False,,,,,,,,,,,,SKIP,No usable intrinsic value - cannot assess margin of safety,,,,,,"Consumer Cyclicals | Consumer Services | Tourism & Recreation | Hotels, Resorts & Cruise Lines",4,20.170262477240115,14.879103844859301,1.5661740593254243
SOCI,Soechi Lines Tbk.,Transportation & Logistic,Cyclical,505.0,38.3,51.6,38.0,42.6,7,3.5605449200403965,0.10688023889963784,0.03964454361359863,9.356266511894825,False,-316.36259805226763,91.11227517114216,,,,,,,193.38077250261864,-1.0,-0.6170677772225374,SKIP,MOS -100% below watch threshold 10%,Net debt/EBITDA 6.1x,363.8282680550795,,1.45,2026-03-31,Transportation & Logistic | Transportation | Passenger Marine Transportation | Passenger Marine Transportation,10,18.1436746865216,9.323868477410677,1.8682050333418738
SOFA,Boston Furniture Industries Tbk.,Consumer Cyclicals,Ordinary,272.0,,,,,,,,,,False,,,,,,,,,,,,SKIP,No usable intrinsic value - cannot assess margin of safety,,,,,,Consumer Cyclicals,49,11.174937874788398,8.450289443602555,1.219026001317649
SOHO,Soho Global Health Tbk.,Healthcare,Compounder,1185.0,75.0,92.6,38.2,68.6,7,4.603907508820471,0.06097969066812061,0.45373844751535775,16.398902471356532,False,143.9039306244488,343.05606378526954,427.48442117275255,646.8790499736956,878.9723078169386,-1.7720308420809672,-0.831872588930166,-0.3481653397512917,503.67355336643004,-1.0,-0.5749590266949958,SKIP,MOS -100% below watch threshold 10%,,499.40924420843,,0.45,2026-06-30,Healthcare | Pharmaceuticals & Health Care Research | Pharmaceuticals | Pharmaceuticals,6,9.281741633694939,7.472695760741151,1.469293510764925
SOLA,Xolare RCR Energy Tbk.,Energy,Cyclical,93.0,,,,,,,,,,False,,,,,,,,,,,,SKIP,No usable intrinsic value - cannot assess margin of safety,,,,,,Energy,48,12.769743421191965,8.117437974233383,1.3229373691448352
SONA,Sona Topas Tourism Industry Tbk.,Consumer Cyclicals,Compounder,2600.0,90.0,97.8,61.2,83.0,8,9.680345794598365,0.1460702342656344,0.7169465541364294,6.846021744453844,False,798.4809739504907,1327.3255103323893,2575.9703331107307,3570.382519607678,4620.6168375139005,-0.009328394267744202,0.27178671032545443,0.43730456529286316,2623.807970979746,0.009073823710832063,0.009156911915287003,SKIP,MOS 1% below watch threshold 10%,Trailing EBIT 3.2x mid-cycle - possible peak earnings,2924.364138081354,,0.45,2026-06-30,"Consumer Cyclicals | Consumer Services | Tourism & Recreation | Hotels, Resorts & Cruise Lines",4,20.170262477240115,14.879103844859301,1.5661740593254243
SOSS,Shield On Service Tbk.,Industrials,Cyclical,870.0,,,,,,,,,,False,,,,,,,,,,,,SKIP,No usable intrinsic value - cannot assess margin of safety,,,,,,Industrials | Industrial Services | Business Support Services | Business Support Services,10,13.35995628193082,9.538398395217746,1.4057675482565506
SOTS,Satria Mega Kencana Tbk.,Consumer Cyclicals,Ordinary,655.0,43.3,33.7,20.0,32.3,3,0.16118497653836938,-0.0074199158470326,-0.014584307434022179,-134.7724179917652,False,-182.48006800112762,,,,,,,,497.19498152496635,-0.3173906099997704,-0.2409236923282957,SKIP,MOS -32% below watch threshold 10%,Net debt/EBITDA 184.0x; Interest coverage -1.1x,497.19498152496635,,1.45,2026-03-31,Consumer Cyclicals | Retailing | Specialty Retail | Specialty Stores,6,10.582498513763287,10.050352905588877,2.8584492925773355
SOUL,Mitra Tirta Buwana Tbk.,Consumer Non-Cyclicals,Ordinary,37.0,,,,,,,,,,False,,,,,,,,,,,,SKIP,No usable intrinsic value - cannot assess margin of safety,,,,,,Consumer Non-Cyclicals | Food & Beverage | Beverages,5,12.186474887692365,9.430863211296208,4.800185240922143
SPMA,Suparma Tbk.,Basic Materials,Cyclical,167.0,30.0,70.3,84.2,61.5,6,4.159882589330884,0.1136061866836188,0.06302319012945523,8.802337523966843,False,34.642192537641684,172.52846685437027,,,16.942365518592908,,,-8.85694706071184,154.76846490276853,-0.07903118445295552,-0.07324272513312258,SKIP,MOS -8% below watch threshold 10%,,125.168461650099,,0.45,2026-06-30,Basic Materials | Forestry & Paper | Paper | Paper,4,5.822632122345567,5.913922020964207,0.3874348043236587
SPRE,Soraya Berjaya Indonesia Tbk.,Consumer Cyclicals,Ordinary,88.0,,,,,,,,,,False,,,,,,,,,,,,SKIP,No usable intrinsic value - cannot assess margin of safety,,,,,,Consumer Cyclicals | Retailing | Specialty Retail | Specialty Stores,6,10.582498513763287,10.050352905588877,2.8584492925773355
SPTO,Surya Pertiwi Tbk.,Industrials,Cyclical,600.0,63.3,90.3,84.2,79.3,6,4.731015810407529,0.14669235594023283,0.14047609861765334,6.816987794561238,False,179.86323200385127,888.660947389783,667.7581861343654,1053.3189721647227,1468.070382737469,0.10147114261019505,0.4303719805151584,0.5913002489150437,850.7641571349463,0.29475167122628404,0.4179402618915773,WATCH,MOS 29% attractive but short of buy threshold 30%,,652.566296690368,,0.45,2026-06-30,Industrials | Industrial Goods,10,7.337987077260884,6.732346217288436,0.694251249684102
SQMI,Wilton Makmur Indonesia Tbk.,Basic Materials,Cyclical,65.0,30.0,26.1,20.0,25.4,4,-7.996835161481636,-0.00966695184259806,-0.022902271925728742,-103.44522412881318,False,-26.144350267403585,,,,,,,,15.226392186023698,-1.0,-0.7657478125227124,SKIP,MOS -100% below watch threshold 10%,Interest coverage -4.0x,15.226392186023698,,1.45,2026-03-31,Basic Materials | Metals & Minerals,19,12.449518149274448,8.573447831556207,2.228715086990508
SRAJ,Sejahteraraya Anugrahjaya Tbk.,Healthcare,Ordinary,13025.0,58.3,32.9,20.0,37.1,4,0.2671177939722156,-0.00013348595659415027,-0.004023072459459271,-7491.424757440161,False,-354.9550220810462,,,,,,,,118.98265798027036,-1.0,-0.9908650550494994,SKIP,MOS -100% below watch threshold 10%,Net debt/EBITDA 42.0x; Interest coverage -0.1x,118.98265798027036,,0.45,2026-06-30,Healthcare | Healthcare Equipment & Providers | Healthcare Providers | Healthcare Providers,8,26.02401022549359,18.815604339264357,1.336894058656226
SRIL,Sri Rejeki Isman Tbk.,Consumer Cyclicals,Ordinary,146.0,,,,,,,,,,False,,,,,,,,,,,,SKIP,No usable intrinsic value - cannot assess margin of safety,,,,,,Consumer Cyclicals,49,11.174937874788398,8.450289443602555,1.219026001317649
SRSN,Indo Acidatama Tbk.,Basic Materials,Deep Value,72.0,71.7,100.0,100.0,90.6,9,12.2873196346588,0.4051628036646572,0.195990834316209,2.46814364733164,False,76.21946127181793,82.00472552389378,27.820615421227554,42.41114977902905,57.973228970376155,-1.5880088887272745,-0.6976667780792324,-0.24195255773645816,76.21946127181793,0.055359368872606764,0.05860362877524916,SKIP,MOS 6% below watch threshold 10%,Trailing EBIT 2.3x mid-cycle - possible peak earnings,177.09927466148753,,0.45,2026-06-30,Basic Materials | Chemicals | Basic Chemicals | Basic Chemicals,8,8.598946032361429,6.137238035447713,1.0540245818465046
SRTG,Saratoga Investama Sedaya Tbk.,Financials,Financial,1835.0,72.5,92.6,100.0,88.4,7,14.929735711115566,,0.2369516464095774,-2.4203355959713306,False,-259.68128576538317,2670.7834014801238,2352.5843250314574,3716.822430706413,5184.641661567257,0.22000670476478523,0.5062987177325975,0.6460700430653676,13727.79323721641,0.8663295718189238,6.481086232815483,WATCH,"Cheap and sound, but flagged: Trailing EBIT 2.9x mid-cycle - possible peak earnings",Trailing EBIT 2.9x mid-cycle - possible peak earnings,16311.72814174428,11143.85833268854,1.45,2026-03-31,Financials | Holding & Investment Companies | Investment Companies | Investment Companies,13,14.566398170997925,15.07996983497698,0.7997799244128763
SSIA,Surya Semesta Internusa Tbk.,Properties & Real Estate,Cyclical,1715.0,53.3,68.0,18.8,46.7,0,3.092992948982161,0.05263527824804122,0.06479125398430606,18.99866464631474,False,-214.00850461762442,385.61116722334054,,,,,,,596.2125733983817,-1.0,-0.6523541846073576,SKIP,MOS -100% below watch threshold 10%,,947.2149170234502,,0.45,2026-06-30,Properties & Real Estate | Real Estate | Real Estate Development | Real Estate Development,35,12.379916854923529,9.504502268830333,0.7706297288148782
SSMS,Sawit Sumbermas Sarana Tbk.,Consumer Non-Cyclicals,Compounder,930.0,78.3,75.6,74.5,76.1,7,3.0091846221540712,0.15491036539467776,0.3121921538991317,6.455345950880811,False,-457.5713725888134,397.4617611646719,526.8571412822168,1296.4623828489198,2116.10666085309,-0.7651843870553806,0.2826633365509878,0.5605136464978194,919.446730538303,-0.011477847613334237,-0.011347601571717214,SKIP,MOS -1% below watch threshold 10%,,1047.0006439643992,,1.45,2026-03-31,Consumer Non-Cyclicals | Food & Beverage | Agricultural Products | Plantations & Crops,26,8.531657563897525,6.89544177076508,1.5596099814498379
SSTM,Sunson Textile Manufacture Tbk.,Consumer Cyclicals,Ordinary,430.0,25.0,75.4,20.0,40.1,6,1.3042766831092814,-0.0017189437458292208,-0.0035312152816077995,-581.7526038454497,False,20.540456665321855,,9.28781220411499,12.465937046339508,15.894557483513692,-45.297232389075155,-33.4939973947859,-26.053285405775455,92.37446303531824,-1.0,-0.785175667359725,SKIP,MOS -100% below watch threshold 10%,,220.2281046176842,,0.45,2026-06-30,Consumer Cyclicals,49,11.174937874788398,8.450289443602555,1.219026001317649
STAA,Sumber Tani Agung Resources Tbk.,Consumer Non-Cyclicals,Compounder,1080.0,88.3,95.6,88.8,90.9,7,7.277404844479315,0.16953092560386984,0.3474568471858639,5.898628798480253,False,157.55330188474116,1189.6853167998104,942.4103716670154,1449.0353996474428,1984.1002328426255,-0.14599757437898778,0.2546765936410048,0.45567266102646375,1266.0040207389106,0.1469221406029566,0.172225945128621,WATCH,MOS 15% attractive but short of buy threshold 30%,,1080.0,,1.45,2026-03-31,Consumer Non-Cyclicals | Food & Beverage | Agricultural Products | Plantations & Crops,26,8.531657563897525,6.89544177076508,1.5596099814498379
STAR,Buana Artha Anugerah Tbk.,Financials,Financial,332.0,57.5,88.9,17.5,54.6,6,17.69013488999177,0.03547774225896164,0.050597156933888755,28.186686534355243,False,112.77318008499594,10.87680862680257,12.409209605337635,16.19466664550428,20.201932466414615,-25.754322842382738,-19.500576348211823,-15.4340713717336,54.83781124541967,-1.0,-0.8348258697427118,SKIP,MOS -100% below watch threshold 10%,Trailing EBIT 7.2x mid-cycle - possible peak earnings,87.70266556119286,21.97295692964649,1.45,2026-03-31,Financials | Holding & Investment Companies | Investment Companies | Investment Companies,13,14.566398170997925,15.07996983497698,0.7997799244128763
STRK,Lovina Beach Brewery Tbk.,Consumer Non-Cyclicals,Ordinary,61.0,43.3,62.1,20.0,41.8,3,6.448114709039208,-0.04055107016690191,-0.2904476700472586,-24.660261637588235,False,3.7662589168246075,,,,,,,,50.101214576009596,-0.21753535350835915,-0.17866861350803942,SKIP,MOS -22% below watch threshold 10%,Interest coverage -22.3x,50.101214576009596,,0.45,2026-06-30,Consumer Non-Cyclicals | Food & Beverage | Beverages,5,12.186474887692365,9.430863211296208,4.800185240922143
STTP,Siantar Top Tbk.,Consumer Non-Cyclicals,Ordinary,9850.0,65.0,94.4,80.8,80.1,7,18.31212612345376,0.17379094592693323,0.32525578236092156,5.754039686396719,False,4554.980242784468,9402.816348912927,8165.050095682964,11075.739656222604,14214.665153788996,-0.20636124513282597,0.11066887578329411,0.30705367355245583,10162.814805050448,0.030780331143591574,0.03175784822847194,SKIP,MOS 3% below watch threshold 10%,,9766.132881767526,,0.45,2026-06-30,Consumer Non-Cyclicals | Food & Beverage | Processed Foods | Processed Foods,21,10.558880519242848,8.175622633576266,1.6206373241502938
SUGI,Sugih Energy Tbk.,Energy,Cyclical,50.0,,,,,,,,,,False,,,,,,,,,,,,SKIP,No usable intrinsic value - cannot assess margin of safety,,,,,,"Energy | Oil, Gas & Coal | Oil & Gas | Oil & Gas Production & Refinery",9,15.064036542847035,8.411588499041516,1.5179638241818716
SULI,SLJ Global Tbk.,Basic Materials,Cyclical,104.0,16.7,28.9,20.0,21.9,5,-23.07393683259604,-0.10798161879409934,-0.09739938241042667,-9.260835419654265,False,-62.89975568878739,,,,,,,,49.31247323661613,-1.0,-0.5258416034940757,SKIP,MOS -100% below watch threshold 10%,Interest coverage -8.7x,49.31247323661613,,0.45,2026-06-30,Basic Materials | Forestry & Paper,6,7.768566870702134,9.44136568520986,1.3783061458986228
SUNI,Sunindo Pratama Tbk.,Industrials,Cyclical,720.0,76.7,88.1,43.0,69.3,5,7.559140445875732,0.0899587099384121,0.18301615566366794,11.116210989293023,False,88.00776872506648,506.23535180145626,3.7200291749696053,8.13495209999056,12.79771028993372,-192.54686916020836,-87.50697473692999,-55.26006400272473,444.00551850992827,-0.6216014666130784,-0.38332566873621077,SKIP,MOS -62% below watch threshold 10%,,630.8695072973402,,0.45,2026-06-30,Industrials | Industrial Services | Business Support Services | Business Support Services,10,13.35995628193082,9.538398395217746,1.4057675482565506
SUPA,Super Bank Indonesia Tbk.,Financials,Financial,590.0,70.0,88.9,17.5,58.8,7,,,,,False,,,1406.5456773033493,2207.7785392608166,3053.9892551876505,0.5805326414061739,0.7327630514075306,0.806810060317731,79.45055482130861,-1.0,-0.8653380426757481,SKIP,MOS -100% below watch threshold 10%,,136.12539876482526,22.775710877791965,0.45,2026-06-30,Financials | Banks | Banks | Banks,39,13.481315257379515,,0.7861812292608251
SUPR,Solusi Tunas Pratama Tbk.,Infrastructures,Cyclical,43850.0,58.3,76.8,25.0,53.4,8,5.8436374201747965,0.01909060959231466,0.09836845769869795,52.38177414735733,False,-1212.1296733223223,5605.250327077606,1030.1285358459822,2155.245558714556,3371.915977052879,-41.56750344653704,-19.345709482010612,-12.00447588208463,6385.556415533152,-1.0,-0.854377276726724,SKIP,MOS -100% below watch threshold 10%,,10506.273800838127,,0.45,2026-06-30,Infrastructures | Telecommunication | Telecommunication Service | Wired Telecommunication Service,5,27.330200244220453,13.219713383808653,1.4052395821892443
SURE,Super Energy Tbk.,Energy,Cyclical,2750.0,38.3,32.8,18.3,29.8,8,-1.6215766781206011,0.00016126664367896817,0.0006357993884842617,6200.910350628303,False,-862.2435788765822,,,,,,,,,,,SKIP,No usable intrinsic value - cannot assess margin of safety,Net debt/EBITDA 22.1x; Interest coverage 0.0x; Trailing EBIT -0.0x mid-cycle - possible peak earnings,,,0.45,2026-06-30,"Energy | Oil, Gas & Coal | Oil & Gas | Oil & Gas Production & Refinery",9,15.064036542847035,8.411588499041516,1.5179638241818716
SURI,Maja Agung Latexindo Tbk.,Basic Materials,Cyclical,73.0,50.0,88.9,20.0,53.0,6,10.743816344780853,-0.00021941943817743874,-0.0002886378979272149,-4557.481362208786,False,24.81817471844243,,7.437278703020493,11.524773584028756,15.841723292200971,-8.815418100487829,-5.334180838152408,-3.608084528022187,54.17949880283372,-0.3473731136874585,-0.2578150848926888,SKIP,MOS -35% below watch threshold 10%,,82.61598228203704,,1.45,2026-03-31,Basic Materials | Chemicals | Specialty Chemical | Specialty Chemical,8,13.16483991901313,10.120677959093147,1.520943283857289
SWAT,Sriwahana Adityakarta Tbk.,Energy,Cyclical,16.0,,,,,,,,,,False,,,,,,,,,,,,SKIP,No usable intrinsic value - cannot assess margin of safety,,,,,,"Energy | Oil, Gas & Coal | Coal | Coal Production",26,15.378032536083092,8.15902719908333,1.327597648369335
SWID,Saraswanti Indoland Development Tbk.,Properties & Real Estate,Cyclical,105.0,,,,,,,,,,False,,,,,,,,,,,,SKIP,No usable intrinsic value - cannot assess margin of safety,,,,,,Properties & Real Estate | Real Estate | Real Estate Development | Real Estate Development,35,12.379916854923529,9.504502268830333,0.7706297288148782
TALF,Tunas Alfin Tbk.,Basic Materials,Cyclical,975.0,,,,,,,,,,False,,,,,,,,,,,,SKIP,No usable intrinsic value - cannot assess margin of safety,,,,,,Basic Materials | Containers & Packaging | Containers & Packaging | Containers & Packaging,9,19.006084751788784,13.236591015696982,0.9401486583379153
TAMA,Lancartama Sejati Tbk.,Industrials,Cyclical,236.0,,,,,,,,,,False,,,,,,,,,,,,SKIP,No usable intrinsic value - cannot assess margin of safety,,,,,,Industrials | Industrial Services | Business Support Services | Business Support Services,10,13.35995628193082,9.538398395217746,1.4057675482565506
TAMU,Pelayaran Tamarin Samudra Tbk.,Transportation & Logistic,Cyclical,25.0,16.7,32.4,20.0,23.0,4,-0.3041603344196854,-0.024395965659628115,-0.05441778167632027,-40.99038398200646,False,-2.1531940410480805,,,,,,,,15.240782487287373,-0.6403357256002424,-0.39036870050850514,SKIP,MOS -64% below watch threshold 10%,Interest coverage -1.7x,15.240782487287373,,1.45,2026-03-31,Transportation & Logistic | Transportation | Passenger Marine Transportation | Passenger Marine Transportation,10,18.1436746865216,9.323868477410677,1.8682050333418738
TAPG,Triputra Agro Persada Tbk.,Consumer Non-Cyclicals,Compounder,1845.0,83.3,95.6,71.8,83.6,7,8.863480954655692,0.13982132368732883,0.44395889478830497,7.151984930683531,False,62.253498783223264,1309.0360639730552,1078.9866878276516,1692.0697161240873,2347.9508918508336,-0.7099376858064675,-0.09038060454519568,0.214208437491795,1559.570341268291,-0.18301813722591614,-0.154704422076807,SKIP,MOS -18% below watch threshold 10%,,1698.3193297123473,,0.45,2026-06-30,Consumer Non-Cyclicals | Food & Beverage | Agricultural Products | Plantations & Crops,26,8.531657563897525,6.89544177076508,1.5596099814498379
TARA,Agung Semesta Sejahtera Tbk.,Properties & Real Estate,Cyclical,30.0,65.0,70.4,44.0,59.8,6,11.132798825895852,-0.01589585047792203,-0.00465189161433411,-62.90949964513783,False,10.23039843686093,,20.893899065638784,33.04060133411694,45.94794756180191,-0.4358258315383901,0.09202621052109272,0.34708726739864176,60.95892743986914,0.5078653568898095,1.0319642479956381,WATCH,"Cheap and sound, but flagged: Interest coverage -435.2x",Interest coverage -435.2x,79.57114484370395,,0.45,2026-06-30,Properties & Real Estate | Real Estate | Real Estate Development | Real Estate Development,35,12.379916854923529,9.504502268830333,0.7706297288148782
TAXI,Express Transindo Utama Tbk.,Transportation & Logistic,Cyclical,14.0,33.3,44.9,20.0,32.7,4,-91.18478886495974,-0.10901687714795476,-0.4203096462313582,-9.172891630741056,False,3.3793464245114495,,,,,,,,4.622558452566787,-1.0,-0.6698172533880866,SKIP,MOS -100% below watch threshold 10%,Interest coverage -47078.1x,4.622558452566787,,0.45,2026-06-30,Transportation & Logistic | Transportation | Passenger Land Transportation | Road Transportation,5,6.625536398518111,5.910974792208097,1.2412717730358216
TAYS,Jaya Swarasa Agung Tbk.,Consumer Cyclicals,Ordinary,50.0,,,,,,,,,,False,,,,,,,,,,,,SKIP,No usable intrinsic value - cannot assess margin of safety,,,,,,Consumer Cyclicals | Retailing | Specialty Retail | Specialty Stores,6,10.582498513763287,10.050352905588877,2.8584492925773355
TBIG,Tower Bersama Infrastructure Tbk.,Infrastructures,Cyclical,1410.0,65.0,35.6,43.2,47.9,7,-1.216355853332771,0.06098591420155386,0.0842296339645408,16.39722898463201,False,-1376.128283166332,,,,,,,,991.4330226327194,-0.42218381656865644,-0.29685601231722025,SKIP,MOS -42% below watch threshold 10%,Net debt/EBITDA 7.6x,991.4330226327193,,0.45,2026-06-30,Infrastructures | Telecommunication | Telecommunication Service,9,20.371497234407094,12.179224655374979,1.7351265363762383
TBLA,Tunas Baru Lampung Tbk.,Consumer Non-Cyclicals,Ordinary,630.0,51.7,51.1,64.2,55.7,5,2.3669876720217076,0.12095586637378612,0.1401988813812662,8.267478295841652,False,-1023.9330800859304,,,,,,,,1876.0008076882941,0.6641792490610285,1.977779059822689,WATCH,"Cheap and sound, but flagged: Net debt/EBITDA 6.9x",Net debt/EBITDA 6.9x,1876.0008076882941,,0.45,2026-06-30,Consumer Non-Cyclicals | Food & Beverage | Agricultural Products | Plantations & Crops,26,8.531657563897525,6.89544177076508,1.5596099814498379
TBMS,Tembaga Mulia Semanan Tbk.,Basic Materials,Cyclical,1230.0,,,,,,,,,,False,,,,,,,,,,,,SKIP,No usable intrinsic value - cannot assess margin of safety,,,,,,Basic Materials | Metals & Minerals,19,12.449518149274448,8.573447831556207,2.228715086990508
TCID,Mandom Indonesia Tbk.,Consumer Non-Cyclicals,Deep Value,2750.0,31.7,95.6,52.5,59.9,7,9.69430689957111,0.08496381610727143,0.02692067378515084,11.769716166437789,False,2871.3965249160633,2106.6936107742717,,,,,,,2106.6936107742717,-0.3053630513405764,-0.23392959608208297,SKIP,MOS -31% below watch threshold 10%,,2735.127818418089,,0.45,2026-06-30,Consumer Non-Cyclicals | Nondurable Household Products | Personal Care Products | Personal Care Products,4,31.671915126739798,11.719520008819957,0.7935798409148047
TCPI,Transcoal Pacific Tbk.,Transportation & Logistic,Cyclical,4050.0,45.0,49.3,18.8,37.7,6,2.4011657335627707,0.011843258225656931,0.07540555243420642,84.43622362582838,False,-212.23320997020267,11.0480871533583,,,,,,,210.4961448762589,-1.0,-0.9480256432404299,SKIP,MOS -100% below watch threshold 10%,Net debt/EBITDA 4.3x,542.9095744144266,,0.45,2026-06-30,Transportation & Logistic | Transportation | Passenger Marine Transportation | Passenger Marine Transportation,10,18.1436746865216,9.323868477410677,1.8682050333418738
TDPM,Tianrong Chemicals Industry Tbk.,Basic Materials,Cyclical,119.0,,,,,,,,,,False,,,,,,,,,,,,SKIP,No usable intrinsic value - cannot assess margin of safety,,,,,,Basic Materials | Chemicals | Basic Chemicals | Basic Chemicals,8,8.598946032361429,6.137238035447713,1.0540245818465046
TEBE,Dana Brata Luhur Tbk.,Financials,Financial,1120.0,35.0,88.9,52.5,58.8,6,15.91461680933772,0.13528026889026643,0.21749122813435678,7.39206100197182,False,355.2646088213555,1552.6113151543711,1084.976394113097,1508.992240855277,1971.780174363583,-0.03228052340763841,0.25778279723612185,0.4319853629923558,926.3164523341932,-0.209090043880523,-0.1729317389873275,SKIP,MOS -21% below watch threshold 10%,,1120.0,732.6329046683863,0.45,2026-06-30,Financials | Holding & Investment Companies | Investment Companies | Investment Companies,13,14.566398170997925,15.07996983497698,0.7997799244128763
TECH,Indosterling Technomedia Tbk.,Technology,Ordinary,50.0,,,,,,,,,,False,,,,,,,,,,,,SKIP,No usable intrinsic value - cannot assess margin of safety,,,,,,Technology | Software & IT Services | IT Services & Consulting | IT Services & Consulting,5,7.905805643427312,6.074486307476839,2.0568949537989996
TELE,Omni Inovasi Indonesia Tbk.,Technology,Ordinary,9.0,45.0,40.3,,42.6,5,,,,,False,-653.0496598181255,,,,,,,,,,,SKIP,Filings 4.5 quarters stale - not screenable,,,,4.45,2025-06-30,Technology | Software & IT Services | Online Applications & Services | Online Applications & Services,4,21.198769120872733,15.304424115402707,2.0753128335742566
TFAS,Telefast Indonesia Tbk.,Technology,Ordinary,194.0,16.7,64.9,20.0,33.9,4,8.825529215014537,-0.037815574353327365,-0.08171092828425171,-26.44413094606378,False,89.9359959806748,,,,,,,,209.21009280793734,0.07270248105047578,0.0784025402470998,SKIP,MOS 7% below watch threshold 10%,Interest coverage -2.5x,209.21009280793734,,1.45,2026-03-31,Technology | Software & IT Services | Online Applications & Services | Online Applications & Services,4,21.198769120872733,15.304424115402707,2.0753128335742566
TFCO,Tifico Fiber Indonesia Tbk.,Basic Materials,Cyclical,760.0,16.7,88.9,18.3,41.3,4,12.8657539036347,0.0063499701294695305,0.004770552759711867,157.48105575475185,False,382.1025618498602,199.73416116139782,123.76063805064899,131.30290752262584,139.53484349793695,-5.140886245988569,-4.788142961488026,-4.446668236749317,332.5263463069456,-1.0,-0.5624653338066505,SKIP,MOS -100% below watch threshold 10%,Normalised EBIT 2.2x trailing - valuation assumes cycle recovery,687.9956140724049,,0.45,2026-06-30,Basic Materials | Chemicals | Basic Chemicals | Basic Chemicals,8,8.598946032361429,6.137238035447713,1.0540245818465046
TGKA,Tigaraksa Satria Tbk.,Consumer Non-Cyclicals,Ordinary,4960.0,50.0,88.1,76.0,71.4,5,5.654962230488162,0.1342049016208528,0.2400513269380439,7.451292672045144,False,1691.5604433750555,4250.334865038789,3517.0975523098423,5351.351481959808,7335.400474595865,-0.41025374651395047,0.07313133575305435,0.3238269652519189,4868.1577955474995,-0.018865905401936833,-0.018516573478326692,SKIP,MOS -2% below watch threshold 10%,,4960.0,,0.45,2026-06-30,Consumer Non-Cyclicals | Food & Beverage | Processed Foods | Processed Foods,21,10.558880519242848,8.175622633576266,1.6206373241502938
TGRA,Terregra Asia Energy Tbk.,Energy,Cyclical,27.0,55.0,20.6,20.0,31.9,2,0.2741283954726035,-0.12571221413247835,-0.06312726273560013,-7.954676535616322,False,-50.790059982957224,,,,0.4258556102597612,,,-62.40177128001362,121.78195448284383,0.7782922756112963,3.510442758623846,SKIP,Filings 3.4 quarters stale - not screenable,Interest coverage -9.0x,121.78195448284383,,3.44,2025-09-30,Energy,48,12.769743421191965,8.117437974233383,1.3229373691448352
TGUK,Platinum Wahab Nusantara Tbk.,Industrials,Cyclical,101.0,,,,,,,,,,False,,,,,,,,,,,,SKIP,No usable intrinsic value - cannot assess margin of safety,,,,,,Industrials | Industrial Services | Business Support Services | Business Support Services,10,13.35995628193082,9.538398395217746,1.4057675482565506
TIFA,KDB Tifa Finance Tbk.,Financials,Financial,338.0,50.0,72.2,62.5,61.6,4,6.88971493873975,0.03581830125913036,0.04506194043127726,27.91868862695135,False,276.1837754767799,,,42.68725775055175,127.12606994757132,,-6.918053719335748,-1.6587780157083138,132.7539288291586,-1.0,-0.607236896955152,SKIP,MOS -100% below watch threshold 10%,,187.73795127453207,77.76990638378514,0.45,2026-06-30,Financials | Financing Service | Consumer Financing | Consumer Financing,10,7.989408923865265,19.754981122137107,0.6942929524188031
TINS,Timah Tbk.,Basic Materials,Cyclical,3880.0,60.0,91.1,88.8,80.0,5,6.8357894309180836,0.18942129302606056,0.5808113675466221,5.279237534622995,False,492.44542732656754,2030.2676248824678,1325.774081875738,1830.8975238316968,2379.9306659830663,-1.9265921343932748,-1.1191792273987828,-0.6302995946301265,3180.559395182652,-0.21991119105549056,-0.18026819711787312,SKIP,MOS -22% below watch threshold 10%,Trailing EBIT 2.8x mid-cycle - possible peak earnings,5997.486926583597,,0.45,2026-06-30,Basic Materials | Metals & Minerals,19,12.449518149274448,8.573447831556207,2.228715086990508
TIRA,Tira Austenite Tbk.,Basic Materials,Cyclical,440.0,,,,,,,,,,False,,,,,,,,,,,,SKIP,No usable intrinsic value - cannot assess margin of safety,,,,,,Basic Materials | Metals & Minerals | Diversified Metals & Minerals | Diversified Metals & Minerals,9,12.449518149274448,9.956241790640217,2.128841754446317
TIRT,Tirta Mahakam Resources Tbk.,Basic Materials,Cyclical,590.0,56.7,55.1,18.3,43.4,5,-7.183950692613246,0.0254450168088054,0.11519714991284227,39.30042599358567,False,-863.4526429583481,,,,,,,,,,,SKIP,No usable intrinsic value - cannot assess margin of safety,Net debt/EBITDA 24.0x; Trailing EBIT -2.3x mid-cycle - possible peak earnings,,,0.45,2026-06-30,Basic Materials | Forestry & Paper,6,7.768566870702134,9.44136568520986,1.3783061458986228
TKIM,Pabrik Kertas Tjiwi Kimia Tbk.,Basic Materials,Cyclical,7150.0,36.7,79.1,80.0,65.3,5,6.242129062910291,0.33052316829042827,0.1030540016897084,3.025506517961571,False,-1811.5347374684802,8052.972565481219,1526.7031412379476,4607.48197679046,7969.170289737088,-3.6832942219548506,-0.5518237588377156,0.10279241877815529,7588.785865699609,0.05782029872299698,0.061368652545399804,SKIP,MOS 6% below watch threshold 10%,,8802.677292003023,,0.45,2026-06-30,Basic Materials | Forestry & Paper | Paper | Paper,4,5.822632122345567,5.913922020964207,0.3874348043236587
TLDN,Teladan Prima Agro Tbk.,Consumer Non-Cyclicals,Compounder,565.0,88.3,84.3,93.2,88.6,6,4.618663810206663,0.18991214314048654,0.33592328049999437,5.2655927286348145,False,-56.91062376358891,436.80860458256234,,,,,,,574.2242181965213,0.016063791641341772,0.016326049905347473,SKIP,MOS 2% below watch threshold 10%,,766.6060772560638,,0.45,2026-06-30,Consumer Non-Cyclicals | Food & Beverage | Agricultural Products | Plantations & Crops,26,8.531657563897525,6.89544177076508,1.5596099814498379
TLKM,Telkom Indonesia (Persero) Tbk.,Infrastructures,Cyclical,2670.0,68.3,65.1,74.8,69.4,5,1.9989176198869305,0.11623930234094354,0.16119376111273662,8.60294220509757,False,-885.6377138790497,2336.2840606353816,2679.4642504122958,4376.808624032293,6213.89885121859,0.0035321428195354654,0.38996647343923246,0.5703180782422305,3105.712819936507,0.14029398247627245,0.16318832207359812,WATCH,MOS 14% attractive but short of buy threshold 30%,,3540.696882707859,,0.45,2026-06-30,Infrastructures | Telecommunication | Telecommunication Service,9,20.371497234407094,12.179224655374979,1.7351265363762383
TMAS,Temas Tbk.,Transportation & Logistic,Cyclical,125.0,55.0,72.9,53.5,60.5,4,4.132013679584157,0.10411773589931732,0.18919053479665462,9.604511578767022,False,-25.49743541829835,66.30138421206127,,,,,,,86.98889253502621,-0.4369650694158287,-0.30408885971979027,SKIP,MOS -44% below watch threshold 10%,,121.46807307330111,,0.45,2026-06-30,Transportation & Logistic | Transportation | Passenger Marine Transportation | Passenger Marine Transportation,10,18.1436746865216,9.323868477410677,1.8682050333418738
TMPO,Tempo Intimedia Tbk.,Consumer Cyclicals,Ordinary,174.0,,,,,,,,,,False,,,,,,,,,,,,SKIP,No usable intrinsic value - cannot assess margin of safety,,,,,,Consumer Cyclicals | Media & Entertainment | Media,7,9.009775676765488,6.269351454515765,2.0515302456242384
TNCA,Trimuda Nuansa Citra Tbk.,Transportation & Logistic,Cyclical,165.0,,,,,,,,,,False,,,,,,,,,,,,SKIP,No usable intrinsic value - cannot assess margin of safety,,,,,,Transportation & Logistic | Logistics & Deliveries | Logistics & Deliveries | Logistics & Deliveries,7,9.052415583885466,6.788313476605148,1.053034918368662
TOBA,TBS Energi Utama Tbk.,Energy,Cyclical,530.0,23.3,34.6,20.0,26.0,3,-0.15007438733210265,-0.5834134979901974,-0.23462170222298928,-1.714050160726316,False,-861.2452241835391,92.22586601362511,,,,,,,256.3911662585157,-1.0,-0.5162430825311024,SKIP,MOS -100% below watch threshold 10%,Interest coverage -5.8x,530.0,,1.45,2026-03-31,"Energy | Oil, Gas & Coal | Coal | Coal Production",26,15.378032536083092,8.15902719908333,1.327597648369335
TOOL,Rohartindo Nusantara Luas Tbk.,Industrials,Cyclical,69.0,,,,,,,,,,False,,,,,,,,,,,,SKIP,No usable intrinsic value - cannot assess margin of safety,,,,,,Industrials | Industrial Goods | Machinery,4,14.416005681359687,9.823816834611925,1.0469873784900932
TOPS,Totalindo Eka Persada Tbk.,Infrastructures,Cyclical,1.0,20.0,33.3,,26.6,3,,,,,False,,,,,,,,,,,,SKIP,No usable intrinsic value - cannot assess margin of safety,,,,,,Infrastructures | Heavy Constructions & Civil Engineering | Heavy Constructions & Civil Engineering | Heavy Constructions & Civil Engineering,7,9.058166174021757,7.094076259920247,0.8993139336443662
TOSK,Topindo Solusi Komunika Tbk.,Technology,Ordinary,70.0,,,,,,,,,,False,,,,,,,,,,,,SKIP,No usable intrinsic value - cannot assess margin of safety,,,,,,Technology | Software & IT Services | Online Applications & Services | Online Applications & Services,4,21.198769120872733,15.304424115402707,2.0753128335742566
TOTL,Total Bangun Persada Tbk.,Infrastructures,Cyclical,1295.0,80.0,78.5,66.0,74.8,8,2.330970886763209,0.1409626797571587,0.40860473741281844,7.094076259920247,False,42.035192762378024,653.3815580939863,586.8892860534434,784.1397603656694,992.4630493991101,-1.2065490557993839,-0.6514913099115139,-0.304834472965076,835.3708193219303,-0.5502097631937278,-0.3549260082456137,SKIP,MOS -55% below watch threshold 10%,Trailing EBIT 2.1x mid-cycle - possible peak earnings,1172.8402940060107,,0.45,2026-06-30,Infrastructures | Heavy Constructions & Civil Engineering | Heavy Constructions & Civil Engineering | Heavy Constructions & Civil Engineering,7,9.058166174021757,7.094076259920247,0.8993139336443662
TOTO,Surya Toto Indonesia Tbk.,Industrials,Cyclical,236.0,58.3,95.6,74.5,76.1,7,9.063828261977399,0.16584455214524485,0.1409458326032568,6.029742834869914,False,78.21471627327216,271.68022841033644,229.84474977055123,357.1469959846945,493.95081633784156,-0.026780034069054933,0.33920765776197725,0.5222196376762622,273.0162709831879,0.13558265538491412,0.15684860586096572,WATCH,MOS 14% attractive but short of buy threshold 30%,,219.15585860360255,,1.45,2026-03-31,Industrials | Industrial Goods,10,7.337987077260884,6.732346217288436,0.694251249684102
TOWR,Sarana Menara Nusantara Tbk.,Infrastructures,Cyclical,400.0,73.3,38.3,78.0,63.2,6,0.06718110057814841,0.10642358740683375,0.09684377754895329,9.396413185896675,False,-795.3479697462259,,,,,,,,892.0860616963761,0.5516127678989103,1.2302151542409403,WATCH,Cheap but balance sheet weak - possible value trap,Net debt/EBITDA 6.1x,892.0860616963761,,0.45,2026-06-30,Infrastructures | Telecommunication | Telecommunication Service | Wired Telecommunication Service,5,27.330200244220453,13.219713383808653,1.4052395821892443
TOYS,Sunindo Adipersada Tbk.,Consumer Cyclicals,Ordinary,8.0,,,,,,,,,,False,,,,,,,,,,,,SKIP,No usable intrinsic value - cannot assess margin of safety,,,,,,Consumer Cyclicals,49,11.174937874788398,8.450289443602555,1.219026001317649
TPIA,Chandra Asri Pacific Tbk.,Basic Materials,Cyclical,2210.0,68.3,82.1,73.2,74.5,5,3.824351581725595,0.19466378527320954,0.2676745134353389,5.137062338516152,False,-388.1093132801077,,,,,,,,2045.0355645386674,-0.08066580274781011,-0.07464454093272965,SKIP,MOS -8% below watch threshold 10%,Trailing EBIT 39.6x mid-cycle - possible peak earnings,2045.0355645386674,,0.45,2026-06-30,Basic Materials | Chemicals | Basic Chemicals | Basic Chemicals,8,8.598946032361429,6.137238035447713,1.0540245818465046
TPMA,Trans Power Marine Tbk.,Transportation & Logistic,Cyclical,466.0,76.7,42.7,71.8,63.7,3,2.3215635835227966,0.2422358450422998,0.09393125929920798,4.128208192414205,False,-467.13454181556483,518.2936269435875,,,,,,,704.19812467218,0.3382544149532727,0.5111547739746352,WATCH,Cheap but F-Score 3/9 shows deteriorating fundamentals,Net debt/EBITDA 4.8x,1014.0389542198344,,0.45,2026-06-30,Transportation & Logistic | Transportation | Passenger Marine Transportation | Passenger Marine Transportation,10,18.1436746865216,9.323868477410677,1.8682050333418738
TRAM,Trada Alam Minera Tbk.,Energy,Cyclical,50.0,,,,,,,,,,False,,,,,,,,,,,,SKIP,No usable intrinsic value - cannot assess margin of safety,,,,,,"Energy | Oil, Gas & Coal | Coal | Coal Production",26,15.378032536083092,8.15902719908333,1.327597648369335
TRGU,Cerestar Indonesia Tbk.,Consumer Non-Cyclicals,Ordinary,168.0,31.7,26.1,18.8,25.5,5,0.7162399800375122,0.05772878992339097,0.14060232233155048,17.322379376513013,False,-42.981611333340354,,,,,,,,128.0036135037195,-0.3124629485176081,-0.23807372914452685,SKIP,MOS -31% below watch threshold 10%,Net debt/EBITDA 10.0x; Interest coverage 1.4x,128.0036135037195,,0.45,2026-06-30,Consumer Non-Cyclicals | Food & Beverage | Processed Foods | Processed Foods,21,10.558880519242848,8.175622633576266,1.6206373241502938
TRIL,Triwira Insanlestari Tbk.,Industrials,Cyclical,50.0,,,,,,,,,,False,,,,,,,,,,,,SKIP,No usable intrinsic value - cannot assess margin of safety,,,,,,Industrials | Industrial Goods | Machinery,4,14.416005681359687,9.823816834611925,1.0469873784900932
TRIM,Trimegah Sekuritas Indonesia Tbk.,Financials,Financial,610.0,100.0,80.2,65.0,81.7,5,5.059463523832335,0.43902562039525334,0.24383451785071883,2.2777713954363374,False,297.4971527909696,,77.34051593883919,340.22122299689806,617.8589509097118,-6.887198483164858,-0.7929510529258241,0.012719652111765255,889.1607703104165,0.313959836771654,0.45764060706625664,WATCH,"Cheap and sound, but flagged: Trailing EBIT 2.7x mid-cycle - possible peak earnings",Trailing EBIT 2.7x mid-cycle - possible peak earnings,1067.4766492106758,710.8448914101573,1.45,2026-03-31,Financials | Investment Service | Investment Services | Investment Banking & Brokerage Services,4,19.145500860475803,10.882301928835526,2.9574084099589757
TRIN,Perintis Triniti Properti Tbk.,Properties & Real Estate,Cyclical,320.0,36.7,21.7,18.8,25.7,3,0.1282931321669285,0.005956539447055598,0.015232945374107186,167.882712586469,False,-86.60594498732897,,,,,,,,69.42621649465397,-1.0,-0.7830430734542063,SKIP,MOS -100% below watch threshold 10%,Net debt/EBITDA 38.8x; Interest coverage 1.3x; Trailing EBIT -0.2x mid-cycle - possible peak earnings,69.42621649465397,,1.45,2026-03-31,Properties & Real Estate | Real Estate | Real Estate Development | Real Estate Development,35,12.379916854923529,9.504502268830333,0.7706297288148782
TRIO,Trikomsel Oke Tbk.,Consumer Cyclicals,Ordinary,426.0,,,,,,,,,,False,,,,,,,,,,,,SKIP,No usable intrinsic value - cannot assess margin of safety,,,,,,Consumer Cyclicals | Retailing | Specialty Retail,13,10.582498513763287,8.450289443602555,1.4759097575188527
TRIS,Trisula International Tbk.,Consumer Cyclicals,Ordinary,171.0,,,,,,,,,,False,,,,,,,,,,,,SKIP,No usable intrinsic value - cannot assess margin of safety,,,,,,Consumer Cyclicals,49,11.174937874788398,8.450289443602555,1.219026001317649
TRJA,Transkon Jaya Tbk.,Transportation & Logistic,Cyclical,111.0,,,,,,,,,,False,,,,,,,,,,,,SKIP,No usable intrinsic value - cannot assess margin of safety,,,,,,Transportation & Logistic | Transportation | Passenger Land Transportation | Road Transportation,5,6.625536398518111,5.910974792208097,1.2412717730358216
TRON,Teknologi Karya Digital Nusa Tbk.,Technology,Ordinary,105.0,,,,,,,,,,False,,,,,,,,,,,,SKIP,No usable intrinsic value - cannot assess margin of safety,,,,,,Technology | Software & IT Services | Online Applications & Services | Online Applications & Services,4,21.198769120872733,15.304424115402707,2.0753128335742566
TRST,Trias Sentosa Tbk.,Basic Materials,Cyclical,454.0,23.3,49.3,30.0,34.2,6,2.169473146997426,0.058254188682507035,0.05351285745857264,17.166147578676807,False,-219.02956491411587,,,,,,,,633.9945733692182,0.2839055426179415,0.39646381799387265,WATCH,MOS 28% attractive but short of buy threshold 30%,Net debt/EBITDA 9.9x,633.9945733692182,,0.45,2026-06-30,Basic Materials | Chemicals | Basic Chemicals | Basic Chemicals,8,8.598946032361429,6.137238035447713,1.0540245818465046
TRUK,Guna Timur Raya Tbk.,Industrials,Cyclical,810.0,,,,,,,,,,False,,,,,,,,,,,,SKIP,No usable intrinsic value - cannot assess margin of safety,,,,,,Industrials | Industrial Services | Business Support Services | Business Support Services,10,13.35995628193082,9.538398395217746,1.4057675482565506
TRUS,Trust Finance Indonesia Tbk.,Financials,Financial,412.0,,,,,,,,,,False,,,,,,,,,,,,SKIP,No usable intrinsic value - cannot assess margin of safety,,,,,,Financials | Financing Service | Consumer Financing | Consumer Financing,10,7.989408923865265,19.754981122137107,0.6942929524188031
TSPC,Tempo Scan Pacific Tbk.,Consumer Non-Cyclicals,Ordinary,2830.0,65.0,93.3,80.8,79.7,6,8.504589649402966,0.1899766795149052,0.3194654826178585,5.263803970852864,False,1341.0050536307363,3492.8771489762644,2824.8863103293666,3934.4764877998755,5126.022456119134,-0.0018102284866951758,0.2807175214351043,0.44791502100781516,3671.1212303266707,0.22911834765310227,0.29721598244758685,WATCH,MOS 23% attractive but short of buy threshold 30%,,3499.2945322601117,,0.45,2026-06-30,Consumer Non-Cyclicals | Food & Beverage | Processed Foods | Processed Foods,21,10.558880519242848,8.175622633576266,1.6206373241502938
TUGU,Asuransi Tugu Pratama Indonesia Tbk.,Financials,Financial,1230.0,75.0,92.6,100.0,89.2,7,,,0.03702177597183033,-2.009525991868034,False,,1398.5301299167888,2001.0848793145747,3238.455756933967,4545.287448359156,0.38533341952925654,0.6201893456884796,0.7293900520100156,1697.9128408936997,0.2755811898138498,0.3804169438160161,WATCH,MOS 28% attractive but short of buy threshold 30%,,1912.242755459331,1483.5829263280684,0.45,2026-06-30,Financials | Insurance | Insurance | General Insurance,7,10.281517474681191,,0.5473303505986757
TYRE,King Tire Indonesia Tbk.,Consumer Cyclicals,Ordinary,113.0,,,,,,,,,,False,,,,,,,,,,,,SKIP,No usable intrinsic value - cannot assess margin of safety,,,,,,Consumer Cyclicals | Automobiles & Components | Auto Components,6,8.136871635052099,5.760391032273006,0.6971616126654374
True,Triniti Dinamik Tbk.,Properties & Real Estate,Cyclical,50.0,20.0,85.0,,52.5,,,,,,False,5.263770047896176,,,,,,,,24.66485699847137,-1.0,-0.5067028600305725,SKIP,Filings 3.4 quarters stale - not screenable,,24.66485699847137,,3.44,2025-09-30,Properties & Real Estate | Real Estate | Real Estate Development | Real Estate Development,35,12.379916854923529,9.504502268830333,0.7706297288148782
UANG,Pakuan Tbk.,Properties & Real Estate,Cyclical,2480.0,65.0,58.7,18.8,47.5,3,2.2078256374785905,0.020118367319891202,0.07236619906552015,49.70582274891121,False,-246.07023836135187,,,,104.5161942019896,,,-22.728380266192183,218.23532498585706,-1.0,-0.9120018850863479,SKIP,MOS -100% below watch threshold 10%,Net debt/EBITDA 8.4x,218.2353249858571,,1.45,2026-03-31,Properties & Real Estate | Real Estate | Real Estate Development | Real Estate Development,35,12.379916854923529,9.504502268830333,0.7706297288148782
UCID,Uni-Charm Indonesia Tbk.,Consumer Non-Cyclicals,Deep Value,440.0,23.3,64.9,60.0,49.4,4,4.715167080574483,-0.9870237625546421,-0.17481366350117172,-1.0131468338834846,False,550.7884145042929,1012.7054099977335,808.527740725122,1106.9029309551297,1432.561603284549,0.45580098512712836,0.6024945027290417,0.6928578854890591,550.7884145042929,0.20114514319260318,0.2517918511461201,WATCH,MOS 20% attractive but short of buy threshold 30%,Interest coverage -41.9x,699.1079401538923,,0.45,2026-06-30,Consumer Non-Cyclicals | Nondurable Household Products,5,20.04253248318959,11.769716166437789,0.6112213240621107
UDNG,Agro Bahari Nusantara Tbk.,Consumer Non-Cyclicals,Ordinary,1400.0,60.0,88.9,,74.5,7,,,,,False,2.4024614498720234,,,,,,,,36.85867906039089,-1.0,-0.9736723720997208,SKIP,MOS -100% below watch threshold 10%,,36.85867906039089,,2.43,2025-12-31,"Consumer Non-Cyclicals | Food & Beverage | Agricultural Products | Fish, Meat & Poultry",9,8.671024281367984,16.396383712344086,1.245367442390432
UFOE,Damai Sejahtera Abadi Tbk.,Industrials,Cyclical,139.0,,,,,,,,,,False,,,,,,,,,,,,SKIP,No usable intrinsic value - cannot assess margin of safety,,,,,,Industrials | Industrial Services | Business Support Services | Business Support Services,10,13.35995628193082,9.538398395217746,1.4057675482565506
ULTJ,Ultrajaya Milk Industry & Trading Tbk.,Consumer Non-Cyclicals,Ordinary,1505.0,75.0,95.6,83.8,84.8,7,15.11961412423339,0.16237072792248436,0.37678842423189934,6.15874556205352,False,381.4276066616426,1187.0725162958086,1117.7675670672984,1635.014640282062,2190.4010441852,-0.3464337706171673,0.07951894562829886,0.3129112113988058,1496.1056853865223,-0.005944977484113933,-0.005909843596995201,SKIP,MOS -1% below watch threshold 10%,,1706.4977942806581,,0.45,2026-06-30,Consumer Non-Cyclicals | Food & Beverage | Processed Foods | Processed Foods,21,10.558880519242848,8.175622633576266,1.6206373241502938
UNIC,Unggul Indah Cahaya Tbk.,Basic Materials,Cyclical,15325.0,48.3,97.8,96.2,80.8,8,14.195251945791517,0.20038753879619864,0.38913000028501116,4.990330267078314,False,11805.795070120783,18588.801399669865,12639.671667850156,15781.735654361944,19187.208353769383,-0.2124523803082761,0.028940774599510312,0.20129079137302647,18583.672002041443,0.17535135153501813,0.21263765103043686,WATCH,MOS 18% attractive but short of buy threshold 30%,,20443.080571113744,,0.45,2026-06-30,Basic Materials | Chemicals | Basic Chemicals | Basic Chemicals,8,8.598946032361429,6.137238035447713,1.0540245818465046
UNIQ,Ulima Nitra Tbk.,Industrials,Cyclical,115.0,51.7,75.3,68.5,65.2,6,6.343754481030315,0.10341615156569396,0.09805855251957572,9.669669436159216,False,43.83989814043126,105.1941359066831,94.56403597961379,172.51161208180895,255.41726863179798,-0.21610714695798108,0.33337820792339257,0.549756362927126,123.69892688869811,0.07032338200092259,0.0756428425104183,SKIP,MOS 7% below watch threshold 10%,,121.99845506331587,,0.45,2026-06-30,Industrials | Industrial Services | Business Support Services | Business Support Services,10,13.35995628193082,9.538398395217746,1.4057675482565506
UNIT,Nusantara Inti Corpora Tbk.,Financials,Financial,316.0,,,,,,,,,,False,,,,,,,,,,,,SKIP,No usable intrinsic value - cannot assess margin of safety,,,,,,Financials | Holding & Investment Companies | Investment Companies | Investment Companies,13,14.566398170997925,15.07996983497698,0.7997799244128763
UNSP,Bakrie Sumatera Plantations Tbk.,Consumer Non-Cyclicals,Ordinary,206.0,40.0,49.8,36.8,42.2,8,-25.252289276015794,0.06900207641189376,0.13860359894131388,14.49231750695015,False,-439.7649620330357,,,,,,,,114.4176474064699,-0.8004215666852756,-0.4445745271530588,SKIP,MOS -80% below watch threshold 10%,Net debt/EBITDA 11.7x,114.4176474064699,,1.45,2026-03-31,Consumer Non-Cyclicals | Food & Beverage | Agricultural Products | Plantations & Crops,26,8.531657563897525,6.89544177076508,1.5596099814498379
UNTD,Terang Dunia Internusa Tbk.,Consumer Cyclicals,Ordinary,81.0,30.0,55.6,20.0,35.2,2,3.201895157518183,-0.002298473245411357,-0.004961474516647977,-435.07141185845313,False,51.49773180062975,4.3208885218625,,,,,,,100.82371988290298,0.19661762039653283,0.24473728250497495,WATCH,MOS 20% attractive but short of buy threshold 30%,Interest coverage -0.0x,235.92768378835964,,1.45,2026-03-31,Consumer Cyclicals | Retailing | Specialty Retail | Specialty Stores,6,10.582498513763287,10.050352905588877,2.8584492925773355
UNTR,United Tractors Tbk.,Industrials,Cyclical,23700.0,51.7,82.1,75.8,69.9,5,3.8202071545572736,0.15042786257086904,0.12818586407078053,6.6477046400156325,False,-3558.7025899200935,48516.75628910664,18878.674738758706,31462.490194834776,45032.664420834466,-0.2553847305469442,0.24672205368248795,0.47371535073915944,41983.7200823346,0.4354954741142103,0.7714649823769872,BUY,"MOS 44%, quality and balance sheet both pass",,38109.47966271442,,0.45,2026-06-30,Industrials | Industrial Goods | Machinery,4,14.416005681359687,9.823816834611925,1.0469873784900932
UNVR,Unilever Indonesia Tbk.,Consumer Non-Cyclicals,Ordinary,1815.0,73.3,62.3,48.0,61.2,6,0.4756397441988582,0.06032349074246122,0.42728519805082793,16.57729000248502,False,-172.9357797482037,966.0967380415904,477.43498127807527,730.4279276326379,1006.5545953861587,-2.8015647599623184,-1.4848447483142209,-0.8031808789305522,1333.4444115617887,-0.36113660551788,-0.26531988343703106,SKIP,MOS -36% below watch threshold 10%,,2812.557528776708,,0.45,2026-06-30,Consumer Non-Cyclicals | Nondurable Household Products,5,20.04253248318959,11.769716166437789,0.6112213240621107
URBN,Urban Jakarta Propertindo Tbk.,Properties & Real Estate,Cyclical,208.0,30.0,26.8,20.0,25.6,2,0.08195261115761276,-0.07626930350117099,-0.10331015895830135,-13.111434798727991,False,1.2066800501187094,,,,,,,,212.96420876207395,0.02331006130527793,0.023866388279201622,SKIP,MOS 2% below watch threshold 10%,Interest coverage -3091.6x,212.96420876207395,,0.45,2026-06-30,Properties & Real Estate | Real Estate | Real Estate Development | Real Estate Development,35,12.379916854923529,9.504502268830333,0.7706297288148782
UVCR,Trimegah Karya Pratama Tbk.,Industrials,Cyclical,156.0,,,,,,,,,,False,,,,,,,,,,,,SKIP,No usable intrinsic value - cannot assess margin of safety,,,,,,Industrials | Industrial Services | Business Support Services | Business Support Services,10,13.35995628193082,9.538398395217746,1.4057675482565506
VAST,Vastland Indonesia Tbk.,Properties & Real Estate,Cyclical,116.0,,,,,,,,,,False,,,,,,,,,,,,SKIP,No usable intrinsic value - cannot assess margin of safety,,,,,,Properties & Real Estate | Real Estate | Real Estate Development | Real Estate Development,35,12.379916854923529,9.504502268830333,0.7706297288148782
VERN,Verona Indah Pictures Tbk.,Consumer Cyclicals,Ordinary,200.0,,,,,,,,,,False,,,,,,,,,,,,SKIP,No usable intrinsic value - cannot assess margin of safety,,,,,,Consumer Cyclicals | Media & Entertainment,10,12.548556815186648,8.243461215824126,2.8142590489474553
VICI,Victoria Care Indonesia Tbk.,Consumer Non-Cyclicals,Ordinary,590.0,78.3,90.3,25.0,64.5,6,10.421409872596154,0.042156873039931764,0.14541917354561873,23.720924439836455,False,74.75909989756411,197.97228140433666,234.19558492769184,374.5123448860053,523.7490264562219,-1.5192618391254609,-0.575381981546123,-0.12649374069875374,291.88819236812856,-1.0,-0.5052742502235109,SKIP,MOS -100% below watch threshold 10%,,291.17182368883454,,1.45,2026-03-31,Consumer Non-Cyclicals | Nondurable Household Products | Personal Care Products | Personal Care Products,4,31.671915126739798,11.719520008819957,0.7935798409148047
VICO,Victoria Investama Tbk.,Financials,Financial,143.0,57.5,46.9,100.0,68.1,5,0.8172328218239954,0.26525275613110266,0.44099530507600626,3.7699891024157512,False,11.917417257514174,561.7099162211773,573.1577793136768,955.7448721514749,1366.4661438861515,0.7505050002614738,0.850378480526824,0.8953504990666536,350.96359388112387,0.5925503314499451,1.4542908663015655,WATCH,"Cheap and sound, but flagged: Interest coverage 1.4x",Interest coverage 1.4x,460.377172014496,241.55001574775173,1.45,2026-03-31,Financials | Holding & Investment Companies | Investment Companies | Investment Companies,13,14.566398170997925,15.07996983497698,0.7997799244128763
VINS,Victoria Insurance Tbk.,Financials,Financial,142.0,,,,,,,,,,False,,,,,,,,,,,,SKIP,No usable intrinsic value - cannot assess margin of safety,,,,,,Financials | Insurance | Insurance | General Insurance,7,10.281517474681191,,0.5473303505986757
VISI,Satu Visi Putra Tbk.,Consumer Cyclicals,Ordinary,985.0,31.7,51.9,18.3,34.0,4,4.2456723107305745,0.001646702503546705,0.023989255010469068,607.2742331090026,False,19.73502833450469,2.776151353379419,,,,,,,51.42417464111412,-1.0,-0.9477927161003917,SKIP,MOS -100% below watch threshold 10%,Net debt/EBITDA 7.4x; Interest coverage 0.6x; Normalised EBIT 4.9x trailing - valuation assumes cycle recovery,119.5314072439427,,1.45,2026-03-31,Consumer Cyclicals | Media & Entertainment | Media,7,9.009775676765488,6.269351454515765,2.0515302456242384
VIVA,Visi Media Asia Tbk.,Consumer Cyclicals,Ordinary,55.0,73.3,59.1,96.2,76.2,5,0.5030510193459838,0.28096345940053413,0.33048240570386256,3.559181689083726,False,-205.35912482729825,,,,5.503637874047116,,,-8.99339005557711,471.7945055787914,0.88342382255485,7.578081919614389,WATCH,"Cheap and sound, but flagged: Trailing EBIT 6.7x mid-cycle - possible peak earnings",Trailing EBIT 6.7x mid-cycle - possible peak earnings,471.7945055787914,,1.45,2026-03-31,Consumer Cyclicals | Media & Entertainment | Media | Broadcasting,5,2.9402451161671346,9.771295333376617,2.0515302456242384
VKTR,VKTR Teknologi Mobilitas Tbk.,Industrials,Cyclical,860.0,31.7,54.9,18.3,35.0,4,3.151725547184039,0.0007330809360715734,0.019668943613906073,1364.1058589775773,False,3.2589714426297434,1.538341595510681,,,,,,,6.271329883892148,-1.0,-0.9927077559489627,SKIP,MOS -100% below watch threshold 10%,Interest coverage 1.4x,14.159643697861261,,0.45,2026-06-30,Industrials | Industrial Goods | Machinery,4,14.416005681359687,9.823816834611925,1.0469873784900932
VOKS,Voksel Electric Tbk.,Industrials,Cyclical,248.0,,,,,,,,,,False,,,,,,,,,,,,SKIP,No usable intrinsic value - cannot assess margin of safety,,,,,,Industrials | Industrial Goods | Electrical | Electrical Components & Equipment,4,5.656365418223455,5.239147841190394,0.49398117075842296
VRNA,Mizuho Leasing Indonesia Tbk.,Financials,Financial,75.0,,,,,,,,,,False,,,,,,,,,,,,SKIP,No usable intrinsic value - cannot assess margin of safety,,,,,,Financials | Financing Service | Consumer Financing | Consumer Financing,10,7.989408923865265,19.754981122137107,0.6942929524188031
VTNY,Venteny Fortuna International Tbk.,Technology,Ordinary,69.0,70.0,59.4,20.0,49.8,3,1.8819842624037095,-0.014894281280588133,-0.041195279494616925,-67.13986268698376,False,36.56465445588599,,,,,,,,138.0542460673778,0.5001964664938713,1.0007861748895333,WATCH,Cheap but F-Score 3/9 shows deteriorating fundamentals,,138.0542460673778,,1.45,2026-03-31,Technology | Software & IT Services | Online Applications & Services | Online Applications & Services,4,21.198769120872733,15.304424115402707,2.0753128335742566
WAPO,Wahana Pronatural Tbk.,Consumer Non-Cyclicals,Ordinary,128.0,,,,,,,,,,False,,,,,,,,,,,,SKIP,No usable intrinsic value - cannot assess margin of safety,,,,,,Consumer Non-Cyclicals | Food & Beverage | Agricultural Products | Plantations & Crops,26,8.531657563897525,6.89544177076508,1.5596099814498379
WEGE,Wijaya Karya Bangunan Gedung Tbk.,Infrastructures,Deep Value,50.0,16.7,54.9,20.0,30.5,4,2.308657643599556,-1.3249316264882118,-0.3035670614407744,-0.7547559285383978,True,97.04592325049775,62.11095628807647,40.599916099401874,68.26242575614482,98.45440036760716,-0.23152963857323366,0.2675326221395067,0.4921506828205651,62.11095628807647,0.19498904882263793,0.24221912576152937,DEEP VALUE,Trades below 2/3 NCAV - Graham net-net,Interest coverage -48.4x,181.69105449996002,,1.45,2026-03-31,Infrastructures | Heavy Constructions & Civil Engineering | Heavy Constructions & Civil Engineering | Heavy Constructions & Civil Engineering,7,9.058166174021757,7.094076259920247,0.8993139336443662
WEHA,WEHA Transportasi Indonesia Tbk.,Transportation & Logistic,Cyclical,111.0,76.7,64.9,89.5,77.0,4,2.7266486626159505,0.16917683379705992,0.11373701101094796,5.910974792208097,False,-72.46233688119473,113.20016428790542,,,,,,,112.3751026799409,0.012236720119912756,0.012388312431899973,SKIP,MOS 1% below watch threshold 10%,,111.0,,1.45,2026-03-31,Transportation & Logistic | Transportation | Passenger Land Transportation | Road Transportation,5,6.625536398518111,5.910974792208097,1.2412717730358216
WGSH,Wira Global Solusi Tbk.,Industrials,Cyclical,171.0,,,,,,,,,,False,,,,,,,,,,,,SKIP,No usable intrinsic value - cannot assess margin of safety,,,,,,Industrials | Industrial Services | Business Support Services | Business Support Services,10,13.35995628193082,9.538398395217746,1.4057675482565506
WICO,Wicaksana Overseas International Tbk.,Consumer Non-Cyclicals,Ordinary,123.0,,,,,,,,,,False,,,,,,,,,,,,SKIP,No usable intrinsic value - cannot assess margin of safety,,,,,,Consumer Non-Cyclicals | Food & Beverage | Processed Foods | Processed Foods,21,10.558880519242848,8.175622633576266,1.6206373241502938
WIDI,Widiant Jaya Krenindo Tbk.,Industrials,Cyclical,26.0,,,,,,,,,,False,,,,,,,,,,,,SKIP,No usable intrinsic value - cannot assess margin of safety,,,,,,Industrials | Industrial Services | Business Support Services | Business Support Services,10,13.35995628193082,9.538398395217746,1.4057675482565506
WIFI,Solusi Sinergi Digital Tbk.,Infrastructures,Cyclical,2020.0,76.7,75.9,37.5,63.4,4,3.5947134077604312,0.09920500488225097,0.20084510388318091,10.080136593783008,False,371.1233564315257,,,,,,,,2634.9234218839533,0.23337430483815996,0.3044175355861156,WATCH,MOS 23% attractive but short of buy threshold 30%,Trailing EBIT 5.5x mid-cycle - possible peak earnings,2634.9234218839533,,0.45,2026-06-30,Infrastructures | Telecommunication | Telecommunication Service | Wired Telecommunication Service,5,27.330200244220453,13.219713383808653,1.4052395821892443
WIIM,Wismilak Inti Makmur Tbk.,Consumer Non-Cyclicals,Compounder,1830.0,86.7,95.6,89.5,90.6,7,8.210483927096348,0.18023980098429268,0.3164256906592236,5.548164137659843,False,715.1633925611353,1500.2958582742208,701.6825811307183,1114.7452081790552,1550.995439482906,-1.6080168572106601,-0.6416307390899836,-0.1798874151494041,1609.8162097355726,-0.13677573187102812,-0.12031901107345766,SKIP,MOS -14% below watch threshold 10%,,2555.2583042718934,,0.45,2026-06-30,Consumer Non-Cyclicals,74,10.400800028755185,8.408434211442884,1.6206373241502938
WIKA,Wijaya Karya (Persero) Tbk.,Infrastructures,Cyclical,204.0,16.7,31.8,20.0,22.8,2,-2.0293577731822956,-0.19635935407630303,-0.2592490387899761,-5.092703653992523,False,-729.4296413070582,,,,,,,,,,,SKIP,No usable intrinsic value - cannot assess margin of safety,Interest coverage -3.8x,,,1.45,2026-03-31,Infrastructures | Heavy Constructions & Civil Engineering | Heavy Constructions & Civil Engineering | Heavy Constructions & Civil Engineering,7,9.058166174021757,7.094076259920247,0.8993139336443662
WINE,Hatten Bali Tbk.,Consumer Non-Cyclicals,Ordinary,138.0,78.3,86.6,68.5,77.8,7,7.138383874526944,0.10603483240030548,0.1295924717142695,9.430863211296208,False,49.253838354878056,111.54516792868368,140.99356092782773,239.23800869040997,343.0455735174912,0.021231898167038167,0.4231685811321843,0.5977210882362146,169.99756197951825,0.18822365219198497,0.23186639115592933,WATCH,MOS 19% attractive but short of buy threshold 30%,,141.0461989132599,,0.45,2026-06-30,Consumer Non-Cyclicals | Food & Beverage | Beverages,5,12.186474887692365,9.430863211296208,4.800185240922143
WINR,Winner Nusantara Jaya Tbk.,Properties & Real Estate,Cyclical,22.0,,,,,,,,,,False,,,,,,,,,,,,SKIP,No usable intrinsic value - cannot assess margin of safety,,,,,,Properties & Real Estate | Real Estate | Real Estate Development | Real Estate Development,35,12.379916854923529,9.504502268830333,0.7706297288148782
WINS,Wintermar Offshore Marine Tbk.,Energy,Cyclical,500.0,76.7,90.3,86.2,84.4,6,3.8540471567969368,0.31841014589074845,0.13018301453450815,3.1406034415219786,False,-98.34684440393147,375.6972084821829,,,,,,,452.54683840000195,-0.10485801153261985,-0.09490632319999615,SKIP,MOS -10% below watch threshold 10%,Trailing EBIT 2.0x mid-cycle - possible peak earnings,580.6295549297006,,0.45,2026-06-30,"Energy | Oil, Gas & Coal | Oil, Gas & Coal Supports | Oil, Gas & Coal Equipment & Services",5,5.883864877834612,5.501228771270055,0.83296932786881
WIRG,WIR ASIA Tbk.,Technology,Ordinary,62.0,56.7,82.1,59.8,66.2,5,4.412173853691167,0.12715187022408836,0.1162083498410825,7.864611021746139,False,23.241215379348237,62.00167584478543,33.67574775473154,57.14400857827982,81.92967918162395,-0.8410875521327904,-0.08497813756044263,0.24325347518380117,79.33048921654466,0.2184593765612418,0.27952401962168816,WATCH,MOS 22% attractive but short of buy threshold 30%,,139.08919695823135,,0.45,2026-06-30,Technology | Software & IT Services | Online Applications & Services | Online Applications & Services,4,21.198769120872733,15.304424115402707,2.0753128335742566
WMPP,Widodo Makmur Perkasa Tbk.,Consumer Non-Cyclicals,Ordinary,37.0,23.3,39.6,28.3,30.4,7,-0.3823065970188684,0.060706781533239794,0.05478402913932126,16.472624223250136,False,-76.95333917639766,,,,,,,,24.853173108351278,-0.4887435032417285,-0.3282926186932087,SKIP,MOS -49% below watch threshold 10%,Net debt/EBITDA 8.6x; Interest coverage 0.6x; Trailing EBIT -0.5x mid-cycle - possible peak earnings,24.853173108351278,,1.45,2026-03-31,"Consumer Non-Cyclicals | Food & Beverage | Agricultural Products | Fish, Meat & Poultry",9,8.671024281367984,16.396383712344086,1.245367442390432
WMUU,Widodo Makmur Unggas Tbk.,Consumer Non-Cyclicals,Ordinary,59.0,16.7,40.7,20.0,25.8,7,0.29869864372916904,-0.02005374042277054,-0.018531310733778145,-49.866008979777355,False,-86.256778111548,,,,,,,,73.21858493961776,0.1941936593194693,0.24099296507826695,WATCH,MOS 19% attractive but short of buy threshold 30%,Interest coverage -1.2x,73.21858493961776,,0.45,2026-06-30,"Consumer Non-Cyclicals | Food & Beverage | Agricultural Products | Fish, Meat & Poultry",9,8.671024281367984,16.396383712344086,1.245367442390432
WOMF,Wahana Ottomitra Multiartha Tbk.,Financials,Financial,262.0,38.3,66.7,100.0,68.3,3,,,,,False,,,,,,,,,279.4265545644569,0.06236542046485077,0.06651356703991196,SKIP,MOS 6% below watch threshold 10%,Earnings materially exceed cash generation,383.9938380479269,174.85927108098699,0.45,2026-06-30,Financials | Financing Service | Consumer Financing | Consumer Financing,10,7.989408923865265,19.754981122137107,0.6942929524188031
WOOD,Integra Indocabinet Tbk.,Consumer Cyclicals,Deep Value,214.0,30.0,49.7,26.2,35.3,3,4.2477720282189075,0.07656600263122522,0.06463818766828168,13.060626983707508,False,301.4069458905415,,,,111.70010769035348,,,-0.915844169042652,301.4069458905415,0.2899964552319378,0.4084436723857081,WATCH,MOS 29% attractive but short of buy threshold 30%,Net debt/EBITDA 8.3x; Interest coverage 1.3x,488.6036715580311,,1.45,2026-03-31,Consumer Cyclicals,49,11.174937874788398,8.450289443602555,1.219026001317649
WOWS,Ginting Jaya Energi Tbk.,Energy,Cyclical,61.0,,,,,,,,,,False,,,,,,,,,,,,SKIP,No usable intrinsic value - cannot assess margin of safety,,,,,,"Energy | Oil, Gas & Coal | Coal | Coal Production",26,15.378032536083092,8.15902719908333,1.327597648369335
WSBP,Waskita Beton Precast Tbk.,Basic Materials,Cyclical,14.0,23.3,20.6,20.0,21.3,2,-16.066216576411758,-0.11601991633249589,-0.2460298970674281,-8.61920980130815,False,-78.04713164441735,,,,,,,,,,,SKIP,No usable intrinsic value - cannot assess margin of safety,Interest coverage -3.6x,,,0.45,2026-06-30,Basic Materials | Construction Materials | Construction Materials | Construction Materials,10,12.68567498355167,10.901767958955283,0.5102438604959392
WSKT,Waskita Karya (Persero) Tbk.,Infrastructures,Cyclical,202.0,,,,,,,,,,False,,,,,,,,,,,,SKIP,No usable intrinsic value - cannot assess margin of safety,,,,,,Infrastructures | Heavy Constructions & Civil Engineering | Heavy Constructions & Civil Engineering | Heavy Constructions & Civil Engineering,7,9.058166174021757,7.094076259920247,0.8993139336443662
WTON,Wijaya Karya Beton Tbk.,Basic Materials,Cyclical,74.0,16.7,75.3,49.2,47.1,6,2.9941825182624573,0.03436645999461195,0.008073772819766721,29.098138131095904,False,70.35312895704524,106.10502562154889,59.826775033005724,82.23402182129986,106.69019136411073,-0.23690437866950168,0.10012913924109115,0.30640296869040307,87.1478269071998,0.1508680981936634,0.17767333658378104,WATCH,MOS 15% attractive but short of buy threshold 30%,Normalised EBIT 4.1x trailing - valuation assumes cycle recovery,58.82836577388462,,0.45,2026-06-30,Basic Materials | Construction Materials | Construction Materials | Construction Materials,10,12.68567498355167,10.901767958955283,0.5102438604959392
YELO,Yelooo Integra Datanet Tbk.,Technology,Ordinary,93.0,,,,,,,,,,False,,,,,,,,,,,,SKIP,No usable intrinsic value - cannot assess margin of safety,,,,,,Technology | Software & IT Services | Online Applications & Services | Online Applications & Services,4,21.198769120872733,15.304424115402707,2.0753128335742566
YOII,Asuransi Digital Bersama Tbk.,Financials,Financial,84.0,,,,,,,,,,False,,,,,,,,,,,,SKIP,No usable intrinsic value - cannot assess margin of safety,,,,,,Financials | Insurance | Insurance | General Insurance,7,10.281517474681191,,0.5473303505986757
YPAS,Yanaprima Hastapersada Tbk.,Basic Materials,Cyclical,620.0,23.3,74.8,35.0,44.4,8,3.45147808173331,0.022471857580262603,0.06299873638024231,44.500104026928156,False,41.44054722008825,,,,,,,,181.9985466010828,-1.0,-0.7064539570950277,SKIP,MOS -100% below watch threshold 10%,Net debt/EBITDA 4.8x,181.9985466010828,,1.45,2026-03-31,Basic Materials | Containers & Packaging | Containers & Packaging | Containers & Packaging,9,19.006084751788784,13.236591015696982,0.9401486583379153
YULE,Yulie Sekuritas Indonesia Tbk.,Financials,Financial,3470.0,52.5,88.9,17.5,53.0,6,16.58477241210519,0.022040137543686104,0.19847136716410974,45.37176766786887,False,390.68655011258255,255.78537387452025,185.82753650889984,262.87533090935915,346.8603569418463,-17.673228226505664,-12.200173587975339,-9.004025915771548,918.935963421187,-1.0,-0.7351769557864014,SKIP,MOS -100% below watch threshold 10%,Trailing EBIT 2.4x mid-cycle - possible peak earnings,1287.7909961608837,550.0809306814904,1.45,2026-03-31,Financials | Investment Service | Investment Services | Investment Banking & Brokerage Services,4,19.145500860475803,10.882301928835526,2.9574084099589757
YUPI,Yupi Indo Jelly Gum Tbk.,Consumer Non-Cyclicals,Ordinary,1310.0,75.0,91.1,43.2,69.8,5,6.3334994750309885,0.0743848502586787,0.4867722152118964,13.443597675096845,False,52.4488188936333,590.8779037642968,439.33638869583046,685.6990761366903,951.9604005784696,-1.981769854959507,-0.9104590418594333,-0.3761076607850112,669.4199307565431,-0.9569181313730937,-0.4889924192698144,SKIP,MOS -96% below watch threshold 10%,,753.3321359374521,,0.45,2026-06-30,Consumer Non-Cyclicals | Food & Beverage | Processed Foods | Processed Foods,21,10.558880519242848,8.175622633576266,1.6206373241502938
ZATA,Bersama Zatta Jaya Tbk.,Consumer Cyclicals,Ordinary,74.0,,,,,,,,,,False,,,,,,,,,,,,SKIP,No usable intrinsic value - cannot assess margin of safety,,,,,,Consumer Cyclicals,49,11.174937874788398,8.450289443602555,1.219026001317649
ZBRA,Dosni Roha Indonesia Tbk.,Industrials,Cyclical,50.0,30.0,44.4,,37.2,4,,,,,False,,285.4394066645702,178.3450364503595,279.4846748951114,389.87254042242057,0.7196445665370845,0.8210993142333667,0.8717529581698014,283.73805473043916,0.823781127816987,4.674761094608783,WATCH,Cheap but business economics poor - value trap risk,,,,,,Industrials | Industrial Services | Business Support Services | Business Support Services,10,13.35995628193082,9.538398395217746,1.4057675482565506
ZINC,Kapuas Prima Coal Tbk.,Basic Materials,Cyclical,30.0,35.0,26.1,20.0,27.0,4,-5.479230099387679,-0.05447626518136336,-0.058211670537590715,-18.356618183548047,False,-71.17177523024668,,,,,,,,25.819081479824185,-0.16193134226881434,-0.13936395067252716,SKIP,MOS -16% below watch threshold 10%,Interest coverage -1.3x,25.819081479824185,,0.45,2026-06-30,Basic Materials | Metals & Minerals | Diversified Metals & Minerals | Diversified Metals & Minerals,9,12.449518149274448,9.956241790640217,2.128841754446317
ZONE,Mega Perintis Tbk.,Consumer Cyclicals,Ordinary,715.0,,,,,,,,,,False,,,,,,,,,,,,SKIP,No usable intrinsic value - cannot assess margin of safety,,,,,,Consumer Cyclicals,49,11.174937874788398,8.450289443602555,1.219026001317649
ZYRX,Zyrexindo Mandiri Buana Tbk.,Technology,Ordinary,128.0,,,,,,,,,,False,,,,,,,,,,,,SKIP,No usable intrinsic value - cannot assess margin of safety,,,,,,Technology,10,8.51203282106588,7.224281818542886,2.0753128335742566
